id,brand,model,type,resolution_label,megapixels,sensor,field_of_view_deg,night_vision_type,ip_rating,ik_rating,two_way_audio,release_year,community_notes_count
3xlogic-va-2mb-od-riwh,3xLOGIC,VA-2MB-OD-RIWH-02,bullet,2MP (1920x1080),2,"Panasonic 1/3"" CMOS","86 horizontal, 46.8 vertical, 99.8 diagonal",ir,IP66,IK09,,,0
3xlogic-va-2md-od-riwh,3xLOGIC,VA-2MD-OD-RIWH-02,dome,2MP (1920x1080),2,"Panasonic 1/3"" CMOS","86 horizontal, 46.8 vertical, 99.8 diagonal",ir,IP66,IK10,,,0
3xlogic-vx-10m28-dual-od-iaw,3xLOGIC,VX-10M28-DUAL-OD-IAW,dual-lens,"10MP (2x 5MP, 2592x1944 per sensor)",10,"2x 1/2.8"" 5.69M CMOS","2.8mm: 102.4 horizontal, 77.4 vertical, 125.5 diagonal; 4mm: 82.3 horizontal, 58.8 vertical, 106.6 diagonal",ir,IP67,IK10,true,,0
3xlogic-vx-12m-360-iaw,3xLOGIC,VX-12M-360-IAW,fisheye,12MP (4000x3000),12,"1/2.3"" 12.93M CMOS",360 panoramic,ir,IP67,IK10,true,,0
3xlogic-vx-20m-surround-od-raw,3xLOGIC,VX-20M-SURROUND-OD-RAW,panoramic,"20MP (4x 5MP, 2592x1944 per sensor)",20,"4x 1/2.8"" 5M CMOS (Sony Starvis Exmor)",51 to 93 horizontal (per sensor),none,IP67,IK10,true,,0
3xlogic-vx-20m-surround-od-riaw,3xLOGIC,VX-20M-SURROUND-OD-RIAW,panoramic,"20MP (4x 5MP, 2592x1944 per sensor)",20,"4x 1/2.8"" 5.69M CMOS",51 to 93 horizontal (per sensor),ir,IP67,IK10,true,,0
3xlogic-vx-2m-id-riaw,3xLOGIC,VX-2M-ID-RIAW,dome,2MP (1920x1080),2,"1/2.8"" 2.1M CMOS (Sony Starvis)",35 to 96 horizontal,ir,,,true,,0
3xlogic-vx-2m-od-riaw,3xLOGIC,VX-2M-OD-RIAW,dome,2MP (1920x1080),2,"1/2.8"" 2.1M CMOS (Sony Starvis)",35 to 96 horizontal,ir,IP67,IK10,true,,0
3xlogic-vx-2m-od-riawh,3xLOGIC,VX-2M-OD-RIAWH,dome,2MP (1920x1080),2,"1/2.8"" 2.1M CMOS (Sony Starvis)","35 to 96 horizontal, 20 to 51 vertical, 41 to 113 diagonal",ir,IP68,IK10,,,0
3xlogic-vx-2s-op-30x,3xLOGIC,VX-2S-OP-30X-IAW,ptz,2MP (1920x1080),2,"1/2.8"" 2.4M CMOS","2.11-58.9 horizontal, 1.61-45.3 vertical, 2.58-71.3 diagonal",ir,IP66,IK10,true,,0
3xlogic-vx-5m-b-riaw,3xLOGIC,VX-5M-B-RIAW,bullet,5MP (2592x1944),5,"1/2.8"" 5.14M CMOS (Sony Starvis)",31.6 to 98.3 horizontal,ir,IP67,IK10,true,,0
3xlogic-vx-5m-ob-cl-riaw,3xLOGIC,VX-5M-OB-CL-RIAW,bullet,5MP,5,"1/2.8"" 5.17M (STV2) CMOS",31.6 to 98.3 horizontal,hybrid,IP66,IK10,true,,0
3xlogic-vx-5m-od-riaw,3xLOGIC,VX-5M-OD-RIAW,dome,5MP (2592x1944),5,"1/2.8"" 5.14M CMOS (Sony Starvis)",31.6 to 98.3 horizontal,ir,IP67,IK10,true,,0
3xlogic-vx-5m-ot-cl-raw,3xLOGIC,VX-5M-OT-CL-RAW,turret,5MP,5,"1/2.8"" 5.17M (STV2) CMOS",31.5 to 89.9 horizontal,color,IP67,IK10,true,,0
3xlogic-vx-5m-ot-riw,3xLOGIC,VX-5M-OT-RIW,turret,5MP,5,"1/2.8"" 5.69M CMOS",31 to 85 horizontal,ir,IP67,IK10,,,0
3xlogic-vx-5m20-b-rial,3xLOGIC,VX-5M20-B-RIAL,bullet,5MP (2592x1944),5,"1/2.8"" 5.14M CMOS (Sony Starvis)",6.9 to 40.8 horizontal,ir,IP67,IK09,true,,0
3xlogic-vx-5m20-b-riaw,3xLOGIC,VX-5M20-B-RIAW,bullet,5MP (2592x1944),5,"1/2.8"" 5.14M CMOS (Sony Starvis)",6.7 to 44.8 horizontal,ir,IP67,IK09,true,,0
3xlogic-vx-5m28-md-iaw,3xLOGIC,VX-5M28-MD-IAW,dome,5MP (2592x1944),5,"1/2.8"" 5.14M CMOS (Sony Starvis)","102.4 horizontal, 77.4 vertical, 125.5 diagonal",ir,IP67,IK10,,,0
3xlogic-vx-5m28-ot-iw,3xLOGIC,VX-5M28-OT-IW,turret,5MP,5,"1/2.8"" CMOS",103 horizontal,ir,IP67,IK10,,,0
3xlogic-vx-5m4-mb-iw,3xLOGIC,VX-5M4-MB-IW,bullet,5MP,5,"1/2.8"" 5.14M CMOS (Sony Starvis)",81 horizontal,ir,IP67,,,,0
3xlogic-vx-5m4-md-iaw,3xLOGIC,VX-5M4-MD-IAW,dome,5MP (2592x1944),5,"1/2.8"" 5.14M CMOS (Sony Starvis)","82.3 horizontal, 58.8 vertical, 106.6 diagonal",ir,IP67,IK10,,,0
3xlogic-vx-5m4-ot-iw,3xLOGIC,VX-5M4-OT-IW,turret,5MP,5,"1/2.8"" CMOS",82 horizontal,ir,IP67,IK10,,,0
3xlogic-vx-5m622-mb-riaw,3xLOGIC,VX-5M622-MB-RIAW,bullet,5MP,5,"1/2.8"" 5.17M (STV2) CMOS",16.5 to 39.2 horizontal,ir,IP67,IK10,true,,0
3xlogic-vx-5m650-b-riaw,3xLOGIC,VX-5M650-B-RIAW,bullet,5MP,5,"1/2.8"" 5.14M CMOS",6.9 to 40.8 horizontal,ir,IP67,IK10,,,0
3xlogic-vx-6m-360-iaw,3xLOGIC,VX-6M-360-IAW,fisheye,6MP (2592x1944),6,"1/1.8"" 6.4M CMOS (Sony Starvis)",360 panoramic,ir,IP66,IK09,true,,0
3xlogic-vx-8m-180-iaw,3xLOGIC,VX-8M-180-IAW,panoramic,"8MP (4K, 3840x2160)",8,"1/1.8"" 8M CMOS","180 horizontal, 90 vertical",ir,IP67,,true,,0
3xlogic-vx-8m-od-riaw,3xLOGIC,VX-8M-OD-RIAW,dome,8MP (3840x2160),8,,,ir,IP67,IK10,true,,0
3xlogic-vx-smbk-b-iw,3xLOGIC,VX-SMBK-B-IW,bullet,4MP (2560x1440),4,"1/2.8"" 5.14M CMOS","81.0 horizontal, 43.1 vertical, 95.1 diagonal",ir,IP67,,,,0
3xlogic-vx-smbk-d-iw,3xLOGIC,VX-SMBK-D-IW,dome,4MP (2560x1440),4,"1/2.8"" 5.14M CMOS","81.0 horizontal, 43.1 vertical, 95.1 diagonal",ir,IP67,,,,0
3xlogic-vx-vt,3xLOGIC,VX-VT-56,bullet,Thermal 320x240,1,12 um uncooled Sun-Safe vanadium oxide microbolometer,"56 (VX-VT-56), 35 (VX-VT-35)",none,IP66,,true,,0
3xlogic-vx-vt-56-dual,3xLOGIC,VX-VT-56-DUAL,dual-lens,5MP (2592x1944) visible + 320x240 thermal,5,"SONY Starvis IMX335, 1/2.8"" 5.14M CMOS (visible)","82.3 horizontal, 58.8 vertical (visible)",ir,IP67,IK09,true,,0
abus-hdcc35512,ABUS,HDCC35512,bullet,5MP,5,"1/2.8"" Progressive Scan CMOS","112 horizontal, 60 vertical",hybrid,IP67,,false,,0
abus-hdcc52512,ABUS,HDCC52512,dome,1080p,2,"1/2.8"" Progressive Scan CMOS","105 horizontal, 56 vertical",hybrid,IP67,,true,,0
abus-hdcc75550,ABUS,HDCC75550,dome,5MP,5,"1/2.7\"" Progressive Scan CMOS",92 to 29 horizontal,ir,IP67,,,,0
abus-ipca32500,ABUS,IPCA32500,dome,2MP,2,"1/2.8"" Sony Exmor R STARVIS CMOS",35-96 horizontal,ir,IP24,IK10,true,,0
abus-ipca33500,ABUS,IPCA33500,dome,3MP,3.1,,,ir,,,,,0
abus-ipca34512a,ABUS,IPCA34512A,bullet,4MP,4,"1/1.8"" Progressive Scan CMOS","104 horizontal, 54 vertical",hybrid,IP67,,false,,0
abus-ipca34512b,ABUS,IPCA34512B,bullet,4MP,4,"1/1.8"" Progressive Scan CMOS","89 horizontal, 45 vertical",hybrid,IP67,,false,,0
abus-ipca34612a,ABUS,IPCA34612A,bullet,4MP,4,"1/1.8"" Progressive Scan CMOS","104 horizontal, 54 vertical",hybrid,IP67,,false,,0
abus-ipca52000,ABUS,IPCA52000,box,2MP,2,Sony Exmor CMOS (Sony Xarina DSP),,ir,,,,,0
abus-ipca52010,ABUS,IPCA52010,box,2MP,2,"1/2.8"" Sony Exmor R STARVIS CMOS",,none,IP20,,true,,0
abus-ipca53000,ABUS,IPCA53000,box,3MP,3.1,,,,,,,,0
abus-ipca54512a,ABUS,IPCA54512A,dome,4MP,4,"1/1.8"" Progressive Scan CMOS",110 horizontal / 57 vertical,hybrid,IP67,,false,,0
abus-ipca54512b,ABUS,IPCA54512B,dome,4MP,4,"1/1.8"" Progressive Scan CMOS",95 horizontal,hybrid,IP67,,false,2023,0
abus-ipca54572a,ABUS,IPCA54572A,dome,4MP,4,"1/1.8"" Progressive Scan CMOS",110 horizontal / 57 vertical,hybrid,IP67,,true,,0
abus-ipca54581b,ABUS,IPCA54581B,dual-lens,4MP,4,"1/2.7"" Progressive Scan CMOS","84 horizontal / 43 vertical (optical), 50 horizontal (thermal)",ir,IP66,,true,,0
abus-ipca54612a,ABUS,IPCA54612A,dome,4MP,4,"1/1.8"" Progressive Scan CMOS","110 horizontal, 57 vertical",hybrid,IP67,,false,,0
abus-ipca62510,ABUS,IPCA62510,bullet,2MP,2,"1/2.8"" Sony Exmor R STARVIS CMOS",35 to 90 horizontal,ir,IP67,IK10,true,,0
abus-ipca62515,ABUS,IPCA62515,bullet,2MP,2,"1/2.8"" Sony Exmor R STARVIS CMOS",9 to 70 horizontal,ir,IP67,IK10,true,,0
abus-ipca62520,ABUS,IPCA62520,bullet,2MP,2,,,ir,,,,,0
abus-ipca63500,ABUS,IPCA63500,bullet,3MP,3.1,,,ir,,,,,0
abus-ipca64512a,ABUS,IPCA64512A,bullet,4MP,4,"1/1.8"" Progressive Scan CMOS","104 horizontal, 54 vertical",hybrid,IP67,,,,0
abus-ipca64512b,ABUS,IPCA64512B,bullet,4MP,4,"1/1.8"" Progressive Scan CMOS","89 horizontal, 45 vertical",hybrid,IP67,,false,,0
abus-ipca64581d,ABUS,IPCA64581D,dual-lens,4MP,4,"1/2.7"" Progressive Scan CMOS","39.5 horizontal (visible), 18 horizontal (thermal)",ir,IP67,,true,2022,0
abus-ipca64612a,ABUS,IPCA64612A,bullet,4MP,4,"1/1.8"" Progressive Scan CMOS","104 horizontal, 54 vertical",hybrid,IP67,,false,,0
abus-ipca66500,ABUS,IPCA66500,bullet,6MP,6.3,"1/1.8"" Sony Exmor R STARVIS CMOS",94.5 to 30.5 horizontal,ir,IP67,,,,0
abus-ipca68500,ABUS,IPCA68500,bullet,8MP,8.3,"1/1.8"" Sony Exmor R STARVIS CMOS",48 to 95 horizontal,ir,IP67,IK10,true,,0
abus-ipca72500,ABUS,IPCA72500,dome,2MP,2,Sony Exmor CMOS (Sony Xarina DSP),,ir,,,,,0
abus-ipca72510,ABUS,IPCA72510,dome,2MP,2,"1/2.8"" Sony Exmor R STARVIS CMOS",35 to 90 horizontal,ir,IP66,IK10,true,,0
abus-ipca72515,ABUS,IPCA72515,dome,2MP,2,"1/2.8"" Sony Exmor R STARVIS CMOS",9 to 70 horizontal,ir,IP66,IK10,true,,0
abus-ipca72520,ABUS,IPCA72520,dome,2MP,2,,,ir,,,,,0
abus-ipca73500,ABUS,IPCA73500,dome,3MP,3.1,,,ir,,,,,0
abus-ipca76500,ABUS,IPCA76500,dome,6MP,6.3,,,ir,,,,,0
abus-ipca78500,ABUS,IPCA78500,dome,8MP,8.3,"1/1.8"" Sony Exmor R STARVIS CMOS",48 to 95 horizontal,ir,IP66,IK10,true,,0
abus-ipcb34511a,ABUS,IPCB34511A,bullet,4MP,4,"1/2.7"" Progressive Scan CMOS",103 horizontal,ir,IP67,,false,,0
abus-ipcb34511b,ABUS,IPCB34511B,bullet,4MP,4,"1/2.7"" Progressive Scan CMOS",83 horizontal,ir,IP67,,false,,0
abus-ipcb34611a,ABUS,IPCB34611A,bullet,4MP,4.1,"1/2.7"" Progressive Scan CMOS",103 horizontal,ir,IP67,,false,,0
abus-ipcb38511a,ABUS,IPCB38511A,bullet,4K,8,"1/1.8"" Progressive Scan CMOS","102 horizontal, 55 vertical",ir,IP67,,false,,0
abus-ipcb38511b,ABUS,IPCB38511B,bullet,4K Ultra HD,8,"1/1.8"" Progressive Scan CMOS",78 horizontal / 43 vertical,ir,IP67,,false,,0
abus-ipcb42510a,ABUS,IPCB42510A,dome,2MP (1080p),2,"1/2.8"" Progressive Scan CMOS",108 horizontal,ir,IP66,,,,0
abus-ipcb42510b,ABUS,IPCB42510B,dome,2MP (1080p),2,"1/2.8"" Progressive Scan CMOS",87 horizontal,ir,IP66,,,,0
abus-ipcb42510c,ABUS,IPCB42510C,dome,2MP (1080p),2,"1/2.8"" Progressive Scan CMOS",53 horizontal,ir,IP66,,,,0
abus-ipcb42515a,ABUS,IPCB42515A,dome,2MP (1080p),2,"1/2.8"" Progressive Scan CMOS",108 horizontal / 59 vertical,ir,IP66,IK08,,,0
abus-ipcb44510a,ABUS,IPCB44510A,dome,4MP,4,"1/2.5"" Progressive Scan CMOS",109 horizontal,ir,IP66,IK08,,,0
abus-ipcb44510b,ABUS,IPCB44510B,dome,4MP,4,"1/2.5"" Progressive Scan CMOS",88 horizontal,ir,IP66,IK08,,,0
abus-ipcb44510c,ABUS,IPCB44510C,dome,QHD,4,"1/2.5"" CMOS","53 horizontal, 30 vertical",ir,IP66,IK08,,,0
abus-ipcb44511a,ABUS,IPCB44511A,dome,4MP,4,"1/2.7"" Progressive Scan CMOS",103 horizontal,ir,IP67,IK08,false,,0
abus-ipcb44511b,ABUS,IPCB44511B,dome,4MP,4,"1/2.7"" Progressive Scan CMOS",83 horizontal,ir,IP67,IK08,,,0
abus-ipcb44561a,ABUS,IPCB44561A,dome,4MP,4,"1/2.7"" Progressive Scan CMOS",103 horizontal,ir,IP67,IK08,true,,0
abus-ipcb44611a,ABUS,IPCB44611A,dome,4MP,4,"1/2.7"" Progressive Scan CMOS","103 horizontal, 55 vertical",ir,IP67,IK08,,,0
abus-ipcb44611b,ABUS,IPCB44611B,dome,4MP,4,"1/2.7"" Progressive Scan CMOS",83 horizontal,ir,IP66,,false,,0
abus-ipcb54511a,ABUS,IPCB54511A,dome,4MP,4,"1/2.7"" Progressive Scan CMOS","103 horizontal, 55 vertical",ir,IP67,,false,,0
abus-ipcb54511b,ABUS,IPCB54511B,dome,4MP,4,,83 horizontal,ir,IP67,,false,,0
abus-ipcb54611b,ABUS,IPCB54611B,dome,4MP,4,"1/2.7"" Progressive Scan CMOS",83 horizontal,ir,IP67,,false,,0
abus-ipcb58511a,ABUS,IPCB58511A,dome,4K UHD,8,"1/1.8"" Progressive Scan CMOS",110 horizontal / 59 vertical,ir,IP67,,false,,0
abus-ipcb58511b,ABUS,IPCB58511B,dome,4K,8,"1/1.8"" Progressive Scan CMOS",82 horizontal,ir,IP67,,false,,0
abus-ipcb58611a,ABUS,IPCB58611A,dome,4K,8,"1/1.8"" Progressive Scan CMOS",102 horizontal,ir,IP67,,false,2021,0
abus-ipcb62510a,ABUS,IPCB62510A,bullet,2MP (1080p),2,"1/2.8"" Progressive Scan CMOS",108 horizontal,ir,IP67,,,,0
abus-ipcb62510b,ABUS,IPCB62510B,bullet,2MP (1080p),2,"1/2.8"" Progressive Scan CMOS",87 horizontal / 45 vertical,ir,IP67,,,,0
abus-ipcb62510c,ABUS,IPCB62510C,bullet,2MP (1080p),2,"1/2.8"" Progressive Scan CMOS",53 horizontal,ir,IP67,,,,0
abus-ipcb62515a,ABUS,IPCB62515A,bullet,2MP,2,"1/2.8"" Progressive Scan CMOS",108 horizontal,ir,IP67,,,,0
abus-ipcb62520,ABUS,IPCB62520,bullet,2MP,2,"1/2.8"" Progressive Scan CMOS",35 to 105 horizontal,ir,IP67,IK10,true,,0
abus-ipcb64510a,ABUS,IPCB64510A,bullet,4MP,4,,109 H,ir,IP67,,false,,0
abus-ipcb64510b,ABUS,IPCB64510B,bullet,4MP,4,,,ir,IP67,,false,,0
abus-ipcb64510c,ABUS,IPCB64510C,bullet,4MP,4,,53 H,ir,IP67,,false,,0
abus-ipcb64515b,ABUS,IPCB64515B,bullet,4MP,4,"1/2.5"" Progressive Scan CMOS",88 horizontal,ir,IP67,,,,0
abus-ipcb64520,ABUS,IPCB64520,bullet,4MP,4,"1/2.5"" Progressive Scan CMOS",32 to 114 horizontal,ir,IP67,IK10,true,,0
abus-ipcb64521,ABUS,IPCB64521,bullet,4MP,4,"1/2.7"" Progressive Scan CMOS",30 to 108 horizontal,ir,IP67,IK10,false,,0
abus-ipcb64620,ABUS,IPCB64620,bullet,4MP,4,"1/2.5"" progressive CMOS",32-114 H,ir,IP67,IK10,true,,0
abus-ipcb64621,ABUS,IPCB64621,bullet,4 MPx,4,"1/2.7"" Progressive Scan CMOS",108 to 30 horizontal / 56 to 17 vertical,ir,IP67,IK10,true,,0
abus-ipcb68510a,ABUS,IPCB68510A,bullet,8MP (4K),8,"1/2.5"" Progressive Scan CMOS",102 horizontal,ir,IP67,,,,0
abus-ipcb68510b,ABUS,IPCB68510B,bullet,8MP (4K),8,"1/2.5"" Progressive Scan CMOS",79 horizontal,ir,IP67,,,,0
abus-ipcb68510c,ABUS,IPCB68510C,bullet,8MP (4K),8,"1/2.5"" Progressive Scan CMOS",50 horizontal,ir,IP67,,,,0
abus-ipcb68515a,ABUS,IPCB68515A,bullet,4K/8MP,8,"1/2.5"" progressive CMOS",102 H,ir,IP67,IK10,false,,0
abus-ipcb68520,ABUS,IPCB68520,bullet,8MP,8.3,"1/2.5"" Progressive Scan CMOS",35 to 115 horizontal,ir,IP67,IK10,true,,0
abus-ipcb68521,ABUS,IPCB68521,bullet,4K,8,"1/1.8"" CMOS",46-108 horizontal / 26-58 vertical,ir,IP67,IK10,false,,0
abus-ipcb68621,ABUS,IPCB68621,bullet,4K Ultra HD,8,"1/1.8"" Progressive Scan CMOS",46 to 108 horizontal,ir,IP67,IK10,true,2021,0
abus-ipcb72515a,ABUS,IPCB72515A,dome,2MP (1080p),2,"1/2.8"" Progressive Scan CMOS",108 horizontal,ir,IP67,IK10,,,0
abus-ipcb72520,ABUS,IPCB72520,dome,2MP,2,"1/2.8"" Progressive Scan CMOS",35 to 105 horizontal,ir,IP67,IK10,true,,0
abus-ipcb74515b,ABUS,IPCB74515B,dome,4MP,4,"1/2.5"" Progressive Scan CMOS",88 horizontal / 46 vertical,ir,IP67,IK10,,,0
abus-ipcb74520,ABUS,IPCB74520,dome,4MP,4,"1/2.5"" Progressive Scan CMOS",32 to 114 horizontal,ir,IP67,IK10,true,,0
abus-ipcb74521,ABUS,IPCB74521,dome,4MP,4,"1/2.7"" Progressive Scan CMOS",30 to 108 horizontal,ir,IP67,IK10,false,,0
abus-ipcb74615b,ABUS,IPCB74615B,dome,4MP,4,,,ir,,,,,0
abus-ipcb78515a,ABUS,IPCB78515A,dome,8MP (4K),8,"1/2.5"" Progressive Scan CMOS",102 horizontal,ir,IP67,IK10,,,0
abus-ipcb78520,ABUS,IPCB78520,dome,8MP,8.3,"1/2.5"" Progressive Scan CMOS",35 to 115 horizontal,ir,IP67,IK10,true,,0
abus-ipcb78521,ABUS,IPCB78521,dome,4K,8,"1/1.8"" Progressive Scan CMOS",108 to 45 horizontal / 58 to 26 vertical,ir,IP67,IK10,true,,0
abus-ipcb78615a,ABUS,IPCB78615A,dome,8MP,8.3,,,ir,,,,,0
abus-ipcs24500,ABUS,IPCS24500,fisheye,12MP,12,"1/1.7"" progressive CMOS",360,ir,IP66,IK10,true,,0
abus-ipcs28581a,ABUS,IPCS28581A,panoramic,4K,8,"2 x 1/1.8"" Progressive Scan CMOS","180 horizontal, 44 vertical",color,IP67,,true,,0
abus-ipcs29511,ABUS,IPCS29511,fisheye,12MP,12,,360 horizontal,,IP66,,true,,0
abus-ipcs29512,ABUS,IPCS29512,fisheye,12MP,12.3,"1/1.7"" Progressive Scan CMOS",360 horizontal,ir,IP67,IK10,true,,0
abus-ipcs34511a,ABUS,IPCS34511A,bullet,4MP,4,,108 H,color,IP67,,false,,0
abus-ipcs34511b,ABUS,IPCS34511B,bullet,4MP,4,,95 H,color,IP67,,false,,0
abus-ipcs34611a,ABUS,IPCS34611A,bullet,4MP,4,"1/1.8"" Progressive Scan CMOS",108 horizontal,color,IP67,,,,0
abus-ipcs54511a,ABUS,IPCS54511A,dome,4MP,4,"1/1.8"" Progressive Scan CMOS",108 horizontal,hybrid,IP67,,,,0
abus-ipcs54511b,ABUS,IPCS54511B,dome,4MP,4,"1/1.8"" Progressive Scan CMOS",95 horizontal,color,IP67,,,,0
abus-ipcs54611a,ABUS,IPCS54611A,dome,4MP,4,"1/1.8"" Progressive Scan CMOS",108 horizontal / 55 vertical,color,IP67,,,,0
abus-ipcs58571a,ABUS,IPCS58571A,dome,4K,8,"1/1.8"" Progressive Scan CMOS",111 horizontal,ir,IP67,,true,,0
abus-ipcs62120,ABUS,IPCS62120,bullet,2MP,2,"1/1.8"" Progressive Scan CMOS",32 to 92 horizontal,ir,IP67,,true,,0
abus-ipcs64511a,ABUS,IPCS64511A,bullet,4MP,4,"1/1.8"" Progressive Scan CMOS",108 horizontal,color,IP67,,,2023,0
abus-ipcs64511b,ABUS,IPCS64511B,bullet,4MP,4,"1/1.8"" Progressive Scan CMOS",95 horizontal,color,IP67,,,2023,0
abus-ipcs64531,ABUS,IPCS64531,bullet,4MP,4,"1/1.8"" Progressive Scan CMOS",114 to 42 horizontal,ir,IP67,IK10,true,,0
abus-ipcs64541,ABUS,IPCS64541,bullet,4MP,4,"1/1.8"" Progressive Scan CMOS",2.8 to 56 horizontal,hybrid,IP67,IK10,true,,0
abus-ipcs64611a,ABUS,IPCS64611A,bullet,4MP,4,"1/1.8"" Progressive Scan CMOS",108 horizontal,color,IP67,,,,0
abus-ipcs74511a,ABUS,IPCS74511A,dome,4MP,4,,101 horizontal,ir,IP67,IK10,,2025,0
abus-ipcs82500,ABUS,IPCS82500,ptz,2MP,2,"1/2.8"" Progressive Scan CMOS",3.2 to 58.3 horizontal,ir,IP66,,true,,0
abus-ipcs82520,ABUS,IPCS82520,ptz,2MP,2,"1/1.9"" Progressive Scan CMOS",3.0 to 59.8 horizontal,ir,IP66,IK10,true,,0
abus-ipcs82530,ABUS,IPCS82530,ptz,2MP,2,"1/1.9"" Progressive Scan CMOS",2.0 to 59.0 horizontal,ir,IP66,IK10,true,,0
abus-ipcs83500,ABUS,IPCS83500,ptz,3MP,3.1,"1/3"" Progressive Scan CMOS",3.7 to 61.0 horizontal,ir,IP66,IK10,true,,0
abus-ipcs84510,ABUS,IPCS84510,ptz,4MP,4,"1/3"" Progressive Scan CMOS",31.6 to 96.7 horizontal,ir,IP66,IK10,true,,0
abus-ipcs84511,ABUS,IPCS84511,ptz,4MP,4,"1/2.8"" Progressive Scan CMOS",31.6 to 96.7 horizontal,ir,IP66,IK10,true,,0
abus-ipcs84530,ABUS,IPCS84530,ptz,4MP,4,"1/2.5"" Progressive Scan CMOS",2.5 to 57.6 horizontal,ir,IP66,,true,,0
abus-ipcs84531,ABUS,IPCS84531,ptz,4MP,4,"1/2.8"" Progressive Scan CMOS",2.5 to 53 horizontal,ir,IP66,,,,0
abus-ipcs84532,ABUS,IPCS84532,ptz,4MP,4,"1/2.8"" Progressive Scan CMOS",2.5 to 53 horizontal,ir,IP66,,true,,0
abus-ipcs84550,ABUS,IPCS84550,ptz,4MP,4,"1/2.8"" Progressive Scan CMOS",2.0 to 54.3 horizontal,ir,IP66,,true,,0
abus-ipcs84551,ABUS,IPCS84551,ptz,4MP,4,"1/1.8"" Progressive Scan CMOS",51 to 2.6 horizontal,ir,IP66,IK10,true,,0
abus-ppic31020,ABUS,PPIC31020,box,Full HD (1080p),2,"1/2.8"" CMOS",180 horizontal / 100 vertical,ir,,,true,,0
abus-ppic42520,ABUS,PPIC42520,ptz,Full HD (1080p),2,"1/2.8"" CMOS",355 pan / 90 tilt,ir,IP66,,true,2023,0
abus-ppic42520b,ABUS,PPIC42520B,ptz,Full HD (1080p),2,"1/2.8"" CMOS",355 pan / 90 tilt,ir,IP66,,true,,0
abus-ppic44520,ABUS,PPIC44520,bullet,Full HD (1080p),2,"1/2.7"" CMOS",100 horizontal,ir,IP66,,true,2023,0
abus-ppic46520,ABUS,PPIC46520,floodlight,2K,2,"1/2.8"" CMOS",110 horizontal,hybrid,IP66,,true,2022,0
abus-ppic46520w,ABUS,PPIC46520W,floodlight,2K,2,"1/2.8"" CMOS",110 horizontal,hybrid,IP66,,true,,0
abus-ppic52520,ABUS,PPIC52520,ptz,2 MP (4K-interpolated recording),2,"1/2.8"" CMOS",85 horizontal / 45 vertical,ir,IP66,,true,,0
abus-ppic52520b,ABUS,PPIC52520B,ptz,2 MP (4K-interpolated recording),2,"1/2.8"" CMOS",85 horizontal / 45 vertical,ir,IP66,,true,,0
abus-ppic54520,ABUS,PPIC54520,box,2 MP (4K-interpolated recording),2,"1/2.8"" CMOS",85 horizontal / 45 vertical,ir,IP66,,false,,0
abus-ppic54520b,ABUS,PPIC54520B,box,2 MP (4K-interpolated recording),2,"1/2.8"" CMOS",85 horizontal / 45 vertical,ir,IP66,,false,,0
abus-ppic90520,ABUS,PPIC90520,bullet,1080p HD,2,"1/2.8"" CMOS (Sony IMX307)",115 horizontal / 75 vertical,color,IP65,,true,2023,0
abus-ppic91000,ABUS,PPIC91000,bullet,3 MP,3,,120 horizontal,color,IP65,,true,,0
abus-ppic91520,ABUS,PPIC91520,bullet,3MP,3,Sony IMX307,120 H,color,IP65,,true,,0
abus-tvcc32512,ABUS,TVCC32512,bullet,2MP,2,CMOS,"101 horizontal, 56 vertical",hybrid,IP67,,false,,0
abus-tvcc35512,ABUS,TVCC35512,bullet,5MP,5,CMOS,105 horizontal / 67 vertical,hybrid,IP67,,false,,0
abus-tvcc52512,ABUS,TVCC52512,dome,2MP,2,CMOS,"101 horizontal, 56 vertical",hybrid,IP67,,false,,0
abus-tvcc55512,ABUS,TVCC55512,dome,5MP,5,CMOS,"105 horizontal, 67 vertical",hybrid,IP67,,,,0
abus-tvip42510,ABUS,TVIP42510,dome,1080p,2,"1/2.7"" CMOS",111 horizontal / 59 vertical,ir,IP67,,,,0
abus-tvip42520,ABUS,TVIP42520,dome,1080p HD,2,"1/2.8"" CMOS",103-30 horizontal,ir,IP67,,false,2021,0
abus-tvip42562,ABUS,TVIP42562,dome,1080p,2,"1/2.8"" Progressive Scan CMOS",111 diagonal,ir,IP66,,true,,0
abus-tvip44510,ABUS,TVIP44510,dome,1440p,4,"1/3"" CMOS",98 horizontal,ir,IP67,IK10,false,2020,0
abus-tvip44511,ABUS,TVIP44511,dome,4MP,4,"1/3"" Progressive Scan CMOS","103 horizontal, 55 vertical",ir,IP67,IK10,false,,0
abus-tvip48511,ABUS,TVIP48511,dome,4K,8,"1/2.8"" CMOS",107 horizontal / 57 vertical,ir,IP67,IK10,false,2022,0
abus-tvip62510,ABUS,TVIP62510,bullet,1080p,2,"1/2.8"" Progressive Scan CMOS","111 horizontal, 59 vertical",ir,IP67,,,,0
abus-tvip62562,ABUS,TVIP62562,bullet,1080p,2,"1/2.8"" Progressive Scan CMOS","107 horizontal, 57 vertical",ir,IP66,,true,2022,0
abus-tvip64511,ABUS,TVIP64511,bullet,4MP QHD,4,"1/3"" Progressive Scan CMOS",103 horizontal,ir,IP67,IK10,false,,0
abus-tvip68511,ABUS,TVIP68511,bullet,4K,8,"1/2.8"" Progressive Scan CMOS","107 horizontal, 57 vertical",ir,IP67,IK10,false,,0
abus-tvip82561,ABUS,TVIP82561,ptz,1080p,2,"1/2.8"" Progressive Scan CMOS",101 to 33 horizontal,ir,IP66,IK10,,,0
abus-tvip83900,ABUS,TVIP83900,fisheye,3MP,3.1,"1/3"" Progressive Scan CMOS",180/360,ir,IP24,,true,,0
acti-a213,ACTi,A213,box,5MP,5,"1/2.7"" Progressive Scan CMOS",106 horizontal / 85.9 vertical,,IP66,,true,,0
acti-a214,ACTi,A214,box,5MP,5,"1/2.7"" CMOS",62.6 - 1.9 horizontal / 48.8 - 1.4 vertical,,,,true,,0
acti-a29,ACTi,A29,box,2MP,2,"1/2.7"" Progressive Scan CMOS",108.6 horizontal / 63.6 vertical,,IP66,,true,,0
acti-a313,ACTi,A313,bullet,4MP,4,"1/2.7"" Progressive Scan CMOS",99 horizontal / 56 vertical,ir,IP68,IK10,false,,0
acti-a314,ACTi,A314,bullet,6MP,6,"1/2.4"" Progressive Scan CMOS",103.6 horizontal / 56 vertical,ir,IP68,IK10,false,,0
acti-a315,ACTi,A315,bullet,8MP,8,"1/2.4"" CMOS",103.6 horizontal / 56 vertical,ir,IP68,IK10,,,0
acti-a317,ACTi,A317,fisheye,16MP,16,"1/1.8"" CMOS",182.2 horizontal / 71.2 vertical,hybrid,IP68,IK10,true,,0
acti-a371,ACTi,A371,bullet,4MP visible + thermal,4,"1/2.7"" CMOS (visible)",84 horizontal / 43.1 vertical (visible),hybrid,IP68,IK10,true,,0
acti-a371-p1,ACTi,A371-P1,bullet,4MP visible + thermal,4,"1/2.7"" CMOS (visible)",53 horizontal / 28 vertical (visible),hybrid,IP68,IK10,true,,0
acti-a371-p2,ACTi,A371-P2,bullet,4MP visible + thermal,4,"1/2.7"" CMOS (visible)",39.4 horizontal / 22.1 vertical (visible),hybrid,IP68,IK10,true,,0
acti-a372,ACTi,A372,bullet,4MP visible + thermal,4,"1/1.8"" CMOS (visible)",94 horizontal / 50 vertical (visible),ir,IP68,IK10,,,0
acti-a372-p1,ACTi,A372-P1,bullet,4MP visible + thermal,4,"1/1.8"" CMOS (visible)",56 horizontal / 30 vertical (visible),ir,IP68,IK10,,,0
acti-a374,ACTi,A374,bullet,4MP visible + thermal,4,"1/2.7"" CMOS (visible)",84 horizontal / 43.1 vertical (visible),hybrid,IP68,IK10,true,,0
acti-a374-p1,ACTi,A374-P1,bullet,4MP visible + thermal,4,"1/2.7"" CMOS (visible)",53 horizontal / 28 vertical (visible),hybrid,IP68,IK10,true,,0
acti-a377,ACTi,A377,bullet,5MP,5,"1/2.7"" Progressive Scan CMOS + Thermal sensor",84 horizontal / 43.1 vertical,ir,IP68,IK10,true,,0
acti-a410,ACTi,A410,bullet,5MP,5,"1/2.7"" Progressive Scan CMOS",101.1 - 30.4 horizontal / 72.3 - 22.7 vertical,ir,IP66,IK10,true,,0
acti-a412,ACTi,A412,bullet,5MP,5,"1/2.7"" CMOS",97.5 - 32.8 horizontal / 72.1 - 24.4 vertical,ir,IP66,,true,,0
acti-a415,ACTi,A415,bullet,3MP,3,"1/2.7"" Progressive Scan CMOS",90.6 - 32.7 horizontal / 67.6 - 24.2 vertical,ir,IP66,IK10,true,,0
acti-a416,ACTi,A416,bullet,4MP,4,"1/2.7"" CMOS",104 - 29 horizontal / 55 - 17 vertical,ir,IP68,IK10,true,,0
acti-a421,ACTi,A421,bullet,8MP,8,"1/2.7"" CMOS",103.6 - 31.1 horizontal / 56.8 - 17.4 vertical,ir,IP68,IK10,true,,0
acti-a422,ACTi,A422,bullet,4MP,4,"1/2.7"" Progressive Scan CMOS",102.8 - 32.4 horizontal / 54.9 - 18.9 vertical,ir,IP68,IK10,true,,0
acti-a423,ACTi,A423,bullet,6MP,6,"1/2.4"" Progressive Scan CMOS",102.1 - 34.5 horizontal / 56 - 20.6 vertical,ir,IP68,IK10,true,,0
acti-a424,ACTi,A424,bullet,8MP,8,"1/2.8"" CMOS",108 - 30 horizontal / 56 - 17 vertical,ir,IP67,IK10,true,,0
acti-a425,ACTi,A425,bullet,2MP,2,"1/2.7"" Progressive Scan CMOS",106.6 - 34.6 horizontal / 54.4 - 19.5 vertical,ir,IP68,IK10,true,,0
acti-a426,ACTi,A426,bullet,5MP,5,"1/2.7"" Progressive Scan CMOS",97.5 - 32.8 horizontal / 72.1 - 24.4 vertical,ir,IP66,IK10,true,,0
acti-a427,ACTi,A427,bullet,4MP,4,"1/1.8"" Progressive Scan CMOS",114.5 - 41.8 horizontal / 59.3 - 23.6 vertical,ir,IP68,IK10,false,,0
acti-a428,ACTi,A428,bullet,4MP,4,"1/1.8"" Progressive Scan CMOS",106 - 41.8 horizontal / 55.4 - 23.6 vertical,ir,IP68,IK10,true,,0
acti-a429,ACTi,A429,bullet,4MP,4,"1/1.8"" Progressive Scan CMOS",106 - 41.8 horizontal / 55.4 - 23.6 vertical,ir,IP68,IK10,true,,0
acti-a432,ACTi,A432,bullet,9MP,9,"1"" CMOS",62 - 23.6 horizontal / 32.2 - 12.2 vertical,ir,IP68,IK10,,,0
acti-a432-p1,ACTi,A432-P1,bullet,9MP,9,"1"" CMOS",62 - 23.6 horizontal / 32.2 - 12.2 vertical,ir,IP68,IK10,,,0
acti-a570,ACTi,A570,turret,4MP visible + thermal,4,"1/2.7"" CMOS (visible)",84 horizontal / 43.1 vertical (visible); 50 horizontal / 37.3 vertical (thermal),hybrid,IP68,IK10,true,,0
acti-a570-p1,ACTi,A570-P1,turret,4MP visible + thermal,4,"1/2.7"" CMOS (visible)",117.8 horizontal / 70.4 vertical (visible); 90 horizontal / 65.4 vertical (thermal),hybrid,IP68,IK10,true,,0
acti-a570-p2,ACTi,A570-P2,turret,4MP visible + thermal,4,"1/2.7"" CMOS (visible)",53 horizontal / 18 vertical (visible); 24.9 horizontal / 18 vertical (thermal),hybrid,IP68,IK10,true,,0
acti-a573,ACTi,A573,turret,5MP,5,"1/2.7"" CMOS (visible)",128.3 horizontal / 75.4 vertical (visible); 90 horizontal / 65.4 vertical (thermal),hybrid,IP67,IK10,true,,0
acti-a573-p1,ACTi,A573-P1,turret,5MP visible + thermal,5,"1/2.7"" CMOS (visible)",84 horizontal / 43.1 vertical (visible); 50 horizontal / 37.3 vertical (thermal),hybrid,IP67,IK10,true,,0
acti-a573-p2,ACTi,A573-P2,turret,5MP,5,"1/2.7"" CMOS (visible)",39.4 horizontal / 21.96 vertical (visible); 24.9 horizontal / 18.7 vertical (thermal),hybrid,IP67,IK10,true,,0
acti-a711,ACTi,A711,fisheye,12MP,12,"1/1.7"" CMOS",190 (overview area) horizontal / (Fisheye View) | 190 vertical,ir,IP66,IK10,true,,0
acti-a713,ACTi,A713,fisheye,5MP,5,"1/2.7"" Progressive Scan CMOS",197 (overview area) horizontal / (Fisheye View) vertical,ir,IP66,IK10,true,,0
acti-a76,ACTi,A76,dome,4MP,4,"1/2.7"" Progressive Scan CMOS",99 horizontal / 56 vertical,ir,IP68,IK10,true,,0
acti-a77,ACTi,A77,dome,6MP,6,"1/2.4"" Progressive Scan CMOS",103.6 horizontal / 56 vertical,ir,IP68,IK10,true,,0
acti-a78,ACTi,A78,dome,8MP,8,"1/2.4"" CMOS",103.6 horizontal / 56 vertical,ir,IP68,IK10,true,,0
acti-a810,ACTi,A810,dome,5MP,5,"1/2.7"" CMOS",101.1 - 30.4 horizontal / 72.3 - 22.7 vertical,ir,IP66,IK10,true,,0
acti-a811,ACTi,A811,dome,4MP,4,"1/2.7"" Progressive Scan CMOS",104 - 29 horizontal / 55 - 17 vertical,ir,IP68,IK10,true,,0
acti-a817,ACTi,A817,dome,8MP,8,"1/2.7"" CMOS",103.6 - 31.1 horizontal / 56.8 - 17.4 vertical,ir,IP68,IK10,true,,0
acti-a820,ACTi,A820,dome,4MP,4,"1/2.7"" CMOS",102.8 - 32.4 horizontal / 54.9 - 18.9 vertical,ir,IP68,IK10,true,,0
acti-a821,ACTi,A821,dome,6MP,6,"1/2.4"" Progressive Scan CMOS",102.1 - 34.5 horizontal / 56 - 20.6 vertical,ir,IP68,IK10,true,,0
acti-a822,ACTi,A822,dome,8MP,8,"1/2.4"" CMOS",102.1 - 34.5 horizontal / 56 - 20.6 vertical,ir,IP68,IK10,true,,0
acti-a826,ACTi,A826,dome,5MP,5,"1/2.7"" Progressive Scan CMOS",102.1 - 31.5 horizontal / 70.3 - 22.7 vertical,ir,IP66,IK10,true,,0
acti-a828,ACTi,A828,dome,5MP,5,"1/2.7"" CMOS",102.1 - 31.5 horizontal / 70.3 - 22.7 vertical,ir,IP66,IK10,true,,0
acti-a85,ACTi,A85,dome,2MP,2,"1/2.7"" Progressive Scan CMOS",92 - 34.8 horizontal / 49.3 - 19.8 vertical,ir,IP66,IK10,true,,0
acti-a86,ACTi,A86,dome,5MP,5,"1/2.8"" Progressive Scan CMOS",96.8 - 30.7 horizontal / 70.4 - 23.1 vertical,ir,IP66,IK10,true,,0
acti-a88,ACTi,A88,dome,3MP,3,"1/2.8"" CMOS",95 - 55 horizontal,ir,IP66,IK10,,,0
acti-a912,ACTi,A912,fisheye,5MP,5,"1/2.7"" Progressive Scan CMOS",180 horizontal / 180 vertical,ir,,,true,,0
acti-a952,ACTi,A952,ptz,8MP,8,"1/1.8"" CMOS",62.6 - 3.2 horizontal / 36.7 - 1.9 vertical,ir,IP66,IK10,true,,0
acti-a955,ACTi,A955,ptz,5MP,5,"1/2.7"" Progressive Scan CMOS",62.6 - 1.9 horizontal / 48.8 - 1.4 vertical,ir,IP66,IK10,true,,0
acti-a956,ACTi,A956,ptz,2MP,2,"1/2.7"" Progressive Scan CMOS",66.1 - 1.8 horizontal / 39.8 - 1.1 vertical,ir,IP66,IK10,true,,0
acti-a957,ACTi,A957,ptz,5MP,5,"1/2.7"" CMOS",62.6 - 1.9 horizontal / 48.8 - 1.4 vertical,ir,IP66,IK10,true,,0
acti-a959,ACTi,A959,ptz,8MP,8,"1/1.8"" CMOS",62.1 - 3.5 horizontal / 36.1 - 1.9 vertical,ir,IP66,IK10,true,,0
acti-a962,ACTi,A962,ptz,8MP,8,"1/1.8"" CMOS",28.5 - 2.94 horizontal / 35 - 1.7 vertical,ir,IP68,IK10,true,,0
acti-a966,ACTi,A966,ptz,2MP,2,"1/2.7"" CMOS",60.2 - 2.3 horizontal / 35.2 - 1.3 vertical,hybrid,IP66,IK10,true,,0
acti-a967,ACTi,A967,ptz,5MP,5,"1/2.7"" Progressive Scan CMOS",60.2 - 2.3 horizontal / 35.2 - 1.3 vertical,ir,IP66,IK10,true,,0
acti-a972,ACTi,A972,ptz,4MP visible + thermal,4,"1/2.7"" CMOS (visible)",58.8 - 2.18 horizontal / 34.4 - 1.2 vertical (visible),ir,IP66,IK10,true,,0
acti-a973,ACTi,A973,ptz,4MP visible + thermal,4,"1/2.7"" CMOS (visible)",58.8 - 2.18 horizontal / 34.4 - 1.2 vertical (visible); 18.1 horizontal / 13.6 vertical (thermal),ir,IP66,IK10,true,,0
acti-a981,ACTi,A981,ptz,8MP,8,"1/2.7"" CMOS",62.7 - 2.5 horizontal / 37.1 - 1.4 vertical,ir,IP66,IK10,true,,0
acti-a982,ACTi,A982,ptz,2MP,2,"1/1.2"" CMOS",61 - 1.3 horizontal / 35.9 - 0.8 vertical,,IP67,IK10,true,,0
acti-a984,ACTi,A984,ptz,8MP,8,"1/1.8"" Progressive Scan CMOS",64.16 - 1.97 horizontal / 37.73 - 1.13 vertical,ir,IP66,IK10,true,,0
acti-b26,ACTi,B26,box,3MP,3,"1/2.8"" Progressive Scan CMOS",57.6 - 2.35 horizontal / 44.9 - 1.78 vertical,,IP66,,true,,0
acti-b412-k1,ACTi,B412-K1,bullet,3MP,3,"1/2.8"" CMOS",58 - 5.8 horizontal / 45.3 - 5 vertical,ir,IP66,IK10,true,,0
acti-b416,ACTi,B416,bullet,2MP,2,"1/2.8"" CMOS",61.4 - 3.6 horizontal / 37 - 2.2 vertical,ir,IP67,IK10,true,,0
acti-b419,ACTi,B419,bullet,5MP,5,"1/2.9"" Progressive Scan CMOS",50.67 - 5.14 horizontal / 39.23 - 3.86 vertical,ir,IP66,IK10,true,,0
acti-b419-p2,ACTi,B419-P2,bullet,6MP,6,"1/2.7"" Progressive Scan CMOS",82.2 - 28.7 horizontal / 54.5 - 19 vertical,ir,IP68,IK10,true,,0
acti-b511a,ACTi,B511A,fisheye,12MP,12,"1/1.7"" CMOS",198.5 horizontal / 198.5 vertical (full fisheye view); 121.1 (high detail/dewarped area),ir,,,true,,0
acti-b57,ACTi,B57,fisheye,6MP,6,"1/1.8"" Progressive Scan CMOS",124.2 (high detail area) horizontal / (Fisheye View) vertical,ir,,,true,,0
acti-b64,ACTi,B64,dome,1.3MP,1.3,"1/3"" Progressive Scan CMOS",90.6 - 31.8 horizontal / 67.6 - 24.2 vertical,ir,,IK09,true,,0
acti-b76a,ACTi,B76A,fisheye,12MP UHD,12,"1/1.7"" CMOS",198.5 (overview area) | 121.1 (high detail area) horizontal / 198.5 | (Fisheye View) vertical,ir,IP68,IK10,true,,0
acti-b911,ACTi,B911,ptz,3MP,3,"1/2.8"" Progressive Scan CMOS",58 - 5.8 horizontal / 45.3 - 5 vertical,,IP67,IK10,true,,0
acti-b912,ACTi,B912,ptz,5MP,5,"1/2.9"" Progressive Scan CMOS",50.67 - 5.14 horizontal / 39.23 - 3.86 vertical,,IP67,IK10,true,,0
acti-b915,ACTi,B915,ptz,3MP,3,"1/2.8"" Progressive Scan CMOS",57.6 - 2.35 horizontal / 44.9 - 1.78 vertical,ir,IP66,IK10,true,,0
acti-b916,ACTi,B916,ptz,2MP,2,"1/2.8"" Progressive Scan CMOS",62 - 2.8 horizontal / 36.4 - 1.4 vertical,,IP67,IK10,true,,0
acti-b923,ACTi,B923,ptz,3MP,3,"1/2.8"" Progressive Scan CMOS",58.5 - 3.2 horizontal / 46 - 2.4 vertical,,,IK09,true,,0
acti-b928,ACTi,B928,ptz,5MP,5,"1/2.9"" Progressive Scan CMOS",51.14 - 2.17 horizontal / 39.62 - 1.62 vertical,ir,IP66,IK10,true,,0
acti-b934,ACTi,B934,ptz,2MP,2,"1/2.8"" Progressive Scan CMOS",62.4 - 3.5 horizontal / 37.6 - 2 vertical,,,IK09,true,,0
acti-c11w,ACTi,C11W,box,1.3MP,1.3,"1/4"" Progressive Scan CMOS",55 horizontal / 46.5 vertical,,,,true,,0
acti-e11,ACTi,E11,box,1MP,1,"1/4"" Progressive Scan CMOS",53.8 horizontal / 29.1 vertical,,,,true,,0
acti-e11a,ACTi,E11A,box,1MP,1,"1/4"" Progressive Scan CMOS",53.8 horizontal / 29.1 vertical,,,,true,,0
acti-e13a,ACTi,E13A,box,5MP,5,"1/3.2"" Progressive Scan CMOS",92.6 horizontal / 69.8 vertical,,,,true,,0
acti-e14,ACTi,E14,box,10MP,10,"1/2.3"" CMOS",99 horizontal,,,,true,,0
acti-e16,ACTi,E16,fisheye,10MP,10,"1/2.3"" CMOS",187.7 horizontal / 187.69 vertical (full fisheye view); 114.5 (high detail/dewarped area),,,,true,,0
acti-e19,ACTi,E19,box,5MP,5,"1/2.7"" Progressive Scan CMOS",117.5 horizontal / 69.8 vertical,,,,true,,0
acti-e217,ACTi,E217,box,2MP,2,"1/2.8"" Progressive Scan CMOS",101.3 horizontal / 54.3 vertical,,IP66,,true,,0
acti-e33a,ACTi,E33A,bullet,5MP,5,"1/3.2"" Progressive Scan CMOS",62.7 horizontal / 46.5 vertical,ir,IP68,IK10,false,,0
acti-e43b,ACTi,E43B,bullet,5MP,5,"1/3.2"" Progressive Scan CMOS",69.2 - 28.2 horizontal / 54.0 - 21.2 vertical,ir,IP68,IK10,true,,0
acti-e54,ACTi,E54,dome,5MP,5,"1/3.2"" Progressive Scan CMOS",72.0 horizontal / 51.8 vertical,ir,,,false,,0
acti-e618,ACTi,E618,dome,3MP,3,"1/3"" Progressive Scan CMOS",64.4 - 26.4 horizontal / 51.1 - 19.6 vertical,ir,,IK09,true,,0
acti-e815,ACTi,E815,dome,5MP,5,"1/3.2"" CMOS",64.74 - 25.8 horizontal / 49.6 - 19.2 vertical,ir,IP67,IK10,true,,0
acti-e816,ACTi,E816,dome,10MP,10,"1/2.3"" CMOS",90.6 - 34.3 horizontal / 68.7 - 26.4 vertical,ir,IP67,IK10,true,,0
acti-e915,ACTi,E915,dome,2MP,2,"1/2.8"" Progressive Scan CMOS",110.3 horizontal / 62.7 vertical,ir,,,false,,0
acti-e918,ACTi,E918,dome,3MP,3,"1/3"" Progressive Scan CMOS",77.1 (high detail area) horizontal / 97.3 vertical,,IP68,IK10,false,,0
acti-e918m,ACTi,E918M,dome,3MP,3,"1/3"" Progressive Scan CMOS",77.1 (high detail area) horizontal / 97.3 vertical,,IP68,IK10,false,,0
acti-e925m,ACTi,E925M,fisheye,5MP,5,"1/3.2"" Progressive Scan CMOS",115.7 (high detail area) horizontal / 189.7 vertical,ir,IP68,IK10,false,,0
acti-e93,ACTi,E93,dome,5MP,5,"1/3.2"" Progressive Scan CMOS",77.4 (high detail area) horizontal / 95.5 vertical,,,IK08,false,,0
acti-e933,ACTi,E933,dome,2MP,2,"1/2.8"" Progressive Scan CMOS",110.3 horizontal / 62.7 vertical,ir,IP68,IK10,false,,0
acti-e933m,ACTi,E933M,dome,2MP,2,"1/2.8"" Progressive Scan CMOS",110.3 horizontal / 62.7 vertical,ir,IP68,IK10,false,,0
acti-e936,ACTi,E936,dome,2MP,2,"1/2.8"" Progressive Scan CMOS",110.3 horizontal / 62.7 vertical,,IP68,IK10,false,,0
acti-e936m,ACTi,E936M,dome,2MP,2,"1/2.8"" Progressive Scan CMOS",110.3 horizontal / 62.7 vertical,,IP68,IK10,false,,0
acti-e96,ACTi,E96,fisheye,5MP,5,"1/3.2"" Progressive Scan CMOS",115.7 (high detail area) horizontal / 189.67 vertical,,,IK08,false,,0
acti-i42,ACTi,I42,bullet,2MP,2,"1/2.8"" Progressive Scan CMOS",62.7 - 2.7 horizontal / 38.5 - 1.6 vertical,ir,IP66,IK10,true,,0
acti-i47,ACTi,I47,bullet,4MP,4,"1/3"" Progressive Scan CMOS",66.4 - 2.14 horizontal / 40.8 - 1.84 vertical,ir,IP67,IK10,true,,0
acti-i915,ACTi,I915,ptz,2MP,2,"1/2.8"" Progressive Scan CMOS",62.7 - 2.7 horizontal / 38.5 - 1.6 vertical,ir,IP66,IK10,true,,0
acti-i96,ACTi,I96,ptz,1080p FHD,2,"1/2.8"" CMOS",66.4 - 2.61 horizontal,,IP67,IK10,true,,0
acti-i98,ACTi,I98,ptz,1080p FHD,2,"1/2.8"" CMOS",69.3 - 3 horizontal / 38 - 1.7 vertical,ir,IP66,IK10,true,,0
acti-j41,ACTi,J41,bullet,2MP,2,"1/2.7"" CMOS",111 - 36.6 horizontal / 59.4 - 20.6 vertical,ir,IP68,IK10,false,,0
acti-j71,ACTi,J71,dome,2MP,2,"1/2.7"" Progressive Scan CMOS",112.9 horizontal / 59.1 vertical,ir,IP68,IK10,false,,0
acti-j72,ACTi,J72,dome,4MP,4,"1/2.7"" Progressive Scan CMOS",101.5 horizontal / 55.6 vertical,ir,IP68,IK10,false,,0
acti-j73,ACTi,J73,dome,5MP,5,"1/2.7"" Progressive Scan CMOS",101.5 horizontal / 55.6 vertical,ir,IP68,IK10,false,,0
acti-j81,ACTi,J81,dome,2MP,2,"1/2.7"" Progressive Scan CMOS",111 - 36.6 horizontal / 59.4 - 20.6 vertical,ir,IP68,IK10,false,,0
acti-k31,ACTi,K31,bullet,2MP,2,"1/2.7"" CMOS",112.9 horizontal / 59.1 vertical,ir,IP68,IK10,false,,0
acti-k31-p1,ACTi,K31-P1,bullet,2MP,2,"1/2.7"" CMOS",91.2 horizontal / 47.9 vertical,ir,IP68,IK10,false,,0
acti-k32,ACTi,K32,bullet,4MP,4,"1/2.7"" CMOS",101.5 horizontal / 55.6 vertical,ir,IP68,IK10,false,,0
acti-k32-p1,ACTi,K32-P1,bullet,4MP,4,"1/2.7"" CMOS",84.1 horizontal / 45.1 vertical,ir,IP68,IK10,false,,0
acti-k33,ACTi,K33,bullet,5MP,5,"1/2.7"" CMOS",101.5 horizontal / 55.6 vertical,ir,IP68,IK10,false,,0
acti-k372,ACTi,K372,bullet,4MP,4,"1/2.7"" Progressive Scan CMOS + Thermal sensor",77.4 horizontal / 42.2 vertical,ir,IP68,IK10,true,,0
acti-k41,ACTi,K41,bullet,2MP,2,"1/2.7"" CMOS",111 - 36.6 horizontal / 59.4 - 20.6 vertical,ir,IP68,IK10,false,,0
acti-k42,ACTi,K42,bullet,4MP,4,"1/2.7"" CMOS",95.6 - 30.9 horizontal / 52 - 17.6 vertical,ir,IP68,IK10,false,,0
acti-k43,ACTi,K43,bullet,5MP,5,"1/2.7"" CMOS",96.4 - 32.7 horizontal / 51.3 - 18.6 vertical,ir,IP68,IK10,false,,0
acti-k71,ACTi,K71,dome,2MP,2,"1/2.7"" CMOS",112.9 horizontal / 59.1 vertical,ir,IP68,IK10,false,,0
acti-k72,ACTi,K72,dome,4MP,4,"1/2.7"" CMOS",101.5 horizontal / 55.6 vertical,ir,IP68,IK10,false,,0
acti-k73,ACTi,K73,dome,5MP,5,"1/2.7"" CMOS",101.5 horizontal / 55.6 vertical,ir,IP68,IK10,false,,0
acti-k81,ACTi,K81,dome,2MP,2,"1/2.7"" CMOS",111 - 36.6 horizontal / 59.4 - 20.6 vertical,ir,IP68,IK10,false,,0
acti-k82,ACTi,K82,dome,4MP,4,"1/2.7"" CMOS",95.6 - 30.9 horizontal / 52 - 17.6 vertical,ir,IP68,IK10,false,,0
acti-k83,ACTi,K83,dome,5MP,5,"1/2.7"" CMOS",95.6 - 30.9 horizontal / 52 - 17.6 vertical,ir,IP68,IK10,false,,0
acti-k9001,ACTi,K9001,ptz,32MP,32,"1/1.8"" CMOS (8x 4MP panoramic array + 1x 4MP PTZ detail channel)",360 horizontal / 110 vertical (panoramic array); 59.47-2.20 horizontal / 35.62-1.24 vertical (PTZ detail channel),ir,IP68,,true,,0
acti-k953,ACTi,K953,ptz,5MP,5,"1/2.7"" CMOS",53.9 - 3.0 horizontal / 31.92 - 1.69 vertical,ir,IP68,IK10,true,,0
acti-k954,ACTi,K954,ptz,5MP,5,"1/1.8"" CMOS",59.47 - 2.20 horizontal,ir,IP68,IK10,true,,0
acti-k958,ACTi,K958,ptz,8MP,8,"1/1.8"" CMOS",56.51 - 2.94 horizontal / 33.64 - 1.65 vertical,ir,IP67,IK10,true,,0
acti-kcm-5611,ACTi,KCM-5611,box,1080p FHD,2,"1/2.8"" CMOS",48.9 - 3.6 horizontal,ir,IP66,,true,,0
acti-kcm-7311,ACTi,KCM-7311,dome,4MP,4,"1/3.2"" Progressive Scan CMOS",77.2 - 22.6 horizontal,,IP67,,true,,0
acti-l31,ACTi,L31,bullet,2MP,2,"1/2.7"" Progressive Scan CMOS",103 horizontal / 56 vertical,ir,IP68,IK10,false,,0
acti-l31-p1,ACTi,L31-P1,bullet,2MP,2,"1/2.7"" Progressive Scan CMOS",83 horizontal / 44 vertical,ir,IP68,IK10,false,,0
acti-l33,ACTi,L33,bullet,6MP,6,"1/2.4"" Progressive Scan CMOS",105 horizontal / 55 vertical,ir,IP68,IK10,false,,0
acti-l33-p1,ACTi,L33-P1,bullet,6MP,6,"1/2.4"" Progressive Scan CMOS",78 horizontal / 38 vertical,ir,IP68,IK10,false,,0
acti-l41,ACTi,L41,bullet,2MP,2,"1/2.7"" Progressive Scan CMOS",102.4 - 31.2 horizontal / 54.4 - 17.5 vertical,ir,IP68,IK10,true,,0
acti-l43,ACTi,L43,bullet,6MP,6,"1/2.4"" Progressive Scan CMOS",106 - 35.6 horizontal / 55.9 - 20 vertical,ir,IP68,IK10,true,,0
acti-l71,ACTi,L71,dome,2MP,2,"1/2.7"" Progressive Scan CMOS",111 horizontal / 59 vertical,ir,IP68,IK10,false,,0
acti-l73,ACTi,L73,dome,6MP,6,"1/2.4"" Progressive Scan CMOS",105 horizontal / 55 vertical,ir,IP68,IK10,false,,0
acti-l73-p1,ACTi,L73-P1,dome,6MP,6,"1/2.4"" Progressive Scan CMOS",78 horizontal / 38 vertical,ir,IP68,IK10,false,,0
acti-l81,ACTi,L81,dome,2MP,2,"1/2.7"" Progressive Scan CMOS",102.4 - 31.2 horizontal / 54.4 - 17.5 vertical,ir,IP68,IK10,true,,0
acti-l83,ACTi,L83,dome,6MP,6,"1/2.4"" Progressive Scan CMOS",106 - 35.6 horizontal / 55.9 - 20 vertical,ir,IP68,IK10,true,,0
acti-pcam-1600,ACTi,PCAM-1600,box,4MP,4,Progressive Scan CMOS,150 horizontal,ir,IP68,,true,,0
acti-q113,ACTi,Q113,covert,2MP,2,"1/2.8"" Progressive Scan CMOS",84.5 horizontal / 46.5 vertical,,,,true,,0
acti-q115,ACTi,Q115,covert,5MP,5,"1/3.2"" Progressive Scan CMOS",70.2 horizontal / 51.4 vertical,,,,true,,0
acti-q12,ACTi,Q12,covert,2MP,2,"1/2.8"" Progressive Scan CMOS",110.3 horizontal / 61.3 vertical,,,,true,,0
acti-q120,ACTi,Q120,covert,2MP,2,"1/2.7"" CMOS","107.8 (PLEN-4501), 82.8 (PLEN-4502), 93.9 (PLEN-4503), 75.5 (PLEN-4504), 75.5 (PLEN-4505) horizontal",,,,true,,0
acti-q121,ACTi,Q121,covert,4MP,4,"1/2.7"" CMOS","98 (PLEN-4506), 75 (PLEN-4507) horizontal",,,,true,,0
acti-q150,ACTi,Q150,box,2MP,2,"1/2.8"" Progressive Scan CMOS",,ir,IP68,,false,,0
acti-q150-12mm,ACTi,Q150-12MM,box,2MP,2,"1/2.8"" Progressive Scan CMOS",,ir,,,false,,0
acti-q170,ACTi,Q170,box,4MP visible + thermal,4,"1/5"" CMOS (visible)",96.9 horizontal / 77.2 vertical (visible),,IP68,IK10,,,0
acti-q22,ACTi,Q22,box,2MP,2,"1/2.8"" Progressive Scan CMOS",110.3 horizontal / 61.3 vertical,,IP68,IK10,true,,0
acti-q22-k1,ACTi,Q22-K1,box,2MP,2,"1/2.8"" Progressive Scan CMOS",110.3 horizontal / 61.3 vertical,,IP68,IK10,true,,0
acti-q450,ACTi,Q450,dual-lens,"8MP (2x4MP, stitched panoramic)",8,"1/1.8"" CMOS",182 horizontal / 57.4 vertical,ir,IP66,IK10,,,0
acti-q550,ACTi,Q550,dual-lens,8MP (2x4MP) 180° panoramic,8,"1/2.7"" CMOS",180 horizontal / 47.41 vertical,hybrid,IP68,IK10,true,,0
acti-q711,ACTi,Q711,dual-lens,8MP (2x4MP),8,"1/2.7"" CMOS",97.68 horizontal / 52.67 vertical,ir,IP68,IK10,true,,0
acti-q75,ACTi,Q75,panoramic,20MP,20,"1/1.8"" CMOS",180 horizontal / 47 vertical,ir,IP66,IK10,true,,0
acti-q83,ACTi,Q83,panoramic,20MP,20,"1/3"" CMOS",360 horizontal,ir,IP66,IK10,true,,0
acti-q84,ACTi,Q84,panoramic,20MP,20,"1/2.7"" CMOS",110.3 - 31 horizontal / 57.1 - 17.5 vertical,ir,IP68,IK10,true,,0
acti-q950,ACTi,Q950,doorbell,6MP,6,"1/1.8"" Progressive Scan CMOS",121.1 (high detail area) horizontal / (Fisheye View) vertical,ir,IP66,IK09,true,,0
acti-q970,ACTi,Q970,doorbell,2MP,2,"1/2.9"" Progressive Scan CMOS",87.5 horizontal / 48.1 vertical,,IP66,IK10,true,,0
acti-q981,ACTi,Q981,ptz,4MP visible + thermal,4,"1/1.8"" CMOS (visible)",57.9 - 1.6 horizontal (visible); 6.1 horizontal (thermal),,IP66,IK10,true,,0
acti-q982,ACTi,Q982,ptz,4MP visible + thermal,4,"1/1.8"" CMOS (visible)",55.2 - 1.84 horizontal / 31.84 - 1.04 vertical (visible); 8.7 horizontal / 7.0 vertical (thermal),,IP66,IK10,true,,0
acti-q982-p1,ACTi,Q982-P1,ptz,4MP visible + thermal,4,"1/1.8"" CMOS (visible)",55.56 - 1.86 horizontal / 32.4 - 1.06 vertical (visible); 4.4 horizontal / 3.5 vertical (thermal),,IP66,IK10,true,,0
acti-q982-p2,ACTi,Q982-P2,ptz,4MP visible + thermal,4,"1/1.8"" CMOS (visible)",55.56 - 1.86 horizontal / 32.4 - 1.06 vertical (visible); 34.3-3.4 horizontal / 27.3 - 2.7 vertical (thermal),,IP66,IK10,true,,0
acti-q992,ACTi,Q992,ptz,8MP,8,"1/1.8"" CMOS",57.96 - 2.15 horizontal / 34.61 - 1.21 vertical,,IP66,,true,,0
acti-vmgb-359,ACTi,VMGB-359,bullet,4MP visible + thermal,4,"1/2.7"" CMOS (visible)",39.42 horizontal / 22.14 vertical (visible),hybrid,IP68,IK10,true,,0
acti-vmgb-359-p1,ACTi,VMGB-359-P1,bullet,4MP visible + thermal,4,"1/2.7"" CMOS (visible)",84 horizontal / 44.8 vertical (visible),hybrid,IP68,IK10,true,,0
acti-vmgb-370,ACTi,VMGB-370,bullet,4MP visible + thermal,4,"1/2.7"" CMOS (visible)",84 horizontal / 44.8 vertical (visible),ir,IP66,IK10,true,,0
acti-vmgb-371,ACTi,VMGB-371,bullet,4MP visible + thermal,4,"1/2.7"" CMOS (visible)",84 horizontal / 44.8 vertical (visible),ir,IP66,IK10,true,,0
acti-vmgb-601,ACTi,VMGB-601,dome,2MP,2,"1/1.8"" Progressive Scan CMOS",103.3 - 38.6 horizontal / 54.2 - 21.9 vertical,ir,,IK10,true,,0
acti-vmgb-602,ACTi,VMGB-602,dome,2MP,2,"1/1.8"" Progressive Scan CMOS",42.5 - 13.4 horizontal / 23.4 - 7.7 vertical,ir,,IK10,true,,0
acti-y31,ACTi,Y31,bullet,2MP,2,"1/3"" CMOS",90.5 horizontal,ir,IP68,,,,0
acti-y32,ACTi,Y32,bullet,5MP,5,"1/2.7"" CMOS",102.2 horizontal,ir,IP68,,,,0
acti-y35,ACTi,Y35,bullet,2MP,2,"1/3"" CMOS",90.5 horizontal,ir,IP68,,,,0
acti-y55,ACTi,Y55,turret,2MP,2,"1/3"" CMOS",90.5 horizontal / 49.6 vertical,ir,IP68,,,,0
acti-y71,ACTi,Y71,turret,2MP,2,"1/3"" CMOS",90.5 horizontal / 49.6 vertical,ir,IP68,,,,0
acti-y72,ACTi,Y72,turret,5MP,5,"1/2.7"" CMOS",102.2 horizontal,ir,IP68,,,,0
acti-z310,ACTi,Z310,bullet,8MP,8,"1/2.7"" CMOS",99 horizontal / 55.3 vertical,ir,IP68,IK10,false,,0
acti-z315,ACTi,Z315,bullet,5MP,5,"1/2.7"" Progressive Scan CMOS",112.9 horizontal / 59.1 vertical,ir,IP68,IK10,false,,0
acti-z316,ACTi,Z316,bullet,2MP,2,"1/2.7"" Progressive Scan CMOS",108.6 horizontal / 62.7 vertical,ir,IP68,IK10,false,,0
acti-z316-p1,ACTi,Z316-P1,bullet,2MP,2,"1/2.7"" Progressive Scan CMOS",91.2 horizontal / 47.9 vertical,ir,IP68,IK10,false,,0
acti-z317,ACTi,Z317,bullet,4MP,4,"1/2.7"" Progressive Scan CMOS",99 horizontal / 53.8 vertical,ir,IP68,IK10,false,,0
acti-z317-p1,ACTi,Z317-P1,bullet,4MP,4,"1/2.7"" Progressive Scan CMOS",90 horizontal / 53.1 vertical,ir,IP68,IK10,false,,0
acti-z318,ACTi,Z318,bullet,8MP,8,"1/2.7"" CMOS",98.7 horizontal / 53.9 vertical,ir,IP68,IK10,false,,0
acti-z319,ACTi,Z319,bullet,5MP,5,"1/2.7"" Progressive Scan CMOS",105.2 horizontal / 63.1 vertical,ir,IP68,IK10,false,,0
acti-z322,ACTi,Z322,bullet,4MP,4,"1/2.7"" Progressive Scan CMOS",97 horizontal / 52.2 vertical,ir,IP68,,false,,0
acti-z324,ACTi,Z324,bullet,4MP,4,"1/1.8"" Progressive Scan CMOS",110.4 horizontal / 60.5 vertical,,IP68,IK10,false,,0
acti-z325,ACTi,Z325,bullet,8MP,8,"1/2.7"" CMOS",100.8 horizontal / 55.8 vertical,hybrid,IP68,,false,,0
acti-z330,ACTi,Z330,bullet,2MP,2,"1/2.7"" Progressive Scan CMOS",100.0 horizontal / 51.1 vertical,ir,IP68,IK10,false,,0
acti-z330-p1,ACTi,Z330-P1,bullet,2MP,2,"1/2.7"" Progressive Scan CMOS",80.9 horizontal / 39.6 vertical,ir,IP68,IK10,false,,0
acti-z331,ACTi,Z331,bullet,4MP,4,"1/2.7"" Progressive Scan CMOS",99 horizontal / 51.5 vertical,ir,IP68,IK10,false,,0
acti-z331-p1,ACTi,Z331-P1,bullet,4MP,4,"1/2.7"" Progressive Scan CMOS",83.6 horizontal / 41.9 vertical,ir,IP68,IK10,false,,0
acti-z332,ACTi,Z332,bullet,5MP,5,"1/2.7"" CMOS",100.7 horizontal / 51.5 vertical,hybrid,IP68,IK10,false,,0
acti-z337,ACTi,Z337,bullet,4MP,4,"1/2.7"" CMOS",79 horizontal / 42.3 vertical,hybrid,IP68,,true,,0
acti-z41,ACTi,Z41,bullet,2MP,2,"1/2.7"" Progressive Scan CMOS",110.3 - 30.5 horizontal / 58.4 - 16.8 vertical,ir,IP68,IK10,false,,0
acti-z411,ACTi,Z411,bullet,4MP,4,"1/1.8"" CMOS",61.3 - 3.4 horizontal / 36.3 - 1.9 vertical,ir,IP68,IK10,true,,0
acti-z412,ACTi,Z412,bullet,2MP,2,"1/2.7"" Progressive Scan CMOS",103.6 - 33.4 horizontal / 54.8 - 18.7 vertical,ir,IP68,IK10,false,,0
acti-z413-p1,ACTi,Z413-P1,bullet,4MP,4,"1/2.7"" CMOS",102.1 - 30.7 horizontal / 54.5 - 16.9 vertical,ir,IP68,IK10,true,,0
acti-z415,ACTi,Z415,bullet,2MP,2,"1/2.7"" Progressive Scan CMOS",55.87 - 4.71 horizontal / 68.72 - 5.56 vertical,ir,IP68,IK10,true,,0
acti-z416,ACTi,Z416,bullet,5MP,5,"1/2.7"" CMOS",59.99 - 5.73 horizontal / 35.03 - 3.39 vertical,ir,IP68,IK10,true,,0
acti-z419,ACTi,Z419,bullet,5MP,5,"1/2.7"" Progressive Scan CMOS",96.4 - 32.7 horizontal / 51.3 - 18.6 vertical,ir,IP68,,false,,0
acti-z429,ACTi,Z429,bullet,8MP,8,"1/2.7"" CMOS",111.5 - 34.4 horizontal / 58.7 - 19.2 vertical,hybrid,IP68,IK10,true,,0
acti-z47,ACTi,Z47,bullet,4K UHD,8,"1/2.7"" CMOS",99.8 - 31.1 horizontal / 53.1 - 17.7 vertical,ir,IP68,IK10,true,,0
acti-z49,ACTi,Z49,bullet,4MP,4,"1/2.7"" CMOS",102.1 - 30.7 horizontal / 54.5 - 16.9 vertical,ir,IP68,IK10,false,,0
acti-z510,ACTi,Z510,turret,2MP,2,"1/2.7"" CMOS",100.0 horizontal / 51.1 vertical,hybrid,IP68,,false,,0
acti-z511,ACTi,Z511,turret,4MP,4,"1/2.7"" Progressive Scan CMOS",100.7 horizontal / 51.5 vertical,ir,IP68,,false,,0
acti-z512,ACTi,Z512,turret,5MP,5,"1/2.7"" CMOS",100.7 horizontal / 51.5 vertical,hybrid,IP68,,false,,0
acti-z53,ACTi,Z53,turret,5MP,5,"1/2.7"" Progressive Scan CMOS",110.0 horizontal / 58.7 vertical,ir,IP68,IK10,false,,0
acti-z54,ACTi,Z54,turret,4MP,4,"1/1.8"" Progressive Scan CMOS",110.4 horizontal / 60.5 vertical,,IP68,IK10,false,,0
acti-z56,ACTi,Z56,turret,8MP,8,"1/2.7"" CMOS",100.8 horizontal / 55.8 vertical,hybrid,IP68,,false,,0
acti-z64,ACTi,Z64,turret,8MP,8,"1/2.7"" CMOS",111.5 - 34.4 horizontal / 58.7 - 19.2 (Visual camera) vertical,hybrid,IP68,IK10,false,,0
acti-z714,ACTi,Z714,dome,4K UHD,8,"1/2.7"" CMOS",99 horizontal / 55.3 vertical,ir,IP68,IK10,false,,0
acti-z72,ACTi,Z72,turret,4MP,4,"1/2.7"" Progressive Scan CMOS",101.1 horizontal / 55.3 vertical,ir,IP68,IK10,false,,0
acti-z721,ACTi,Z721,dome,4MP,4,"1/2.7"" Progressive Scan CMOS",101.1 horizontal / 55.3 vertical,ir,IP68,IK10,true,,0
acti-z722,ACTi,Z722,turret,1440p QHD,4,"1/2.7"" CMOS",97 horizontal / 52.2 vertical,hybrid,IP68,,false,,0
acti-z724,ACTi,Z724,dome,4MP,4,"1/1.8"" CMOS",110.4 horizontal / 60.5 vertical,ir,IP68,IK10,false,,0
acti-z78,ACTi,Z78,turret,2MP,2,"1/2.7"" Progressive Scan CMOS",108.6 horizontal / 62.7 vertical,ir,IP68,IK10,false,,0
acti-z79,ACTi,Z79,turret,4MP,4,"1/2.7"" Progressive Scan CMOS",101.1 horizontal / 55.3 vertical,ir,IP68,IK10,false,,0
acti-z79-p1,ACTi,Z79-P1,turret,4MP,4,"1/2.7"" Progressive Scan CMOS",101.1 horizontal / 55.3 vertical,ir,IP68,IK10,false,,0
acti-z81,ACTi,Z81,turret,2MP,2,"1/2.9"" Progressive Scan CMOS",94 - 28 horizontal / 56.7 - 14.4 vertical,ir,IP68,IK10,false,,0
acti-z810,ACTi,Z810,dome,4K UHD,8,"1/2.7"" CMOS",99.8 - 31.1 horizontal / 53.1 - 17.7 vertical,ir,IP68,IK10,true,,0
acti-z812,ACTi,Z812,dome,1080p FHD,2,"1/2.7"" CMOS",103.6 - 33.5 horizontal / 56 - 18.7 vertical,ir,IP68,IK10,false,,0
acti-z813,ACTi,Z813,dome,4MP,4,"1/2.7"" Progressive Scan CMOS",102.1 - 30.7 horizontal / 52.5 - 17.3 vertical,ir,IP68,IK10,false,,0
acti-z814,ACTi,Z814,turret,4MP,4,"1/2.7"" Progressive Scan CMOS",99.8 - 30.7 horizontal / 56 - 18.4 vertical,ir,IP68,IK10,false,,0
acti-z818,ACTi,Z818,dome,8MP,8,"1/2.7"" CMOS",111.5 - 34.4 horizontal / 58.7 - 19.2 vertical,hybrid,IP68,IK10,true,,0
acti-z819,ACTi,Z819,dome,5MP,5,"1/2.7"" Progressive Scan CMOS",96.4 - 32.7 horizontal / 51.3 - 18.6 vertical,ir,IP68,IK10,false,,0
acti-z82,ACTi,Z82,turret,4MP,4,"1/3"" Progressive Scan CMOS",91 - 27 horizontal / 67.4 - 14.2 vertical,ir,IP68,IK10,false,,0
acti-z84,ACTi,Z84,dome,4MP,4,"1/3"" CMOS",91 - 27 horizontal / 54.4 - 13.7 vertical,ir,IP68,IK10,,,0
acti-z86,ACTi,Z86,dome,4MP,4,"1/2.7"" CMOS",102.1 - 30.7 horizontal / 54.5 - 16.9 vertical,ir,IP68,IK10,false,,0
acti-z87,ACTi,Z87,turret,4MP,4,"1/2.7"" Progressive Scan CMOS",99.8 - 30.7 horizontal / 56 - 18.4 vertical,ir,IP68,IK10,false,,0
acti-z91,ACTi,Z91,dome,4MP,4,"1/3"" Progressive Scan CMOS",101.8 horizontal / 46.9 vertical,ir,IP67,IK10,true,,0
acti-z910,ACTi,Z910,dome,2MP,2,"1/2.7"" Progressive Scan CMOS",108.6 horizontal / 62.7 vertical,ir,IP68,IK10,false,,0
acti-z911,ACTi,Z911,dome,4MP,4,"1/2.7"" Progressive Scan CMOS",99 horizontal / 53.8 vertical,ir,IP68,IK10,false,,0
acti-z912,ACTi,Z912,dome,5MP,5,"1/2.7"" Progressive Scan CMOS",112.9 horizontal / 59.1 vertical,ir,IP68,IK10,false,,0
acti-z913,ACTi,Z913,dome,8MP,8,"1/2.7"" CMOS",99 horizontal / 55.3 vertical,ir,IP68,IK10,false,,0
acti-z914,ACTi,Z914,dome,2MP,2,"1/2.7"" CMOS",126 horizontal / 71 vertical,hybrid,,,true,,0
acti-z952,ACTi,Z952,ptz,4MP,4,"1/2.7"" Progressive Scan CMOS",55.3 - 3.2 horizontal / 56 - 2.1 vertical,ir,IP68,IK10,true,,0
acti-z953,ACTi,Z953,ptz,8MP,8,"1/1.8"" CMOS",61.4 - 2.15 horizontal / 38.8 - 1.43 vertical,ir,IP66,,true,,0
acti-z954,ACTi,Z954,ptz,8MP,8,"1/1.8"" CMOS",60.5 - 3.1 horizontal / 36.3 - 1.8 vertical,ir,IP66,IK10,true,,0
acti-z956,ACTi,Z956,ptz,4MP,4,"1/2.7"" Progressive Scan CMOS",51.4 - 2.5 horizontal / 30.3 - 1.4 vertical,,IP68,IK10,true,,0
acti-z957,ACTi,Z957,ptz,4MP,4,"1/2.7"" Progressive Scan CMOS",51.4 - 2.5 horizontal / 30.3 - 1.4 vertical,ir,IP66,IK10,true,,0
acti-z958,ACTi,Z958,ptz,2MP,2,"1/2.7"" Progressive Scan CMOS",51.7 - 4.89 horizontal / 30.49 - 2.75 vertical,ir,IP66,IK10,false,,0
acti-z959,ACTi,Z959,ptz,4MP,4,"1/2.7"" CMOS",50.85 - 3.47 horizontal / 29.94 - 1.95 vertical,ir,IP66,IK10,true,,0
acti-z972,ACTi,Z972,ptz,5MP,5,"1/2.7"" Progressive Scan CMOS",106.9 - 30.6 horizontal / 56.0 - 17.7 vertical,ir,,,true,,0
adt-command-indoor-cam,ADT,ADT+ Indoor Camera,dome,2K QHD,4,,124 diagonal,color,IP20,,true,2023,0
adt-command-outdoor-cam,ADT,ADT+ Outdoor Camera,bullet,2K QHD,4,,140 horizontal,color,IP65,,true,2023,0
adt-doorbell-cam-v2,ADT,ADT+ Video Doorbell,doorbell,1080p HD,2,,150h,ir,IP44,,true,2023,0
ajax-bulletcam-hl-5mp-28mm,Ajax,BulletCam HL (5 MP/2.8 mm),bullet,5MP,5,"1/2.8"" CMOS",100-110 H / 50-60 V / 125-135 D,hybrid,IP65,IK08,false,,0
ajax-bulletcam-hl-5mp-4mm,Ajax,BulletCam HL (5 MP/4 mm),bullet,5MP,5,"1/2.8"" CMOS",75-85 H / 40-50 V / 105-115 D,hybrid,IP65,IK08,false,,0
ajax-bulletcam-hl-8mp-28mm,Ajax,BulletCam HL (8 MP/2.8 mm),bullet,4K/8MP,8,"1/2.7"" CMOS",100-110 H / 50-60 V / 125-135 D,hybrid,IP65,IK08,false,,0
ajax-bulletcam-hl-8mp-4mm,Ajax,BulletCam HL (8 MP/4 mm),bullet,4K/8MP,8,"1/2.7"" CMOS",75-85 H / 40-50 V / 105-115 D,hybrid,IP65,IK08,false,,0
ajax-domecam-hlvf-5mp,Ajax,DomeCam HLVF (5 MP),dome,5MP,5,"1/2.7"" CMOS",31-111 H / 17-57 V / 35-135 D,hybrid,IP67,IK10,true,,0
ajax-domecam-hlvf-8mp,Ajax,DomeCam HLVF (8 MP),dome,4K/8MP,8,"1/2.8"" CMOS",31-111 H / 17-57 V / 35-135 D,hybrid,IP67,IK10,true,,0
ajax-domecam-mini-5mp-28mm,Ajax,DomeCam Mini (5 MP/2.8 mm),dome,5MP,5,"1/2.7"" CMOS",100-110 H / 50-60 V / 125-135 D,ir,IP65,IK08,false,,0
ajax-domecam-mini-5mp-4mm,Ajax,DomeCam Mini (5 MP/4 mm),dome,5MP,5,"1/2.7"" CMOS",75-85 H / 40-50 V / 105-115 D,ir,IP65,IK08,false,,0
ajax-domecam-mini-8mp-28mm,Ajax,DomeCam Mini (8 MP/2.8 mm),dome,4K/8MP,8,"1/2.8"" CMOS",100-110 H / 50-60 V / 125-135 D,ir,IP65,IK08,false,,0
ajax-domecam-mini-8mp-4mm,Ajax,DomeCam Mini (8 MP/4 mm),dome,4K/8MP,8,"1/2.8"" CMOS",75-85 H / 40-50 V / 105-115 D,ir,IP65,IK08,false,,0
ajax-domecam-mini-hl-5mp-28mm,Ajax,DomeCam Mini HL (5 MP/2.8 mm),dome,5MP,5,"1/2.8"" CMOS",100-110 H / 50-60 V / 125-135 D,hybrid,IP65,IK08,false,,0
ajax-domecam-mini-hl-8mp-28mm,Ajax,DomeCam Mini HL (8 MP/2.8 mm),dome,4K/8MP,8,"1/2.7"" CMOS",100-110 H / 50-60 V / 125-135 D,hybrid,IP65,IK08,false,,0
ajax-domecam-mini-hl-8mp-4mm,Ajax,DomeCam Mini HL (8 MP/4 mm),dome,4K/8MP,8,"1/2.7"" CMOS",75-85 H / 40-50 V / 105-115 D,hybrid,IP65,IK08,false,,0
ajax-doorbell,Ajax,DoorBell,doorbell,4MP,4,4MP CMOS,155 H / 90 V,ir,IP54,,true,,0
ajax-superior-bulletcam-hlvf-4mp,Ajax,Superior BulletCam HLVF (4 MP),bullet,4MP,4,"1/1.8"" CMOS",47-110 H / 54-135 D,hybrid,IP67,IK10,true,,0
ajax-superior-bulletcam-hlvf-8mp,Ajax,Superior BulletCam HLVF (8 MP),bullet,4K/8MP,8,"1/1.8"" CMOS",47-110 H / 54-135 D,hybrid,IP67,IK10,true,,0
ajax-superior-domecam-hlvf-4mp,Ajax,Superior DomeCam HLVF (4 MP),dome,4MP,4,"1/1.8"" CMOS",47-110 H / 54-135 D,hybrid,IP67,IK10,true,,0
ajax-superior-domecam-hlvf-8mp,Ajax,Superior DomeCam HLVF (8 MP),dome,4K/8MP,8,"1/1.8"" CMOS",47-110 H / 54-135 D,hybrid,IP67,IK10,true,,0
ajax-turretcam-5mp-28mm,Ajax,TurretCam (5 MP/2.8 mm),turret,5MP,5,"1/2.7"" CMOS",100-110 H / 50-60 V / 125-135 D,ir,IP65,IK08,false,,0
ajax-turretcam-5mp-4mm,Ajax,TurretCam (5 MP/4 mm),turret,5MP,5,"1/2.7"" CMOS",75-85 H / 40-50 V / 105-115 D,ir,IP65,IK08,false,,0
ajax-turretcam-8mp-28mm,Ajax,TurretCam (8 MP/2.8 mm),turret,4K/8MP,8,"1/2.8"" CMOS",100-110 H / 50-60 V / 125-135 D,ir,IP65,IK08,false,,0
ajax-turretcam-8mp-4mm,Ajax,TurretCam (8 MP/4 mm),turret,4K/8MP,8,"1/2.8"" CMOS",75-85 H / 40-50 V / 105-115 D,ir,IP65,IK08,false,,0
amcrest-ad410-doorbell,Amcrest,AD410 2K Video Doorbell,doorbell,2K QHD,4,,163 diagonal (head-to-toe),ir,IP65,,true,2022,1
amcrest-adc2w,Amcrest,ADC2W,bullet,1080p,2,"1/2.7"" CMOS",133,ir,IP65,,true,,0
amcrest-al-l411w,Amcrest,AL-L411W,ptz,4MP (2560x1440),4,"1/3"" CMOS",90.5,hybrid,IP45,,true,,0
amcrest-al-p402w,Amcrest,AL-P402W,ptz,1080p,2,"1/3"" CMOS",93,hybrid,IP65,,true,,0
amcrest-al-w301w,Amcrest,AL-W301W,box,3MP (2304x1296),3,"1/2.8"" CMOS",100,color,,,true,,0
amcrest-al4m-p401w,Amcrest,AL4M-P401W,ptz,4MP,4,"1/3"" CMOS",82 horizontal; 345 pan / -20 to 16 tilt,ir,,,true,,0
amcrest-al4m-p402w,Amcrest,AL4M-P402W,dual-lens,2x2MP (1920x1080 per lens),4,"1/3"" CMOS",93 horizontal (per lens); 345 pan / 90 tilt,hybrid,IP65,,true,,0
amcrest-al5m-b5172ew,Amcrest,AL5M-B5172EW,bullet,5MP,5,"1/2.7"" CMOS",111 horizontal / 58 vertical / 132 diagonal,hybrid,IP67,,true,,0
amcrest-al5m-t5171ew,Amcrest,AL5M-T5171EW,turret,5MP,5,"1/2.7"" CMOS",111 horizontal / 58 vertical / 132 diagonal,hybrid,IP67,,true,,0
amcrest-al8m-b8199ew,Amcrest,AL8M-B8199EW,bullet,8MP (4K),8,"1/2.7"" CMOS",112.3 horizontal / 58.7 vertical / 135.2 diagonal,hybrid,,,true,,0
amcrest-al8m-t8198ew,Amcrest,AL8M-T8198EW,turret,4K,8,"1/2.7"" CMOS",135.2,hybrid,IP67,,true,,0
amcrest-ash21-b,Amcrest,ASH21-B,ptz,1080p,2,"1/2.7"" CMOS","93 (H), 48 (V), 115 (D); pan 355, tilt -5 to 80",ir,,,true,,0
amcrest-ash21-w,Amcrest,ASH21-W,ptz,1080p,2,"1/2.7"" CMOS","93 (H), 48 (V), 115 (D); pan 355, tilt -5 to 80",ir,,,true,,0
amcrest-ash22-w,Amcrest,ASH22-W,bullet,1080p,2,"1/2.8"" CMOS",102,ir,IP67,,false,,0
amcrest-ash26-w,Amcrest,ASH26-W,floodlight,2MP,2,"1/2.7"" 2MP progressive CMOS",114,ir,IP65,,true,,0
amcrest-ash41-b,Amcrest,ASH41-B,ptz,4MP,4,"1/2.7"" CMOS","79 (H), 44 (V), 94 (D); pan 355, tilt -5 to 80",ir,,,true,,0
amcrest-ash41-w,Amcrest,ASH41-W,ptz,4MP,4,"1/2.7"" CMOS","79 (H), 44 (V), 94 (D); pan 355, tilt -5 to 80",ir,,,true,,0
amcrest-ash42-w,Amcrest,ASH42-W,bullet,2K QHD,4,,101 horizontal,ir,IP66,,false,2023,0
amcrest-hlx-ip5m-b102ew-ai,Amcrest,HLX-IP5M-B102EW-AI,bullet,5MP,5,"1/3"" Progressive Scan CMOS","H: 93.2, V: 50.2",hybrid,IP66,,true,,0
amcrest-hlx-ip5m-t103ew-ai,Amcrest,HLX-IP5M-T103EW-AI,turret,5MP,5,"1/3"" Progressive Scan CMOS","H: 93.2, V: 50.2",hybrid,IP66,,false,,0
amcrest-hlx-ip8m-t303ew-ai,Amcrest,HLX-IP8M-T303EW-AI,turret,8MP (4K),8,"1/2.8"" Progressive Scan CMOS","H: 101.4, V: 55.3",hybrid,IP66,,false,,0
amcrest-ip2m-841b,Amcrest,IP2M-841B 1080p WiFi Bullet,ptz,1080p HD,2,,90,ir,,,true,2019,0
amcrest-ip2m-841b-v3,Amcrest,IP2M-841B,ptz,1080p,2,"1/2.7"" CMOS","90; pan 360, tilt 90",ir,,,true,,0
amcrest-ip2m-841s,Amcrest,IP2M-841S,ptz,1080p,2,"1/2.7"" progressive scan CMOS",90,ir,,,true,,0
amcrest-ip2m-841w-v3,Amcrest,IP2M-841W,ptz,1080p,2,"1/2.7"" CMOS","90; pan 360, tilt 90",ir,,,true,,0
amcrest-ip2m-863ew-ai-v3,Amcrest,IP2M-863EW-AI-V3,ptz,1080p,2,"1/2.8"" CMOS",H: 58.5-2.8; V: 33.2-1.5; D: 67.5-3.2,ir,IP66,,true,,0
amcrest-ip3m-941b,Amcrest,IP3M-941B,ptz,2K (3MP),3,"1/3"" progressive scan CMOS",90,ir,,,true,,0
amcrest-ip3m-941s,Amcrest,IP3M-941S,ptz,2K (3MP),3,"1/3"" progressive scan CMOS",90,ir,,,true,,0
amcrest-ip3m-943s,Amcrest,IP3M-943S,bullet,2K (3MP),3,"1/3"" progressive scan CMOS",100,ir,IP67,,,,0
amcrest-ip4m-1041b,Amcrest,IP4M-1041B,ptz,4MP,4,"1/3"" 4MP progressive scan CMOS",90,ir,,,true,2021,0
amcrest-ip4m-1041w,Amcrest,IP4M-1041W,ptz,4MP,4,"1/3"" 4MP progressive scan CMOS",90,ir,,,true,2021,0
amcrest-ip4m-1046ew-ai,Amcrest,IP4M-1046EW-AI,bullet,4MP,4,"1/1.8"" CMOS",113,color,IP67,,true,,0
amcrest-ip4m-1051b,Amcrest,IP4M-1051B,ptz,4MP,4,"1/2.9"" progressive scan CMOS",120 diagonal,ir,IP20,,true,,0
amcrest-ip4m-1051ew,Amcrest,IP4M-1051E 4MP WiFi Dome,dome,4MP,4,,120,ir,IP20,,true,2022,0
amcrest-ip4m-1051w,Amcrest,IP4M-1051W,ptz,4MP,4,"1/2.9"" progressive scan CMOS",120 diagonal,ir,IP20,,true,,0
amcrest-ip4m-1055e,Amcrest,IP4M-1055E,dome,4MP,4,"1/3"" 4Megapixel progressive CMOS","104 horizontal, 57 vertical",ir,IP67,,false,2019,0
amcrest-ip4m-1062ew-ai,Amcrest,IP4M-1062EW-AI,bullet,4MP,4,"1/1.8"" CMOS",10.63-46.6,color,IP67,,,,0
amcrest-ip4m-1063ew-ai-v2,Amcrest,IP4M-1063EW-AI-V2,ptz,4MP,4,"1/2.8"" CMOS",63.1-3.7,hybrid,IP66,,true,,0
amcrest-ip4m-1093ew-ai,Amcrest,IP4M-1093EW-AI,ptz,4MP,4,"1/2.8"" Starvis CMOS",3.3-63.7,hybrid,IP66,,true,,0
amcrest-ip4m-1098ew-ai,Amcrest,IP4M-1098EW-AI,ptz,4MP,4,"1/2.8"" Starvis CMOS",34.6-112.3,hybrid,IP66,,true,,0
amcrest-ip4m-pb181ew-ai,Amcrest,IP4M-PB181EW-AI,panoramic,4MP,4,"1/3"" CMOS",180,ir,IP67,,,,0
amcrest-ip4m-pd183ew-ai,Amcrest,IP4M-PD183EW-AI,dome,4MP UltraHD,4,"1/2.7"" CMOS",H: 180; V: 78; D: 180 (LDC off),ir,IP67,,false,,0
amcrest-ip4m-s2112ew-ai,Amcrest,IP4M-S2112EW-AI,ptz,4MP,4,"1/3"" 4MP CMOS",32-107.6,ir,IP66,,,,0
amcrest-ip5m-b1186eb-ai-v3,Amcrest,IP5M-B1186EB-AI-V3,bullet,5MP,5,"1/2.7"" Progressive CMOS",132,ir,IP67,,false,,0
amcrest-ip5m-b1186ew,Amcrest,IP5M-B1186EW,bullet,5MP,5,,132,ir,IP67,,false,2023,0
amcrest-ip5m-b1276eb-ai,Amcrest,IP5M-B1276EB-AI,bullet,5MP,5,"1/2.7"" CMOS",110,hybrid,IP67,,false,,0
amcrest-ip5m-b1276ew-ai,Amcrest,IP5M-B1276EW-AI,bullet,5MP,5,"1/2.7"" CMOS",110,hybrid,IP67,,false,,0
amcrest-ip5m-d1188ew-ai-v3,Amcrest,IP5M-D1188EW-AI-V3,dome,5MP,5,"1/2.7"" CMOS",132,ir,IP67,IK10,,,0
amcrest-ip5m-f1180ew-v2,Amcrest,IP5M-F1180EW-V2,fisheye,5MP,5,"1/2.7"" Progressive CMOS",180,ir,,,false,,0
amcrest-ip5m-t1179e,Amcrest,UltraHD 5MP Turret PoE (IP5M-T1179E),turret,5MP,5,"1/2.7"" CMOS",103 horizontal,ir,IP67,,false,,0
amcrest-ip5m-t1179ew-ai-v3,Amcrest,IP5M-T1179EW-AI-V3,turret,5MP,5,"1/2.7"" CMOS","H: 111, V: 58, D: 132",ir,IP67,,false,,0
amcrest-ip5m-t1273ew-ai,Amcrest,IP5M-T1273EW-AI,turret,5MP,5,"1/2.7"" CMOS",98,color,IP67,,,,0
amcrest-ip5m-t1277ew,Amcrest,5MP AI Turret PoE (IP5M-T1277E),turret,5MP,5,"1/2.7"" CMOS",129,hybrid,IP67,,false,,0
amcrest-ip5m-w1150ew-ai,Amcrest,IP5M-W1150EW-AI,box,5MP,5,"1/2.7"" 5MP progressive CMOS",98,ir,IP67,,,,0
amcrest-ip8m-2454ew,Amcrest,IP8M-2454EW,dome,4K,8,"1/2.5"" CMOS",110-40,ir,IP67,,false,,0
amcrest-ip8m-2493eb-ai-v3,Amcrest,IP8M-2493EB-AI-V3,dome,4K,8,"1/2.5"" CMOS",112,ir,IP67,,false,,0
amcrest-ip8m-2493eb-v2,Amcrest,IP8M-2493EB-V2,dome,4K,8,"1/2.7"" 8MP progressive CMOS",105,ir,IP67,,,,0
amcrest-ip8m-2493ew,Amcrest,4K AI Dome PoE (IP8M-2493E),dome,4K UHD,8,CMOS,125 horizontal,ir,IP67,,true,,0
amcrest-ip8m-2493ew-ai-v3,Amcrest,IP8M-2493EW-AI-V3,dome,4K,8,"1/2.7"" CMOS",125 diagonal,ir,IP67,IK10,,2023,0
amcrest-ip8m-2493ew-v2,Amcrest,IP8M-2493EW-V2,dome,4K UHD,8,"1/2.7"" progressive scan CMOS","105 horizontal, 56 vertical, 125 diagonal",ir,IP67,IK10,false,,0
amcrest-ip8m-2496e,Amcrest,UltraHD 4K Bullet PoE (IP8M-2496E),bullet,4K UHD,8,"1/2.5"" Sony Starvis CMOS",105 horizontal (2.8mm) / 88 horizontal (4mm),ir,IP67,,false,2018,0
amcrest-ip8m-2496eb-v2,Amcrest,IP8M-2496EB-V2,bullet,4K UHD,8,"1/2.7"" CMOS",105 horizontal / 56 vertical / 125 diagonal,ir,IP67,,,,0
amcrest-ip8m-2496ew-v2,Amcrest,IP8M-2496EW-V2,bullet,4K UHD,8,"1/2.7"" CMOS",105 horizontal / 56 vertical / 125 diagonal,ir,IP67,,,,0
amcrest-ip8m-2597e,Amcrest,UltraHD 4K Bullet PoE 30fps (IP8M-2597E),bullet,4K UHD,8,"1/1.8"" 8MP progressive CMOS",111 horizontal,ir,IP67,,false,2020,0
amcrest-ip8m-2693ew,Amcrest,IP8M-2693EW,dome,4K UHD,8,,108,ir,IP67,,true,2023,0
amcrest-ip8m-2693ew-ai,Amcrest,IP8M-2693EW-AI,dome,4K,8,"1/2.8"" CMOS",108,ir,IP67,,,,0
amcrest-ip8m-2779e,Amcrest,UltraHD 4K AI Turret PoE (IP8M-2779E),turret,4K UHD,8,"1/2.8"" CMOS",129 horizontal,color,IP67,,false,,0
amcrest-ip8m-2779eb-ai,Amcrest,IP8M-2779EB-AI,turret,4K UHD,8,"1/2.8"" CMOS",108 horizontal / 56 vertical / 129 diagonal,ir,IP67,,false,,0
amcrest-ip8m-2779ew-ai,Amcrest,IP8M-2779EW-AI,turret,4K UHD,8,"1/2.8"" CMOS",108 horizontal / 56 vertical / 129 diagonal,ir,IP67,,false,,0
amcrest-ip8m-2796eb-ai,Amcrest,IP8M-2796EB-AI,bullet,4K UHD,8,"1/2.8"" CMOS",108 horizontal / 56 vertical / 129 diagonal,ir,IP67,,false,,0
amcrest-ip8m-2796ew-ai,Amcrest,IP8M-2796EW-AI,bullet,4K UHD,8,"1/2.8"" CMOS",108 horizontal / 56 vertical / 129 diagonal,ir,IP67,,false,,0
amcrest-ip8m-2899ew-ai,Amcrest,IP8M-2899EW-AI,ptz,4K,8,"1/2.8"" CMOS",59.3,ir,IP66,,,,0
amcrest-ip8m-2899ew-ai-v2,Amcrest,IP8M-2899EW-AI-V2,ptz,4K,8,"1/2.8"" STARVIS CMOS",59.3-3.9,ir,IP66,,true,2022,0
amcrest-ip8m-db3946ew-3ai,Amcrest,IP8M-DB3946EW-3AI,bullet,4K UHD,8,"1/2.8"" CMOS",106 horizontal / 55 vertical / 125 diagonal,ir,IP67,,true,,0
amcrest-ip8m-dlb2998ew-ai,Amcrest,IP8M-DLB2998EW-AI,dual-lens,4K,8,"2 x 1/2.7"" CMOS",180,hybrid,IP67,,true,,0
amcrest-ip8m-dlb2998w-ai,Amcrest,IP8M-DLB2998W-AI,dual-lens,4K,8,"2 x 1/2.7"" CMOS",180,hybrid,IP67,,true,,0
amcrest-ip8m-fcb2996ew-ai,Amcrest,IP8M-FCB2996EW-AI,dual-lens,4K,8,"Dual 1/1.8"" 4K CMOS",180,color,IP67,,true,,0
amcrest-ip8m-fct2999ew-ai,Amcrest,IP8M-FCT2999EW-AI,panoramic,4096x1800 panoramic,8,"2 x 1/1.8"" CMOS (dual 4MP, stitched panoramic)",180,color,IP67,,true,2023,0
amcrest-ip8m-mb182e-ai,Amcrest,IP8M-MB182E-AI,panoramic,4K,8,"1/2.8"" CMOS",180,ir,IP67,,,,0
amcrest-ip8m-md180e-ai,Amcrest,IP8M-MD180E-AI,panoramic,4K,8,,180,ir,IP67,,,,0
amcrest-ip8m-mt2544ew,Amcrest,IP8M-MT2544EW,turret,4K,8,"1/2.5"" STARVIS CMOS",110-40,ir,IP67,,false,,0
amcrest-ip8m-t2599ew,Amcrest,IP8M-T2599EW,turret,4K UHD,8,,125,ir,IP67,,true,2023,0
amcrest-ip8m-t2599ew-ai-v3,Amcrest,IP8M-T2599EW-AI-V3,turret,4K (8MP),8,"1/2.7"" CMOS","H: 106, V: 56, D: 125",ir,IP67,,false,,0
amcrest-ip8m-vb2896ew-ai,Amcrest,IP8M-VB2896EW-AI 8MP Veri-focal AI PoE Bullet Network Camera,bullet,4K,8,"1/2.8"" 8MP progressive CMOS",31-113,ir,IP67,,,,0
amcrest-ip8m-vt2779ew,Amcrest,IP8M-VT2779EW,turret,4K,8,"1/2.7"" CMOS",31-113,ir,IP67,,,2021,0
amcrest-ip8m-vt2879ew-ai,Amcrest,IP8M-VT2879EW-AI,turret,4K,8,"1/2.8"" CMOS",31-113,ir,IP67,,,,0
annke-ac400-i81hq,Annke,AC400 I81HQ,dome,4MP,4,"1/3"" Progressive Scan CMOS",104 horizontal (123 diagonal),ir,IP67,IK08,false,2023,0
annke-ac500,Annke,AC500,turret,5MP 3K,5,"1/3"" BSI CMOS",105 horizontal,hybrid,IP67,,true,2023,0
annke-ac800,Annke,AC800,bullet,4K UHD,8,"1/1.8"" BSI CMOS",102 horizontal (134 diagonal),hybrid,IP67,IK08,true,2022,0
annke-ap008,Annke,AP008,turret,8MP,8,,,hybrid,IP67,,true,,0
annke-ap013,Annke,AP013,turret,3K,4.9,,,hybrid,IP67,,true,,0
annke-ap015,Annke,AP015,panoramic,8MP,8,,,,IP67,,true,,0
annke-ap017,Annke,AP017,turret,4K,8,,,hybrid,IP67,,true,,0
annke-ap037,Annke,AP037,panoramic,4K,8.29,,180,hybrid,IP66,,true,,0
annke-ap039,Annke,AP039,turret,12MP,12,,,hybrid,IP67,,true,,0
annke-ap050,Annke,AP050,bullet,3K,5,,,hybrid,IP67,,true,,0
annke-ap068,Annke,AP068,turret,3K,5,,,hybrid,IP67,,false,,0
annke-ap069,Annke,AP069,ptz,4MP,4,,,,,,,,0
annke-c1200-i91dd,Annke,C1200 I91DD,bullet,12MP,12,"1/2.7"" Progressive Scan CMOS",,hybrid,IP67,,false,,0
annke-c1200-i91dn,Annke,C1200 I91DN,turret,12MP UHD,12,"1/2.7"" Progressive Scan CMOS",113 horizontal (134 diagonal),hybrid,IP67,,false,2024,0
annke-c1200d-i91dg,Annke,C1200D I91DG,dome,12MP,12,"1/2.7"" Progressive Scan CMOS",,hybrid,IP67,IK08,false,,0
annke-c500-i51hl,Annke,C500 I51HL,bullet,5MP 3K,5,"OmniVision 1/2.7"" CMOS",100 horizontal (2.8mm),ir,IP67,,false,2021,0
annke-c500d-i51dn,Annke,C500D I51DN,dome,3K (2592x1944),5,"1/3"" OmniVision Progressive Scan CMOS",,ir,IP67,,false,,0
annke-c51by,Annke,c51by,bullet,1080p HD,2,CMOS,"76.9 horizontal, 40.6 vertical",ir,IP67,,,,0
annke-c51bz,Annke,c51bz,turret,1080p HD,2,CMOS,"76.9 horizontal, 40.6 vertical",ir,IP67,,,,0
annke-c51ez,Annke,c51ez,turret,1080p HD,2,CMOS,"102 horizontal, 54 vertical, 121 diagonal",color,IP66,,,,0
annke-c800-i91bd,Annke,C800 I91BD,bullet,4K UHD,8,"1/2.5"" Progressive Scan CMOS",102 horizontal / 123 diagonal,ir,IP67,,false,2020,0
annke-c800-i91bl,Annke,C800 I91BL,bullet,4K UHD,8,"1/2.5"" Progressive Scan CMOS",102 horizontal / 123 diagonal,ir,IP67,,false,2021,0
annke-c800-i91bm,Annke,C800 I91BM,turret,4K UHD,8,"1/2.5"" Progressive Scan CMOS",102 horizontal / 123 diagonal,ir,IP67,,false,2021,0
annke-c800-i91bn,Annke,C800 I91BN,dome,4K UHD,8,"1/2.5"" Progressive Scan CMOS",102 horizontal / 123 diagonal,ir,IP67,IK10,false,2021,0
annke-c800-i91df,Annke,C800 I91DF,dome,4K UHD,8,"1/2.4"" Progressive Scan CMOS",,hybrid,IP67,IK08,false,,0
annke-c800-i91dl,Annke,C800 I91DL,bullet,4K UHD,8,"1/2.4"" Progressive Scan CMOS",,hybrid,IP67,,false,,0
annke-c800-i91dm-28mm,Annke,C800 I91DM 2.8mm,turret,4K UHD,8,"1/2.4"" Progressive Scan CMOS",105 horizontal / 127 diagonal,hybrid,IP67,,false,,0
annke-c800-i91dm-40mm,Annke,C800 I91DM 4.0mm,turret,4K UHD,8,"1/2.4"" Progressive Scan CMOS",78 horizontal / 96 diagonal,hybrid,IP67,,false,,0
annke-c800x-i91by,Annke,C800X I91BY,bullet,4K UHD,8,"1/1.8"" Progressive Scan CMOS (BSI)","110 horizontal, 57 vertical, 134 diagonal",hybrid,IP67,,true,2023,0
annke-c800x-i91db,Annke,C800X I91DB,turret,4K UHD,8,"1/1.8"" Progressive Scan CMOS","111 horizontal, 59 vertical, 134 diagonal",hybrid,IP67,,true,,0
annke-cr1cj,Annke,cr1cj,bullet,3k HD,5,CMOS,80.1,color,IP67,,false,,0
annke-cr1cv,Annke,cr1cv,bullet,3k HD,5,CMOS,"107 horizontal, 64 vertical, 129 diagonal",ir,IP67,,false,,0
annke-cr1cw,Annke,cr1cw,turret,3k HD,5,CMOS,"107 horizontal, 64 vertical, 129 diagonal",ir,IP67,,false,,0
annke-cr1cx,Annke,cr1cx,bullet,3k HD,5,CMOS,"107 horizontal, 64 vertical, 129 diagonal",ir,IP67,,false,,0
annke-cr1cy,Annke,cr1cy,bullet,3k HD,5,CMOS,"102 horizontal, 56 vertical, 122 diagonal",color,IP67,,false,,0
annke-cr1cz,Annke,cr1cz,turret,3k HD,5,CMOS,"102 horizontal, 56 vertical, 122 diagonal",color,IP67,,false,,0
annke-cr1dd,Annke,cr1dd,bullet,3k HD,5,CMOS,"180 horizontal, 75 vertical",color,IP67,,false,,0
annke-cr1dr,Annke,cr1dr,turret,3k HD,5,CMOS,"180 horizontal, 75 vertical",color,IP67,,false,,0
annke-cr1eq,Annke,cr1eq,bullet,4k HD,8,CMOS,"180 horizontal, 59 vertical, diagonal 127",hybrid,IP67,,false,,0
annke-cr1es,Annke,cr1es,turret,4k HD,8,CMOS,"180 horizontal, 59 vertical, diagonal 127",hybrid,IP67,,false,,0
annke-cr1fc,Annke,cr1fc,ptz,3k HD,5,CMOS,,ir,IP65,,false,,0
annke-ct1dw,Annke,ct1dw,bullet,1080p HD,2,CMOS,"102 horizontal, 54 vertical, 121 diagonal",color,IP66,,,,0
annke-ct1fc,Annke,ct1fc,bullet,1080p HD,2,CMOS,"76.9 horizontal, 40.6 vertical",ir,IP67,,,,0
annke-ct1gr,Annke,ct1gr,bullet,1080p HD,2,CMOS,"76.9 horizontal, 40.6 vertical",ir,IP67,,,,0
annke-ct1gs,Annke,ct1gs,turret,1080p HD,2,CMOS,"76.9 horizontal, 40.6 vertical",ir,IP67,,,,0
annke-ct1gt,Annke,ct1gt,bullet,1080p HD,2,CMOS,"78 horizontal, 42 vertical, 92 diagonal",hybrid,IP67,,false,,0
annke-ct1gu,Annke,ct1gu,turret,1080p HD,2,CMOS,"78 horizontal, 42 vertical, 92 diagonal",hybrid,IP67,,false,,0
annke-ct1gv,Annke,ct1gv,dome,1080p HD,2,Progressive Scan CMOS,,ir,IP65,,,,0
annke-cz425x-i81hb,Annke,CZ425X I81HB,ptz,4MP (2560x1440),4,"1/2.8"" Progressive Scan CMOS",,hybrid,IP66,IK10,false,,0
annke-cz804-i91de,Annke,CZ804 I91DE,bullet,4K UHD,8,"1/2.4"" Progressive Scan CMOS",,hybrid,IP67,,true,,0
annke-cz804-i91dq,Annke,CZ804 I91DQ,dome,4K UHD,8,"1/2.4"" Progressive Scan CMOS",,hybrid,IP67,IK08,false,,0
annke-cz825x-i91bw,Annke,CZ825X I91BW,ptz,4K UHD,8,"1/1.8"" Progressive Scan CMOS",,hybrid,IP66,IK10,true,,0
annke-fcd600-i51fs,Annke,FCD600 I51FS,panoramic,6MP panoramic (3632x1632),6,"2x 1/2.5"" Progressive Scan CMOS",,hybrid,IP67,,true,,0
annke-fcd800-i91et,Annke,FCD800 I91ET,panoramic,4096x1860 panoramic,8,"2x 1/2.4"" Progressive Scan CMOS",,hybrid,IP67,,true,,0
annke-fcd800-i91ev,Annke,FCD800 I91EV,panoramic,4096x1860 panoramic,8,"2x 1/2.4"" Progressive Scan CMOS",,hybrid,IP67,,true,,0
annke-i41cdwb,Annke,I41CDWB,bullet,4MP,4,,,hybrid,IP67,,true,,0
annke-i41chwb,Annke,I41CHWB,turret,4MP,4,,,hybrid,IP67,,true,,0
annke-i41dtwb,Annke,I41DTWB,bullet,4MP,4,,,hybrid,IP67,,true,,0
annke-i41fgwb,Annke,I41FGWB,bullet,4MP,4,,,hybrid,IP67,,true,,0
annke-i41ghwb,Annke,I41GHWB,dome,4MP,4,,,hybrid,IP67,IK10,false,,0
annke-i41jc,Annke,I41JC,bullet,1080P,2,"1/1.8"" Progressive Scan CMOS",42.5-15.1 x 23.3-8.64,hybrid,IP67,IK10,false,,0
annke-i41liwb,Annke,I41LIWB,dome,4MP,4,,,hybrid,IP67,IK10,,,0
annke-i41sewb,Annke,I41SEWB,dual-lens,4MP,4,,,hybrid,,,true,,0
annke-i41slwb,Annke,I41SLWB,turret,4MP,4,,,hybrid,IP67,,true,,0
annke-i41suwb,Annke,I41SUWB,panoramic,4MP,4,,,ir,IP67,,true,,0
annke-i41uywb,Annke,I41UYWB,bullet,4MP,4,,,hybrid,IP67,IK10,true,,0
annke-i41xswb,Annke,I41XSWB,turret,4MP,4,,,hybrid,IP67,,true,,0
annke-i51bxwb,Annke,I51BXWB,bullet,4MP,4,"1/2.7"" Progressive Scan CMOS",39.4 x 22.1,ir,IP67,IK10,false,,0
annke-i51cp,Annke,I51CP,ptz,5MP,5,"1/2.8""",,hybrid,IP66,,true,,0
annke-i51dl,Annke,I51DL,bullet,3K,3.87,"1/3"" Progressive Scan CMOS",99 x 55,ir,IP67,,false,,0
annke-i51ds,Annke,I51DS,turret,3K,5.3,"1/3"" Progressive Scan CMOS",99 x 55,ir,IP67,,false,,0
annke-i51dw,Annke,I51DW,panoramic,6MP,6,"2 x 1/2.5"" Progressive Scan CMOS",180 x 81,hybrid,IP66,,true,,0
annke-i51dx,Annke,I51DX,panoramic,6MP panoramic (3632x1632),6,"2x 1/2.5"" Progressive Scan CMOS",,hybrid,IP66,,true,,0
annke-i51eg,Annke,I51EG,bullet,3K,5.3,"1/3"" Progressive Scan CMOS",98 x 54,hybrid,IP67,,false,,0
annke-i51eh,Annke,I51EH,turret,3K,5.3,"1/3"" Progressive Scan CMOS",98 x 54,hybrid,IP67,,false,,0
annke-i51el,Annke,I51EL,bullet,3K,5,"1/3"" Progressive Scan CMOS",98 x 54,hybrid,IP67,,false,,0
annke-i51em,Annke,I51EM,turret,3K,5.3,"1/3"" Progressive Scan CMOS",98 x 54,hybrid,IP67,,false,,0
annke-i51en,Annke,I51EN,dome,3K,5.3,,,hybrid,,,true,,0
annke-i51es,Annke,I51ES,turret,3K,5,"1/3""",98 x 54,hybrid,IP67,,true,,0
annke-i51ex,Annke,I51EX,ptz,3K (3072x1728),5,"1/3"" Progressive Scan CMOS",,hybrid,IP66,,true,,0
annke-i51fx,Annke,I51FX,bullet,3K,3,,123,hybrid,IP67,,true,,0
annke-i51hd,Annke,I51HD,dual-lens,6MP,6,"2 x 1/2.5"" Progressive Scan CMOS",180 x 77,hybrid,IP67,,true,,0
annke-i51hs,Annke,I51HS,fisheye,5MP,5,,180,,,,,,0
annke-i61bg,Annke,I61BG,ptz,1080P,2,"1/1.8"" progressive scan CMOS",59.8 to 3.3 x 33.7 to 1.9,color,IP67,IK10,false,,0
annke-i61bh,Annke,I61BH,bullet,1080P,2,"1/1.8"" progressive scan CMOS",100.8 to 40.2 x 53.3 to 22.5,hybrid,IP67,,false,,0
annke-i61cdwb,Annke,I61CDWB,bullet,6MP,6,,,hybrid,IP67,,true,,0
annke-i61dq,Annke,I61DQ,dual-lens,6MP (dual-lens 180°),6,,180 horizontal,hybrid,IP67,,true,2024,0
annke-i61fgwb,Annke,I61FGWB,bullet,6MP,6,,,hybrid,IP67,,true,,0
annke-i61gtwb,Annke,I61GTWB,turret,4K / 8MP,8,,,hybrid,IP68,,false,,0
annke-i61slwb,Annke,I61SLWB,turret,6MP,6,,,hybrid,IP67,,true,,0
annke-i61uywb,Annke,I61UYWB,bullet,6MP,6,,,hybrid,IP67,IK10,true,,0
annke-i81cdwb,Annke,I81CDWB,bullet,4K,8,,,hybrid,IP67,,true,,0
annke-i81dz,Annke,I81DZ,dual-lens,4MP,4,,,hybrid,IP66,,true,,0
annke-i81em,Annke,I81EM,ptz,3K (3072x1728),5,"1/1.8"" Progressive Scan CMOS",,color,IP66,,true,,0
annke-i81fd,Annke,I81FD,dual-lens,4MP,4,,,hybrid,,,false,,0
annke-i81fe,Annke,I81FE,bullet,4MP,4,,,,IP67,IK10,,,0
annke-i81fgwb,Annke,I81FGWB,bullet,8MP,8,,,hybrid,IP67,,true,,0
annke-i81gjwb,Annke,I81GJWB,fisheye,12MP,12,"1/1.8"" CMOS",180 x 180,ir,IP67,IK10,true,,0
annke-i81glwb,Annke,I81GLWB,turret,8MP,8,,,color,IP67,,,,0
annke-i81gpwb,Annke,I81GPWB,bullet,8MP,8,,,color,IP67,,,,0
annke-i81hg,Annke,I81HG,ptz,4MP,4,,,ir,,,,,0
annke-i81hl,Annke,I81HL,bullet,4MP,4,"1/1.8"" progressive scan CMOS",87 to 45.8 x 46 to 25.6,hybrid,IP68,,,,0
annke-i81hm,Annke,I81HM,bullet,4MP,4,"1/3"" Progressive Scan CMOS",75 x 40,ir,IP67,,true,,0
annke-i81hn,Annke,I81HN,ptz,4MP,4,"1/3"" CMOS",96.7,hybrid,IP66,,false,,0
annke-i81hp,Annke,I81HP,ptz,4MP,4,"1/3"" Progressive Scan CMOS",75 x 40,color,IP65,,true,,0
annke-i81hs,Annke,I81HS,turret,4MP,4,"1/2.7"" Progressive Scan CMOS",113.31 x 59.85,ir,IP67,,true,,0
annke-i81ht,Annke,I81HT,turret,4MP,4,"1/2.7"" Progressive Scan CMOS",78.95 x 43.17,ir,IP67,,true,,0
annke-i81hv,Annke,I81HV,turret,4MP,4,,,color,IP67,,,,0
annke-i81jiwb,Annke,I81JIWB,bullet,4MP,4,,,hybrid,IP67,IK10,,,0
annke-i81qwwb,Annke,I81QWWB,turret,4MP,4,,,color,IP67,,,,0
annke-i81rbwb,Annke,I81RBWB,bullet,8MP,8,,,hybrid,IP67,,false,,0
annke-i81rtwb,Annke,I81RTWB,panoramic,4MP,4,,,ir,IP67,IK10,false,,0
annke-i81slwb,Annke,I81SLWB,turret,8MP,8,,,hybrid,IP67,,true,,0
annke-i81ytwb,Annke,I81YTWB,fisheye,6MP,6,"1/1.8"" CMOS",180 x 180,ir,IP67,IK10,true,,0
annke-i91bh,Annke,I91BH,panoramic,5120x1440 panoramic,8,"2x 1/1.8"" Progressive Scan CMOS",,color,IP67,,true,,0
annke-i91bi,Annke,I91BI,panoramic,5120x1440 panoramic,8,"2x 1/1.8"" Progressive Scan CMOS",,color,IP67,,true,,0
annke-i91bk,Annke,I91BK,ptz,3K (3072x1728),5,"1/2.8"" Progressive Scan CMOS",,ir,IP66,IK10,false,,0
annke-i91bq,Annke,I91BQ,bullet,4K,8,"1/1.2"" Progressive Scan CMOS",102 x 52,color,IP67,,false,,0
annke-i91bu,Annke,I91BU,bullet,4K,8,"1/1.2"" Progressive Scan CMOS",101.6 x 52.4,color,IP67,,false,,0
annke-i91bv,Annke,I91BV,turret,4K UHD,8,"1/1.2"" Progressive Scan CMOS",,hybrid,IP67,,false,,0
annke-i91dh,Annke,I91DH,bullet,4K,8,,,hybrid,IP67,,true,,0
annke-i91ep,Annke,I91EP,ptz,4K,8,,,hybrid,IP66,,true,,0
annke-i91hk,Annke,I91HK,turret,16MP,16,,,hybrid,IP67,,true,,0
annke-i91hn,Annke,I91HN,ptz,6MP + 4MP,6,,,hybrid,IP67,,,,0
annke-i91hp,Annke,I91HP,turret,4K,8.3,,,hybrid,IP67,,true,,0
annke-i91opwb,Annke,I91OPWB,dual-lens,6MP + 4MP,6,,,hybrid,,,,,0
annke-i91qwwb,Annke,I91QWWB,ptz,4MP,4,,,ir,IP66,,,,0
annke-i91rtwb,Annke,I91RTWB,ptz,4MP,4,"1/2.8"" CMOS",,ir,,,,,0
annke-i91wb,Annke,I91WB,turret,4K,8,,,hybrid,IP67,,,,0
annke-i91whwb,Annke,I91WHWB,ptz,4MP,4,,,color,IP66,,true,,0
annke-nc400-i81hc,Annke,NC400 I81HC,bullet,4MP,4,"1/2.7"" CMOS",107h,color,IP67,,false,2021,0
annke-nc500-i81hd,Annke,NC500 I81HD,bullet,3K (3072x1728),5,"1/3"" Progressive Scan CMOS",,color,IP67,,false,,0
annke-nc500-i81he,Annke,NC500 I81HE,turret,3K (3072x1728),5,"1/3"" Progressive Scan CMOS",,color,IP67,,false,,0
annke-nc800-i91hj,Annke,NightChroma NC800 I91HJ,turret,4K UHD,8,"1/1.2"" BSI CMOS",102h,color,IP67,,false,2023,0
annke-ncbr800-i91dj,Annke,NCBR800 I91DJ,bullet,4K UHD,8,"1/1.8"" Progressive Scan CMOS",,hybrid,IP67,,true,,0
annke-ncbr800-i91du,Annke,NCBR800 I91DU,turret,4K UHD,8,"1/1.8"" Progressive Scan CMOS",,hybrid,IP67,,true,,0
annke-nct425-i81el,Annke,NCT425 I81EL,dual-lens,4MP per channel (2560x1440),4,"1/3"" (fixed bullet) + 1/2.8"" (PTZ) Progressive Scan CMOS",,hybrid,IP66,,false,,0
annke-slpr400-i81hy,Annke,SLPR400 I81HY,bullet,4MP,4,"1/3"" Progressive Scan CMOS",,ir,IP67,IK10,false,,0
annke-video-doorbell,Annke,Video Doorbell HD,doorbell,1080p HD,2,,130h,ir,IP44,,true,2023,0
annke-wz500-i51ck,Annke,WZ500 I51CK,ptz,5MP,5,"1/2.8"" Sony CMOS",,hybrid,IP66,,true,2023,0
aqara-camera-e1,Aqara,Camera E1,ptz,2K,4,,101 diagonal,hybrid,,,true,2023,0
aqara-camera-g100,Aqara,Camera G100,box,2K,3,,140 diagonal,hybrid,IP65,,true,2025,0
aqara-camera-hub-g2h-pro,Aqara,Camera Hub G2H Pro,box,1080p,2,CMOS,146 diagonal,ir,,,true,2022,0
aqara-camera-hub-g3,Aqara,Camera Hub G3,ptz,3MP,3,CMOS,340 pan / 45 tilt,ir,IP20,,true,2021,0
aqara-camera-hub-g350,Aqara,Camera Hub G350,ptz,4K Ultra HD,8,,133 wide-angle,ir,,,true,2026,0
aqara-camera-hub-g5-pro,Aqara,Camera Hub G5 Pro,box,2.6K / 4MP,4,"1/1.8"" graphene-cooled CMOS",133 diagonal,color,IP65,,true,2025,0
aqara-doorbell-camera-g400-wired,Aqara,Doorbell Camera G400 (Wired),doorbell,"2K (1600x1200, 3:4 vertical)",2,,165 diagonal,ir,IP65,,true,2026,0
aqara-video-doorbell-g4,Aqara,Video Doorbell G4,doorbell,1080p Full HD,2,,162,ir,,,true,2023,0
aqara-video-doorbell-g410,Aqara,Video Doorbell G410,doorbell,2K (4:3),3,,175,color,,,true,2025,0
arecont-vision-av10115v1,Arecont Vision,AV10115v1,box,10MP (3648x2752),10,"1/2.3"" CMOS",,color,,,,,0
arecont-vision-av10215pm-s,Arecont Vision,AV10215PM-S,box,10MP (3648x2752),10,"1/2.3"" CMOS",,color,,,,,0
arecont-vision-av10225,Arecont Vision,AV10225,bullet,10MP,10,"1/2.3"" CMOS",,ir,IP66,IK10,,,0
arecont-vision-av10255,Arecont Vision,AV10255,dome,10MP,10,1/2.3 in. CMOS,,color,IP66,IK10,,,0
arecont-vision-av1115v1,Arecont Vision,AV1115v1,box,1.3MP (1280x1024),1.3,"1/2.7"" CMOS",,color,,,,,0
arecont-vision-av1125,Arecont Vision,AV1125,bullet,1.3MP,1.3,"1/2.7"" CMOS",22-48,ir,IP66,,,,0
arecont-vision-av1145,Arecont Vision,AV1145,turret,1.3 Megapixel,1.3,"1/2.7"" CMOS",24-62,color,,,,,0
arecont-vision-av1215pm-s,Arecont Vision,AV1215PM-S,box,1.2MP (1280x960),1.2,"1/3"" CMOS",,color,,,,,0
arecont-vision-av12176dn,Arecont Vision,AV12176DN-NL / -28 / -08,panoramic,12MP (4x3MP),12,1/3.2 in. CMOS,,color,IP66,IK10,,,0
arecont-vision-av12186dn,Arecont Vision,AV12186DN,panoramic,12MP (4x3MP),12,1/3.2 in. CMOS,180,color,IP66,IK10,,,0
arecont-vision-av1225pmir-s,Arecont Vision,AV1225PMIR-S,bullet,1.2MP,1.2,"1/3"" CMOS",,ir,IP66,IK10,,,0
arecont-vision-av12275dn,Arecont Vision,AV12275DN-NL / -28 / -08,panoramic,12MP (4x3MP),12,1/3 in. CMOS,,color,IP66,IK10,,,0
arecont-vision-av12276dn,Arecont Vision,AV12276DN-NL / -28 / -08,panoramic,12MP (4x3MP),12,1/3.2 in. CMOS,,color,IP66,IK10,,,0
arecont-vision-av12366dn,Arecont Vision,AV12366DN,panoramic,12MP (4x3MP),12,1/3.2 in. CMOS,360,color,IP66,IK10,,,0
arecont-vision-av1245,Arecont Vision,AV1245,turret,1.3 Megapixel,1.3,"1/3"" CMOS",34-102,color,,,,,0
arecont-vision-av1255dn-h,Arecont Vision,AV1255DN-H,dome,1.3MP,1.3,1/2.7 in. CMOS,,color,IP66,IK10,,,0
arecont-vision-av1255pm,Arecont Vision,AV1255PM,dome,1.2MP,1.2,1/3 in. CMOS,,color,IP66,IK10,,,0
arecont-vision-av12585pm,Arecont Vision,AV12585PM,panoramic,12MP (4x3MP),12,"12MP (3MP x 4), 1/3"" CMOS",180,color,IP66,IK10,,,0
arecont-vision-av12586pm,Arecont Vision,AV12586PM,panoramic,12MP (4x3MP),12,"12MP (3MP x 4), 1/3.2"" CMOS",180,color,IP66,IK10,,,0
arecont-vision-av1455dn,Arecont Vision,AV1455DN,dome,1.3MP,1.3,1/2.7 in. CMOS,95,color,IP66,IK10,,,0
arecont-vision-av1555dn,Arecont Vision,AV1555DN,dome,1.2MP,1.2,1/3 in. CMOS,95,color,IP66,IK10,,,0
arecont-vision-av20175dn,Arecont Vision,AV20175DN-NL / -28 / -08,panoramic,20MP (4x5MP),20,1/2.5 in. CMOS,,color,IP66,IK10,,,0
arecont-vision-av20185,Arecont Vision,AV20185,panoramic,20MP (4x5MP),20,"20MP (5MP x 4), 1/2.5"" CMOS",180,color,IP66,IK10,,,0
arecont-vision-av20275dn,Arecont Vision,AV20275DN-NL / -28 / -08,panoramic,20MP (4x5MP),20,1/2.5 in. CMOS,,color,IP66,IK10,,,0
arecont-vision-av20365,Arecont Vision,AV20365,panoramic,20MP (4x5MP),20,"20MP (5MP x 4), 1/2.5"" CMOS",360,color,IP66,IK10,,,0
arecont-vision-av20558pm,Arecont Vision,AV20558PM,panoramic,20MP (4x5MP),20,"20MP (5MP x 4), 1/2.5"" CMOS",180,color,IP66,IK10,,,0
arecont-vision-av2105dn-megavideo,Arecont Vision,AV2105DN,box,,2,1/2 in. CMOS,,none,,,,2013,0
arecont-vision-av2110dn-megavideo-compact-mjpeg,Arecont Vision,AV2110DN,box,,2,1/2 in. CMOS,,none,,,,2013,0
arecont-vision-av2115-d4s-d4f,Arecont Vision,D4S-AV2115DNV1,dome,1080p,2,"1/2.7"" CMOS",,none,,,,2013,0
arecont-vision-av2115-d4so,Arecont Vision,D4SO-AV2115DNV1,dome,1080p,2,"1/2.7"" CMOS",,none,IP66,IK10,,2013,0
arecont-vision-av2115dnv1-megavideo-compact,Arecont Vision,AV2115DNV1,box,1080p,2,"1/2.7"" CMOS",,none,,,,2013,0
arecont-vision-av2115v1,Arecont Vision,AV2115v1,box,1080p (1920x1080),2,"1/2"" CMOS",,color,,,,,0
arecont-vision-av2116dnv1-wdr-megavideo-compact,Arecont Vision,AV2116DNV1,box,1080p,2,"1/3.2"" CMOS",,none,,,,2013,0
arecont-vision-av2125,Arecont Vision,AV2125,bullet,1080p,2.07,"1/2.7"" CMOS",34-73,ir,IP66,,,,0
arecont-vision-av2125dnv1x-megaview,Arecont Vision,AV2125DNV1X,bullet,1080p,2,"1/2.7"" CMOS",33 to 71,ir,IP66,IK10,,2013,0
arecont-vision-av2145,Arecont Vision,AV2145,turret,1080p,2.07,"1/2.7"" CMOS",36-93,color,,,,,0
arecont-vision-av2146,Arecont Vision,AV2146,turret,1080p,2.07,"1/3"" CMOS",26-68,color,,,,,0
arecont-vision-av2155dn-megadome,Arecont Vision,AV2155DN,dome,1080p,2,1/2 in. CMOS,,none,IP66,IK10,,2013,0
arecont-vision-av2215pm-s,Arecont Vision,AV2215PM-S,box,1080p (1920x1080),2,"1/3.2"" CMOS",,color,,,,,0
arecont-vision-av2216pm-s,Arecont Vision,AV2216PM-S,box,1080p (1920x1080),2,"1/3.2"" CMOS",,color,,,,,0
arecont-vision-av2225,Arecont Vision,AV2225,bullet,1080p,2.07,"1/2.7"" CMOS",32-86,ir,IP66,,,,0
arecont-vision-av2226,Arecont Vision,AV2226,bullet,1080p,2.07,"1/3.2"" CMOS",32-86,ir,IP66,,,,0
arecont-vision-av2245,Arecont Vision,AV2245,turret,1080p,2.07,"1/2.7"" CMOS",30-88,color,,,,,0
arecont-vision-av2245pm,Arecont Vision,AV2245PM,turret,1080p,2.07,"1/3"" CMOS",,color,,,,,0
arecont-vision-av2246,Arecont Vision,AV2246,turret,1080p,2.07,"1/3"" CMOS",30-88,color,,,,,0
arecont-vision-av2246pm,Arecont Vision,AV2246PM,turret,3 Megapixel,3,"1/3.2"" CMOS",,color,,,,,0
arecont-vision-av2255,Arecont Vision,AV2255,dome,1080p,2,1/2.7 in. CMOS,,color,IP66,IK10,,,0
arecont-vision-av2255am-megadome-2,Arecont Vision,AV2255AM,dome,1080p,2,1/2.7 in. CMOS,,ir,IP66,IK10,,2013,0
arecont-vision-av2256,Arecont Vision,AV2256,dome,1080p,2,1/3.2 in. CMOS,,color,IP66,IK10,,,0
arecont-vision-av2455dn,Arecont Vision,AV2455DN,dome,1080p,2,1/3 in. CMOS,83,color,IP66,IK10,,,0
arecont-vision-av2456dn,Arecont Vision,AV2456DN,dome,1080p,2,1/3.2 in. CMOS,83,color,IP66,IK10,,,0
arecont-vision-av2555dn,Arecont Vision,AV2555DN,dome,1080p,2,1/3 in. CMOS,83,color,IP66,IK10,,,0
arecont-vision-av2556dn,Arecont Vision,AV2556DN,dome,1080p,2,1/3.2 in. CMOS,83,color,IP66,IK10,,,0
arecont-vision-av3115v1,Arecont Vision,AV3115v1,box,3MP (2048x1536),3,"1/2"" CMOS",,color,,,,,0
arecont-vision-av3116dnv1,Arecont Vision,AV3116DNv1,box,3MP (2048x1536),3,"1/3.2"" CMOS",,color,,,,,0
arecont-vision-av3125,Arecont Vision,AV3125,bullet,3MP,3,"1/2.5"" CMOS",26-56,ir,IP66,,,,0
arecont-vision-av3135-dual-megavideo,Arecont Vision,AV3135,box,,3,1/2 in. color and monochrome CMOS,,hybrid,,,,2013,0
arecont-vision-av3145,Arecont Vision,AV3145,turret,3 Megapixel,3,"1/2.5"" CMOS",28-73,color,,,,,0
arecont-vision-av3146,Arecont Vision,AV3146,turret,3 Megapixel,3,"1/2.5"" CMOS",28-72,color,,,,,0
arecont-vision-av3215pm-s,Arecont Vision,AV3215PM-S,box,3MP (2048x1536),3,"1/3"" CMOS",,color,,,,,0
arecont-vision-av3216pm-s,Arecont Vision,AV3216PM-S,box,3MP (2048x1536),3,"1/3.2"" CMOS",,color,,,,,0
arecont-vision-av3225,Arecont Vision,AV3225,bullet,3MP,3,"1/2.5"" CMOS",,ir,IP66,IK10,,,0
arecont-vision-av3226,Arecont Vision,AV3226,bullet,3MP,3,"1/3.2"" CMOS",,ir,IP66,IK10,,,0
arecont-vision-av3236,Arecont Vision,AV3236,box,3MP (2048x1536) color + 1.3MP (1280x960) B/W dual-sensor,3,"1/3.2"" CMOS (3MP color) + 1/3"" CMOS (1.3MP B/W)",,color,,,,,0
arecont-vision-av3245,Arecont Vision,AV3245,turret,3 Megapixel,3,"1/3"" CMOS",,color,,,,,0
arecont-vision-av3245pm,Arecont Vision,AV3245PM,turret,3 Megapixel,3,"1/3"" CMOS",,color,,,,,0
arecont-vision-av3246,Arecont Vision,AV3246,turret,3 Megapixel,3,"1/3.2"" CMOS",,color,,,,,0
arecont-vision-av3246pm,Arecont Vision,AV3246PM,turret,3 Megapixel,3,"1/3.2"" CMOS",,color,,,,,0
arecont-vision-av3255,Arecont Vision,AV3255,dome,3MP,3,1/2.5 in. CMOS,,color,IP66,IK10,,,0
arecont-vision-av3256,Arecont Vision,AV3256,dome,3MP,3,1/3.2 in. CMOS,,color,IP66,IK10,,,0
arecont-vision-av3455dn,Arecont Vision,AV3455DN,dome,3MP,3,1/2.5 in. CMOS,89,color,IP66,IK10,,,0
arecont-vision-av3456dn,Arecont Vision,AV3456DN,dome,3MP,3,1/3.2 in. CMOS,89,color,IP66,IK10,,,0
arecont-vision-av3555dn,Arecont Vision,AV3555DN,dome,3MP,3,1/3 in. CMOS,89,color,IP66,IK10,,,0
arecont-vision-av3556dn,Arecont Vision,AV3556DN,dome,3MP,3,1/3 in. CMOS,89,color,IP66,IK10,,,0
arecont-vision-av40185,Arecont Vision,AV40185,panoramic,40MP (4x10MP),40,"40MP (10MP x 4), 1/2.3"" CMOS",180,color,IP66,IK10,,,0
arecont-vision-av5115v1,Arecont Vision,AV5115v1,box,5MP (2592x1944),5,"1/2.5"" CMOS",,color,,,,,0
arecont-vision-av5125,Arecont Vision,AV5125,bullet,5MP,5,"1/2.5"" CMOS",,ir,IP66,,,,0
arecont-vision-av5145,Arecont Vision,AV5145,turret,5 Megapixel,5,"1/2.5"" CMOS",,color,,,,,0
arecont-vision-av5215pm-s,Arecont Vision,AV5215PM-S,box,5MP (2592x1944),5,"1/2.5"" CMOS",,color,,,,,0
arecont-vision-av5225,Arecont Vision,AV5225,bullet,5MP,5,"1/2.5"" CMOS",,ir,IP66,IK10,,,0
arecont-vision-av5245,Arecont Vision,AV5245,turret,5 Megapixel,5,"1/2.5"" CMOS",,color,,,,,0
arecont-vision-av5245dn-01,Arecont Vision,AV5245DN-01,turret,5 Megapixel,5,"1/2.5"" CMOS",,color,,,,,0
arecont-vision-av5245pm,Arecont Vision,AV5245PM,turret,5 Megapixel,5,"1/2.5"" CMOS",,color,,,,,0
arecont-vision-av5255,Arecont Vision,AV5255,dome,5MP,5,1/2.5 in. CMOS,,color,IP66,IK10,,,0
arecont-vision-av5455dn,Arecont Vision,AV5455DN,dome,5MP,5,1/2.5 in. CMOS,113,color,IP66,IK10,,,0
arecont-vision-av5555dn,Arecont Vision,AV5555DN,dome,5MP,5,1/2.5 in. CMOS,113,color,IP66,IK10,,,0
arecont-vision-av5585pm,Arecont Vision,AV5585PM,panoramic,5MP (4x1.2MP),5,"5MP (1.2MP x 4), 1/3"" CMOS",180,color,IP66,IK10,,,0
arecont-vision-av8185,Arecont Vision,AV8185,panoramic,8MP (4x2MP),8,"8MP (2MP x 4), 1/2"" CMOS",180,color,IP66,IK10,,,0
arecont-vision-av8365,Arecont Vision,AV8365,panoramic,8MP (4x2MP),8,"8MP (2MP x 4), 1/2"" CMOS",360,color,IP66,IK10,,,0
arlo-1st-gen,Arlo,Arlo (1st Gen),bullet,720p HD,0.9,,110 diagonal,ir,IP65,,,,0
arlo-baby-monitor,Arlo,Baby Monitor,dome,1080p HD,2,,130 diagonal,ir,,,true,2017,0
arlo-essential-1st-gen,Arlo,Arlo Essential (1st Gen),dome,1080p HD,2,,130 diagonal,ir,IP65,,true,,0
arlo-essential-indoor-1st-gen,Arlo,Essential Indoor (1st Gen),dome,1080p HD,2,,130 diagonal,ir,,,true,2021,0
arlo-essential-indoor-2nd-gen,Arlo,Essential Indoor Camera (2nd Gen),dome,1080p,2,,130 diagonal,ir,IP20,,true,2022,0
arlo-essential-outdoor-2nd-gen,Arlo,Essential Outdoor (2nd Gen),dome,2K QHD,4,,130 diagonal,color,IP65,,true,2023,0
arlo-essential-spotlight-1st-gen,Arlo,Essential Spotlight (1st Gen),bullet,1080p HD,2,,130 diagonal,color,IP65,,true,2020,0
arlo-essential-video-doorbell-wired,Arlo,Arlo Essential Video Doorbell Wired,doorbell,1536x1536 (1:1),2.4,,180 diagonal,ir,,,true,,0
arlo-essential-xl-v2,Arlo,Essential XL v2,dome,2K QHD,4,,130 diagonal,color,IP65,,true,2025,0
arlo-essential-xlr,Arlo,Essential XL Spotlight,bullet,1080p,2,,130 diagonal,color,IP65,,true,2021,0
arlo-go,Arlo,Arlo Go (1st Gen),bullet,720p HD,0.9,,130 diagonal,ir,IP65,,true,,0
arlo-go-2,Arlo,Go 2,bullet,1080p HD,2,,130 diagonal,color,IP65,,true,2022,0
arlo-indoor-plug-in,Arlo,Indoor Plug-In (Gen 1),dome,2K QHD,4,,130 diagonal,ir,IP20,,true,2022,0
arlo-pro,Arlo,Arlo Pro (1st Gen),bullet,720p HD,0.9,,130 diagonal,ir,IP65,,true,,0
arlo-pro-2,Arlo,Arlo Pro 2,bullet,1080p HD,2,,130 diagonal,ir,IP65,,true,,0
arlo-pro-3,Arlo,Pro 3,dome,2K QHD,4,,160 diagonal,color,IP65,,true,2019,0
arlo-pro-3-floodlight,Arlo,Pro 3 Floodlight,bullet,2K QHD,4,,160 diagonal,color,IP65,,true,2020,0
arlo-pro-4,Arlo,Pro 4 Spotlight Camera,bullet,2K HDR,4,,160 diagonal,color,IP65,,true,2021,0
arlo-pro-5s,Arlo,Pro 5S 2K Spotlight,bullet,2K HDR,4,,160 diagonal,color,IP67,,true,2023,0
arlo-q,Arlo,Arlo Q,box,1080p HD,2,,130 diagonal,ir,,,true,,0
arlo-q-plus,Arlo,Arlo Q Plus,box,1080p HD,2,,130 diagonal,ir,,,true,,0
arlo-ultra,Arlo,Ultra,dome,4K UHD,8,,180 diagonal,color,IP65,,true,2019,0
arlo-ultra-2-spotlight,Arlo,Ultra 2 Spotlight,dome,4K UHD,8,,180 diagonal,color,IP65,,true,2021,0
arlo-video-doorbell-hd,Arlo,Video Doorbell 2K (2nd Gen),doorbell,2K QHD,4,,180 diagonal,ir,IP65,,true,2023,0
arlo-wired-floodlight-2025,Arlo,Wired Floodlight Camera (2025),bullet,2K QHD,4,,160 horizontal,color,IP65,,true,2024,0
asecam-8mp-poe-dome,ASECAM,8MP PoE Dome,dome,4K UHD,8,Sony CMOS,130 horizontal (2.8mm),ir,IP67,,false,,0
avertx-c2212b4-s,AvertX,C2212B4,bullet,4MP,4,"1/3"" 4MP Progressive Scan CMOS",36 to 86 horizontal,ir,IP67,,true,,0
avertx-c2214b4,AvertX,C2214B4,bullet,4MP,4,"1/2.9"" 4MP Progressive Scan CMOS",101.5 horizontal,ir,IP67,,,,0
avertx-c3212d4-s,AvertX,C3212D4-S,dome,4MP 2688x1520,4,"1/3"" 4MP Progressive Scan CMOS",104 to 30 horizontal,ir,IP67,IK10,true,,0
avertx-hd354ir,AvertX,HD354IR,dome,4MP,4,"1/3"" 4MP Progressive Scan CMOS",101 horizontal,ir,IP67,,true,,0
avertx-hd448,AvertX,HD448IR,bullet,4K 3840x2160,8,"1/2"" CMOS",102 horizontal,ir,IP67,,,,0
avertx-hd458,AvertX,HD458IR,bullet,4K,8,"1/2"" 8MP Progressive Scan CMOS",105 horizontal,hybrid,IP67,,true,,0
avertx-hd848,AvertX,HD848IRM,dome,4K 3840x2160,8,"1/2"" Progressive Scan CMOS",107 to 30 horizontal,ir,IP67,IK10,,,0
avertx-hd9112f12,AvertX,HD9112F12,fisheye,12MP 4000x3000,12,"1/1.7"" Sony Progressive Scan CMOS",360 panoramic,ir,IP66,IK10,true,,0
avigilon-h4ptze-dp30,Avigilon,H4 PTZ 30x (2.0C-H4IRPTZ-DP30),ptz,1080p,2,"1/2.8"" CMOS",60-2.5 horizontal,ir,IP66,IK10,false,,0
avigilon-h5a-bo1-ir-2mp,Avigilon,H5A 2MP Bullet (2.0C-H5A-BO1-IR),bullet,1080p,2,"1/2.8"" progressive scan CMOS",97-33 horizontal,ir,IP66,IK10,false,,0
avigilon-h5a-bo1-ir-4mp,Avigilon,H5A 4MP Bullet (4.0C-H5A-BO1-IR),bullet,4MP,4,"1/2.8"" progressive scan CMOS",97-33 horizontal,ir,IP66,IK10,false,,0
avigilon-h5a-bo2-ir-5mp,Avigilon,H5A 5MP Bullet (5.0C-H5A-BO2-IR),bullet,5MP,5,"1/1.8"" progressive scan CMOS",97-33 horizontal,ir,IP66,IK10,false,,0
avigilon-h5a-d1-2mp,Avigilon,H5A 2MP Indoor Dome (2.0C-H5A-D1),dome,1080p,2,"1/2.8"" progressive scan CMOS",97-33 horizontal,ir,IP30,IK10,false,,0
avigilon-h5a-dh2-ir-10mp,Avigilon,H5A 10MP Dual Head (10C-H5A-DH2-IR),dual-lens,2x5MP dual sensor,10,"2x 1/2.7"" progressive scan CMOS",Up to 180 combined,ir,IP66,IK10,false,,0
avigilon-h5a-do,Avigilon,H5A 5MP Dome (5.0C-H5A-DO2),dome,5MP,5,"1/1.8"" progressive scan CMOS",31-14 horizontal,none,IP66,IK10,false,2020,0
avigilon-h5a-do1-ir-2mp,Avigilon,H5A 2MP Dome (2.0C-H5A-DO1-IR),dome,1080p,2,"1/2.8"" progressive scan CMOS",97-33 horizontal,ir,IP66,IK10,false,,0
avigilon-h5a-mh-15mp,Avigilon,H5A Multisensor 15MP (15C-H5A-3MH-270),panoramic,3x5MP,15,"3x 1/2.8"" CMOS",270 maximum,ir,IP66,IK10,false,,0
avigilon-h5a-mh-24mp,Avigilon,24C-H5A-3MH,panoramic,3x8MP (24MP),24,"3x 1/2.8"" CMOS",270,ir,IP66,IK10,false,,0
avigilon-h5sl-do1-ir-3mp,Avigilon,H5SL 3MP Outdoor Dome (3.0C-H5SL-DO1-IR),dome,3MP,3,"1/2.8"" CMOS",97-33 horizontal,ir,IP66,IK10,false,,0
avigilon-h6a-dc1-ir-2mp,Avigilon,H6A 2MP Indoor Dome (2.0C-H6A-DC1-IR),dome,1080p,2,"1/2.8"" CMOS",119-27 horizontal,ir,IP22,,false,,0
avigilon-h6m-d1-ir-2mp,Avigilon,H6M 2MP Mini Dome (2.0C-H6M-D1-IR),dome,1080p,2,"1/2.8"" CMOS",100-36 horizontal,ir,IP22,,false,,0
avigilon-h6ptze-dp30,Avigilon,H6A PTZ 30x (2.0C-H6A-PTZ-DP30),ptz,1080p,2,"1/2.8"" CMOS",60-2.5 horizontal,ir,IP66,IK10,false,,0
avigilon-h6sl-bo1-ir-5mp,Avigilon,H6SL 5MP Bullet (5.0C-H6SL-BO1-IR),bullet,5MP,5,"1/2.8"" CMOS",97-33 horizontal,ir,IP66,IK10,false,,0
avigilon-h6sl-do1-ir-2mp,Avigilon,H6SL 2MP Dome (2.0C-H6SL-DO1-IR),dome,1080p,2,"1/2.8"" CMOS",97-33 horizontal,ir,IP66,IK10,false,,0
avtron-aa-20136p-mmr3,Avtron,AA-20136P-MMR3,dome,2MP,2,"1/2.9"" Progressive scan CMOS",,ir,IP66,IK10,,,0
avtron-aa-2022p-fm,Avtron,AA-2022P-FM,box,2MP,2,"1/2.8"" Exmor CMOS",,,,,,,0
avtron-aa-2033p-fmr3,Avtron,AA-2033P-FMR3,dome,2MP,2,"1/2.9"" Progressive scan CMOS",,ir,IP66,,,,0
avtron-aa-2042p-fmr3,Avtron,AA-2042P-FMR3,bullet,2MP,2,"1/2.9"" Progressive scan CMOS",,ir,IP66,,,,0
avtron-aa-2050p-vmr4,Avtron,AA-2050P-VMR4,bullet,2MP,2,"1/2.8"" Progressive scan Exmor CMOS",,ir,,,,,0
avtron-aa-2052p-nm,Avtron,AA-2052P-NM,box,2MP,2,"1/2.8"" Progressive scan Exmor CMOS",,ir,,,,,0
avtron-aa-2053p-mma4,Avtron,AA-2053P-MMA4,bullet,2MP,2,"1/2.9"" Progressive scan CMOS",,ir,IP67,,,,0
avtron-aa-4033p-fmr3,Avtron,AA-4033P-FMR3,dome,4MP,4,"1/3"" Progressive Scan CMOS",,ir,,,,,0
avtron-aa-4042p-fmr3,Avtron,AA-4042P-FMR3,bullet,4MP,4,"1/3"" Progressive Scan CMOS",,ir,IP66,,,,0
avtron-aa-4045p-fma2,Avtron,AA-4045P-FMA2,bullet,4MP,4,"1/3"" Progressive Scan CMOS",,ir,IP67,,,,0
avtron-aa-50136p-mmr3,Avtron,AA-50136P-MMR3,dome,5MP,5,"1/2.8"" Progressive Scan CMOS",,ir,IP66,,,,0
avtron-aa-5033p-fmr3,Avtron,AA-5033P-FMR3,dome,5MP,5,"1/2.8"" Progressive Scan CMOS",,ir,IP66,,,,0
avtron-aa-5042p-fmr3,Avtron,AA-5042P-FMR3,bullet,5MP,5,"1/2.8"" Progressive Scan CMOS",,ir,IP66,,,,0
avtron-aa-5045p-fma2,Avtron,AA-5045P-FMA2,bullet,5MP,5,"1/2.8"" Progressive Scan CMOS",,ir,IP66,,,,0
avtron-aa-5053p-mma4,Avtron,AA-5053P-MMA4,bullet,5MP,5,"1/2.8"" Progressive Scan CMOS",,ir,IP67,,,,0
avtron-aa-7110-fdr8,Avtron,AA-7110-FDR8,ptz,2MP 1080P,2,"1/2.8"" progressive scan CMOS",51.9 wide to 5.66 tele,ir,IP66,,,,0
avtron-aa-7123-fdr1,Avtron,AA-7123-FDR1,ptz,2MP 1080P,2,"1/2.8"" progressive scan CMOS",64.0 wide to 3.5 tele,ir,IP66,,,,0
avtron-aa-7133-fdr1,Avtron,AA-7133-FDR1,ptz,2MP 1080P,2,"1/2.8"" progressive scan CMOS",66.0 wide to 2.46 tele,ir,IP66,,,,0
avtron-aa-8033p-fmr3,Avtron,AA-8033P-FMR3,dome,4K 8MP,8,"1/2"" CMOS",,ir,,,,,0
avtron-aa-8053p-vma4,Avtron,AA-8053P-VMA4,bullet,4K 8MP,8,"1/2"" CMOS",,ir,IP66,,,,0
avtron-aa-8142p-fmr3,Avtron,AA-8142P-FMR3,bullet,4K 8MP,8,"1/2"" progressive scan CMOS",,ir,IP66,,,,0
avtron-am-dm2009-fma1,Avtron,AM-DM2009-FMA1,turret,1080p,2,"1/2.9"" progressive scan CMOS",,ir,IP66,,false,,0
avtron-am-dm2035-fmr1,Avtron,AM-DM2035-FMR1,dome,1080p,2,"1/2.7"" progressive scan CMOS",109 horizontal,ir,IP66,IK10,false,,0
avtron-am-dm2064-fma2,Avtron,AM-DM2064-FMA2,bullet,1080p,2,"1/2.7"" progressive scan CMOS",89 horizontal,ir,IP67,,false,,0
avtron-am-dm2069-fma1,Avtron,AM-DM2069-FMA1,bullet,1080p,2,"1/2.9"" progressive scan CMOS",,ir,IP67,,false,,0
avtron-am-dm4035-fmr1,Avtron,AM-DM4035-FMR1,dome,4MP,4,"1/2.7"" CMOS",,ir,IP66,,false,,0
avtron-am-dm4064-fma2,Avtron,AM-DM4064-FMA2,bullet,4MP,4,"1/2.7"" CMOS",89,ir,IP67,,false,,0
avtron-am-dm5035-fmr1,Avtron,AM-DM5035-FMR1,dome,5MP,5,"1/2.8"" Exmor CMOS",100,ir,IP66,IK10,false,,0
avtron-am-dm5064-fma2,Avtron,AM-DM5064-FMA2,bullet,5MP,5,"1/2.8"" Exmor CMOS",89,ir,IP67,,false,,0
avtron-am-fd2020-ma6-w,Avtron,AM-FD2020-MA6-W,bullet,1080p,2,"1/2.8"" ultra-low-lux progressive scan CMOS",55.8 (wide) to 3.2 (tele) horizontal,ir,IP66,,true,,0
avtron-am-fd2500-r1u20,Avtron,AM-FD2500-R1U20,ptz,1080p,2,"1/2.8"" Starlight Exmor progressive scan CMOS",3.2-55.8,ir,IP66,,true,,0
avtron-am-fd2500-r2u33,Avtron,AM-FD2500-R2U33,ptz,1080p,2,"1/2.8"" Starlight Exmor progressive scan CMOS",2.3-60.5,ir,IP66,,true,,0
avtron-am-fd3355-u4,Avtron,AM-FD3355-U4,ptz,1080p,2,,,ir,,,true,,0
avtron-am-fd6255-r3u44-fsr,Avtron,AM-FD6255-R3U44-FSR,ptz,1080p,2,"1/2.8"" Starlight progressive scan CMOS",,ir,IP66,,true,,0
avtron-am-k7255-r8u44-fsr,Avtron,AM-K7255-R8U44-FSR,ptz,4K panoramic + 1080p PTZ,8,"1/1.8"" progressive scan CMOS (dual panoramic 4096x1800 + 1/1.8"" PTZ)",2-61.2,hybrid,IP66,,true,,0
avtron-am-sf12120-pvr1,Avtron,AM-SF12120-PVR1,fisheye,12MP,12,"1/1.7"" CMOS",180 (wall) / 360 (ceiling),ir,IP67,IK10,false,,0
avtron-am-sf1299-pvr1,Avtron,AM-SF1299-PVR1,fisheye,12MP,12,"1/1.7"" CMOS",180 (wall) / 360 (ceiling),hybrid,IP66,IK10,true,,0
avtron-am-sm2030-mmr3,Avtron,AM-SM2030-MMR3,dome,1080p,2,,,ir,IP66,IK10,false,,0
avtron-am-sm2060-mmr5,Avtron,AM-SM2060-MMR5,bullet,1080p,2,,,ir,IP67,,true,,0
avtron-am-sm4030-mmr3,Avtron,AM-SM4030-MMR3,dome,4MP QHD,4,"1/3"" CMOS",,ir,IP66,IK10,true,,0
avtron-am-sm4060-mmr5,Avtron,AM-SM4060-MMR5,bullet,4MP QHD,4,"1/3"" CMOS",,ir,IP67,IK10,true,,0
avtron-am-sm5060-mmr5,Avtron,AM-SM5060-MMR5,bullet,5MP,5,"1/2.8"" Exmor CMOS",,ir,IP67,IK10,true,,0
avtron-am-ts01121-mm,Avtron,AM-TS01121-MM,ptz,1080p (visible channel),2,"1/1.9"" Sony progressive scan CMOS (visible) + uncooled 400x300 microbolometer (thermal)",2.4-59,ir,IP66,,true,,0
avtron-am-um2030-mmr3,Avtron,AM-UM2030-MMR3,dome,1080p,2,"1/2.8"" ultra-low-lux Starvis Exmor CMOS",,ir,IP66,IK10,false,,0
avtron-am-um2030-mmr3-fs,Avtron,AM-UM2030-MMR3-FS,dome,1080p,2,"1/2.8"" ultra-low-lux CMOS",,ir,IP66,IK10,true,,0
avtron-am-um2035-fmr1,Avtron,AM-UM2035-FMR1,dome,1080p,2,"1/2.8"" ultra-low-lux Exmor CMOS",109,ir,,IK10,false,,0
avtron-am-um2054-nm,Avtron,AM-UM2054-NM,box,1080p,2,"1/1.9"" Exmor CMOS",,ir,,,false,,0
avtron-am-um2060-mmr5,Avtron,AM-UM2060-MMR5,bullet,1080p,2,"1/2.8"" ultra-low-lux Exmor CMOS",,ir,IP67,IK10,true,,0
avtron-am-um2060-mmr5-fs,Avtron,AM-UM2060-MMR5-FS,bullet,1080p,2,"1/2.8"" ultra-low-lux Starvis CMOS",,ir,IP66,IK10,true,,0
avtron-am-um2064-fma2,Avtron,AM-UM2064-FMA2,bullet,1080p,2,,,ir,IP67,,,,0
avtron-am-um5009-fma1,Avtron,AM-UM5009-FMA1,dome,5MP,5,"1/2.8"" Exmor CMOS",,ir,IP66,,,,0
avtron-am-um5067-fma2,Avtron,AM-UM5067-FMA2,bullet,5MP,5,,,ir,IP67,,,,0
avtron-am-um5069-fma1,Avtron,AM-UM5069-FMA1,bullet,5MP,5,"1/2.8"" Exmor CMOS",,ir,IP67,,,,0
avtron-am-xd2500-r4u30,Avtron,AM-XD2500-R4U30,ptz,5MP,5,"1/2.8"" Starlight Exmor progressive scan CMOS",2.7-69.5,ir,IP66,,true,,0
avtron-am-xd6255-r4u30-fsr,Avtron,AM-XD6255-R4U30-FSR,ptz,5MP,5,"1/2.8"" progressive scan CMOS",2.7-69.5,hybrid,IP66,,true,,0
avycon-avc-nab41f28,AVYCON,AVC-NAB41F28,bullet,4MP,4,"1/3"" Progressive CMOS","Horizontal: 95, Vertical: 51, Diagonal: 112",ir,IP67,,true,,0
avycon-avc-nab81f28,AVYCON,AVC-NAB81F28,bullet,8MP,8,"1/2.7"" Progressive CMOS",,ir,IP67,,true,,0
avycon-avc-nae41f28,AVYCON,AVC-NAE41F28,turret,4MP,4,"1/3"" Progressive CMOS",,ir,IP67,,true,,0
avycon-avc-nae81f28,AVYCON,AVC-NAE81F28,turret,8MP,8,"1/2.7"" Progressive CMOS",,ir,IP67,,true,,0
avycon-avc-nbb41f28,AVYCON,AVC-NBB41F28,bullet,4MP,4,"1/3"" Progressive CMOS",,ir,IP67,,,,0
avycon-avc-nbb81f28,AVYCON,AVC-NBB81F28,bullet,8MP,8,"1/2.7"" Progressive CMOS",,ir,IP67,,,,0
avycon-avc-nbe41f28,AVYCON,AVC-NBE41F28,turret,4MP,4,"1/3"" Progressive CMOS",,ir,IP67,,,,0
avycon-avc-nbe81f28,AVYCON,AVC-NBE81F28,turret,8MP,8,"1/2.7"" Progressive CMOS",,ir,IP67,,,,0
avycon-avc-ncb51f28,AVYCON,AVC-NCB51F28,bullet,5MP,5,"1/2.7"" Progressive CMOS",,ir,IP67,,,,0
avycon-avc-ncb51m,AVYCON,AVC-NCB51M,bullet,5MP,5,"1/2.7"" Progressive CMOS",,ir,IP67,,,,0
avycon-avc-ncb81f28,AVYCON,AVC-NCB81F28,bullet,8MP,8,"1/2.7"" Progressive CMOS",,ir,IP67,,,,0
avycon-avc-ncb81m,AVYCON,AVC-NCB81M,bullet,8MP,8,"1/2.7"" Progressive CMOS",,ir,IP67,,,,0
avycon-avc-nce51f28,AVYCON,AVC-NCE51F28,turret,5MP,5,"1/2.7"" Progressive CMOS",,ir,IP67,,,,0
avycon-avc-nce51m,AVYCON,AVC-NCE51M,turret,5MP,5,"1/2.7"" Progressive CMOS",,ir,IP67,,,,0
avycon-avc-nce81f28,AVYCON,AVC-NCE81F28,turret,8MP,8,"1/2.7"" Progressive CMOS",,ir,IP67,,,,0
avycon-avc-nce81m,AVYCON,AVC-NCE81M,turret,8MP,8,"1/2.7"" Progressive CMOS",,ir,IP67,,,,0
avycon-avc-ncmms161f04,AVYCON,AVC-NCMMS161F04,panoramic,16MP Multi-Lens (4 x 4MP),16,"1/2.7"" Progressive Scan CMOS",,ir,IP67,IK10,true,,0
avycon-avc-ncms201m04,AVYCON,AVC-NCMS201M04,panoramic,20MP Multi-Lens (4 x 5MP),20,"1/2.7"" Progressive Scan CMOS",,ir,IP67,IK10,,,0
avycon-avc-ncms321m04,AVYCON,AVC-NCMS321M04,panoramic,32MP Multi-Lens (4 x 8MP),32,"1/1.8"" Progressive CMOS",,ir,IP67,IK10,,,0
avycon-avc-ncv51f28,AVYCON,AVC-NCV51F28,dome,5MP,5,"1/2.7"" Progressive CMOS",,ir,IP67,IK10,true,,0
avycon-avc-ncv51m,AVYCON,AVC-NCV51M,dome,5MP,5,"1/2.7"" Progressive CMOS",,ir,IP67,IK10,true,,0
avycon-avc-ncv81f28,AVYCON,AVC-NCV81F28,dome,8MP,8,"1/2.8"" Progressive CMOS",,ir,IP67,IK10,true,,0
avycon-avc-ncv81m,AVYCON,AVC-NCV81M,dome,8MP,8,"1/2.8"" Progressive CMOS",,ir,IP67,IK10,true,,0
avycon-avc-ndb51f28,AVYCON,AVC-NDB51F28,bullet,5MP,5,"1/2.7"" Progressive CMOS",,ir,IP67,,,,0
avycon-avc-ndb51m,AVYCON,AVC-NDB51M,bullet,5MP,5,"1/2.7"" Progressive CMOS",,ir,IP67,,,,0
avycon-avc-ndb81f28,AVYCON,AVC-NDB81F28,bullet,8MP,8,"1/2.8"" Progressive CMOS",,ir,IP67,,,,0
avycon-avc-ndb81m,AVYCON,AVC-NDB81M,bullet,8MP,8,"1/2.8"" Progressive CMOS",,ir,IP67,,,,0
avycon-avc-nde51f28,AVYCON,AVC-NDE51F28,turret,5MP,5,"1/2.7"" Progressive CMOS",,ir,IP67,,true,,0
avycon-avc-nde51m,AVYCON,AVC-NDE51M,turret,5MP,5,"1/2.7"" Progressive CMOS",,ir,IP67,,true,,0
avycon-avc-nde81f28,AVYCON,AVC-NDE81F28,turret,8MP,8,"1/2.8"" Progressive CMOS",,ir,IP67,,true,,0
avycon-avc-nde81m,AVYCON,AVC-NDE81M,turret,8MP,8,"1/2.8"" Progressive CMOS",,ir,IP67,,true,,0
avycon-avc-ndv51f28,AVYCON,AVC-NDV51F28,dome,5MP,5,"1/2.7"" Progressive CMOS",,ir,IP67,IK10,,,0
avycon-avc-ndv51m,AVYCON,AVC-NDV51M,dome,5MP,5,"1/2.7"" Progressive CMOS",,ir,IP67,IK10,,,0
avycon-avc-ndv81f28,AVYCON,AVC-NDV81F28,dome,8MP,8,"1/2.8"" Progressive CMOS",,ir,IP67,IK10,,,0
avycon-avc-ndv81m,AVYCON,AVC-NDV81M,dome,8MP,8,"1/2.8"" Progressive CMOS",,ir,IP67,IK10,,,0
avycon-avc-nf121f,AVYCON,AVC-NF121F,fisheye,12MP (4000x3000),12,"1/2.3"" Progressive CMOS",Horizontal: 180 (Wall Mount) / 360 (Ceiling Mount),ir,IP66,,true,,0
avycon-avc-nf121f-hd,AVYCON,AVC-NF121F-HD,fisheye,12MP (3536x3536),12,"1/1.6"" Progressive CMOS",Horizontal: 180 (Wall Mount) / 360 (Ceiling Mount),ir,IP66,,true,,0
avycon-avc-nkb51f28,AVYCON,AVC-NKB51F28,bullet,5MP,5,"1/2.7"" Progressive CMOS",,ir,IP67,,,,0
avycon-avc-nkb51m,AVYCON,AVC-NKB51M,bullet,5MP,5,"1/2.7"" Progressive CMOS",,ir,IP67,,,,0
avycon-avc-nkb51m50,AVYCON,AVC-NKB51M50,bullet,5MP,5,"1/2.7"" Progressive CMOS",,ir,IP67,,,,0
avycon-avc-nkb81f28,AVYCON,AVC-NKB81F28,bullet,8MP (4K),8,"1/2.8"" Progressive CMOS",,ir,IP67,,,,0
avycon-avc-nkb81m,AVYCON,AVC-NKB81M,bullet,8MP (4K),8,"1/2.8"" Progressive CMOS",,ir,IP67,,,,0
avycon-avc-nkb81m50,AVYCON,AVC-NKB81M50,bullet,8MP (4K),8,"1/2.8"" Progressive CMOS",,ir,IP67,,,,0
avycon-avc-nkd51f28,AVYCON,AVC-NKD51F28,dome,5MP,5,"1/2.7"" Progressive CMOS",,ir,,,,,0
avycon-avc-nkd51m,AVYCON,AVC-NKD51M,dome,5MP,5,"1/2.7"" Progressive CMOS",,ir,,,,,0
avycon-avc-nkd81f28,AVYCON,AVC-NKD81F28,dome,8MP (4K),8,"1/2.8"" Progressive CMOS",,ir,,,,,0
avycon-avc-nkd81m,AVYCON,AVC-NKD81M,dome,8MP (4K),8,"1/2.8"" Progressive CMOS",,ir,,,,,0
avycon-avc-nke51f28,AVYCON,AVC-NKE51F28,turret,5MP,5,"1/2.7"" Progressive CMOS",,ir,IP67,,,,0
avycon-avc-nke51m,AVYCON,AVC-NKE51M,turret,5MP,5,"1/2.7"" Progressive CMOS",,ir,IP67,,,,0
avycon-avc-nke81f28,AVYCON,AVC-NKE81F28,turret,8MP (4K),8,"1/2.8"" Progressive CMOS",,ir,IP67,,,,0
avycon-avc-nke81m,AVYCON,AVC-NKE81M,turret,8MP (4K),8,"1/2.8"" Progressive CMOS",,ir,IP67,,,,0
avycon-avc-nkv51f28,AVYCON,AVC-NKV51F28,dome,5MP,5,"1/2.7"" Progressive CMOS",,ir,IP67,,,,0
avycon-avc-nkv51m,AVYCON,AVC-NKV51M,dome,5MP,5,"1/2.7"" Progressive CMOS",,ir,IP67,,,,0
avycon-avc-nkv81f28,AVYCON,AVC-NKV81F28,dome,8MP (4K),8,"1/2.8"" Progressive CMOS",,ir,IP67,,,,0
avycon-avc-nkv81m,AVYCON,AVC-NKV81M,dome,8MP (4K),8,"1/2.8"" Progressive CMOS",,ir,IP67,,,,0
avycon-avc-npb51f28,AVYCON,AVC-NPB51F28,bullet,5MP,5,"1/2.7"" Progressive CMOS",,ir,IP67,,,,0
avycon-avc-npb51m,AVYCON,AVC-NPB51M,bullet,5MP,5,"1/2.7"" Progressive CMOS",,ir,IP67,,,,0
avycon-avc-npb81f180,AVYCON,AVC-NPB81F180,panoramic,8MP (3840x2160),8,"1/2.8"" Progressive CMOS",Horizontal: 180 / Vertical: 91 / Diagonal: 180,ir,IP67,,true,,0
avycon-avc-npb81f28,AVYCON,AVC-NPB81F28,bullet,8MP,8,"1/2.7"" Progressive CMOS",,ir,IP67,,,,0
avycon-avc-npb81m,AVYCON,AVC-NPB81M,bullet,8MP,8,"1/2.7"" Progressive CMOS",,ir,IP67,,,,0
avycon-avc-npd51f28,AVYCON,AVC-NPD51F28,dome,5MP,5,"1/2.7"" Progressive CMOS",,ir,,,,,0
avycon-avc-npd51m,AVYCON,AVC-NPD51M,dome,5MP,5,"1/2.7"" Progressive CMOS",,ir,,,,,0
avycon-avc-npd81f28,AVYCON,AVC-NPD81F28,dome,8MP,8,"1/2.7"" Progressive CMOS",,ir,,,,,0
avycon-avc-npd81m,AVYCON,AVC-NPD81M,dome,8MP,8,"1/2.7"" Progressive CMOS",,ir,,,,,0
avycon-avc-npe51f180,AVYCON,AVC-NPE51F180,panoramic,5MP (2592x1944),5,"1/2.8"" Progressive CMOS",Horizontal: 180 / Vertical: 91 / Diagonal: 180,ir,IP67,,true,,0
avycon-avc-npe51f28,AVYCON,AVC-NPE51F28,turret,5MP,5,"1/2.7"" Progressive CMOS",,ir,IP67,,,,0
avycon-avc-npe51m,AVYCON,AVC-NPE51M,turret,5MP,5,"1/2.7"" Progressive CMOS",,ir,IP67,,,,0
avycon-avc-npe81f180,AVYCON,AVC-NPE81F180,panoramic,8MP (3840x2160),8,"1/2.8"" Progressive CMOS",Horizontal: 180 / Vertical: 91 / Diagonal: 180,ir,IP67,,true,,0
avycon-avc-npe81f28,AVYCON,AVC-NPE81F28,turret,8MP,8,"1/2.7"" Progressive CMOS",,ir,IP67,,,,0
avycon-avc-npe81f2d,AVYCON,AVC-NPE81F2D,panoramic,8MP (5120x1440),8,"1/2.7"" Progressive Scan CMOS",,ir,IP67,,true,,0
avycon-avc-npe81m,AVYCON,AVC-NPE81M,turret,8MP,8,"1/2.7"" Progressive CMOS",,ir,IP67,,,,0
avycon-avc-npk51f28,AVYCON,AVC-NPK51F28,dome,5MP,5,"1/2.7"" Progressive CMOS",,ir,IP67,,,,0
avycon-avc-npk81f28,AVYCON,AVC-NPK81F28,dome,8MP,8,"1/2.7"" Progressive CMOS",,ir,IP67,,,,0
avycon-avc-npv51f28,AVYCON,AVC-NPV51F28,dome,5MP,5,"1/2.7"" Progressive CMOS",,ir,IP67,IK10,,,0
avycon-avc-npv51m,AVYCON,AVC-NPV51M,dome,5MP,5,"1/2.7"" Progressive CMOS",,ir,IP67,IK10,,,0
avycon-avc-npv81f28,AVYCON,AVC-NPV81F28,dome,8MP,8,"1/2.7"" Progressive CMOS",,ir,IP67,IK10,,,0
avycon-avc-npv81m,AVYCON,AVC-NPV81M,dome,8MP,8,"1/2.7"" Progressive CMOS",,ir,IP67,IK10,,,0
avycon-avc-nsb81f28,AVYCON,AVC-NSB81F28,bullet,8MP (4K),8,"1/2.8"" Progressive CMOS","H: 105, V: 56, D: 126",ir,IP67,,,,0
avycon-avc-nsb81m,AVYCON,AVC-NSB81M,bullet,8MP (4K),8,"1/2.8"" Progressive CMOS",H: 111 (W) - 33 (T) / V: 57 (W) - 18 (T) / D: 134 (W) - 37 (T),ir,IP67,,,,0
avycon-avc-nsb81m50,AVYCON,AVC-NSB81M50,bullet,8MP (4K),8,"1/2.8"" Progressive CMOS",49 (W) - 7 (T),ir,IP67,,,,0
avycon-avc-nsd51m,AVYCON,AVC-NSD51M,dome,5MP,5,"1/2.7"" Progressive CMOS","H: 101, V: 71, D: 129",ir,,,,,0
avycon-avc-nsd81f28,AVYCON,AVC-NSD81F28,dome,8MP (4K),8,"1/2.8"" Progressive CMOS","H: 105, V: 56, D: 126",ir,,,,,0
avycon-avc-nsd81m,AVYCON,AVC-NSD81M,dome,8MP (4K),8,"1/2.8"" Progressive CMOS",,ir,,,,,0
avycon-avc-nse81f28,AVYCON,AVC-NSE81F28,turret,8MP (4K),8,"1/2.8"" Progressive CMOS","H: 105, V: 56, D: 126",ir,IP67,,,,0
avycon-avc-nse81f36,AVYCON,AVC-NSE81F36,turret,8MP (4K),8,"1/2.8"" Progressive CMOS","H: 87, V: 44, D: 104",ir,IP67,,,,0
avycon-avc-nse81m,AVYCON,AVC-NSE81M,turret,8MP (4K),8,"1/2.8"" Progressive CMOS",H: 111 (W) - 33 (T) / V: 57 (W) - 18 (T) / D: 134 (W) - 37 (T),ir,IP67,,,,0
avycon-avc-nsv81f28,AVYCON,AVC-NSV81F28,dome,8MP (4K),8,"1/2.8"" Progressive CMOS","H: 105, V: 56, D: 126",ir,IP67,,,,0
avycon-avc-nsv81m,AVYCON,AVC-NSV81M,dome,8MP (4K),8,"1/2.8"" Progressive CMOS",H: 111 (W) - 33 (T) / V: 57 (W) - 18 (T) / D: 134 (W) - 37 (T),ir,IP67,,,,0
avycon-avc-nsz21x25lw,AVYCON,AVC-NSZ21X25LW,ptz,2MP (1920x1080),2,"1/2.8"" Progressive Scan CMOS",H: 56.9 (W) - 2.9 (T) / V: 32.2 (W) - 1.6 (T) / D: 65.2 (W) - 3.3 (T),ir,IP66,,true,,0
avycon-avc-nsz41x04,AVYCON,AVC-NSZ41X04,ptz,4MP (2560x1440),4,"1/1.8"" Progressive Scan CMOS",H: 114.6 (W) - 48.3 (T) / V: 59 (W) - 27.1 (T) / D: 141.6 (W) - 55.5 (T),ir,IP66,IK10,true,,0
avycon-avc-nsz51x25lw,AVYCON,AVC-NSZ51X25LW,ptz,5MP (2592x1944),5,"1/2.7"" Progressive Scan CMOS",H: 55.6 (W) - 8.1 (T) / V: 42.2 (W) - 6.1 (T) / D: 62.8 (W) - 10.2 (T),ir,IP66,,true,,0
avycon-avc-nsz51x33lw,AVYCON,AVC-NSZ51X33LW,ptz,5MP (2592x1944),5,"1/2.7"" Progressive Scan CMOS",H: 55 (W) - 2.3 (T) / V: 41.6 (W) - 1.7 (T) / D: 67.9 (W) - 2.8 (T),ir,IP66,,true,,0
avycon-avc-nsz81x04spl,AVYCON,AVC-NSZ81X04SPL,ptz,8MP (3840x2160),8,"1/2.7"" Progressive Scan CMOS",H: 113 (W) - 31.4 (T) / V: 58.4 (W) - 17.6 (T) / D: 138.6 (W) - 36 (T),ir,IP66,,true,,0
avycon-avc-nsz81x25lw,AVYCON,AVC-NSZ81X25LW,ptz,8MP (3840x2160),8,"1/2.8"" Progressive Scan CMOS",H: 59.9 (W) - 8.9 (T) / V: 34.4 (W) - 4.8 (T) / D: 67.1 (W) - 5.1 (T),ir,IP66,,true,,0
avycon-avc-nsz81x37lw,AVYCON,AVC-NSZ81X37LW,ptz,8MP (3840x2160),8,"1/1.8"" Progressive Scan CMOS",H: 60 (W) - 2.31 (T) / V: 35.5 (W) - 1.3 (T) / D: 67.5 (W) - 2.65 (T),ir,IP67,IK10,true,,0
avycon-avc-nub41f28,AVYCON,AVC-NUB41F28,bullet,4MP,4,"1/1.8"" Progressive CMOS","H: 112, V: 61, D: 134",ir,IP67,,true,,0
avycon-avc-nub41m,AVYCON,AVC-NUB41M,bullet,4MP,4,"1/1.8"" Progressive CMOS",,ir,IP67,,true,,0
avycon-avc-nub81f28,AVYCON,AVC-NUB81F28,bullet,8MP (4K),8,"1/1.8"" Progressive CMOS","H: 110, V: 59, D: 132",ir,IP67,,true,,0
avycon-avc-nub81m,AVYCON,AVC-NUB81M,bullet,8MP (4K),8,"1/1.8"" Progressive CMOS",,ir,IP67,,true,,0
avycon-avc-nue41f28,AVYCON,AVC-NUE41F28,turret,4MP,4,"1/1.8"" Progressive CMOS","H: 112, V: 61, D: 134",ir,IP67,,true,,0
avycon-avc-nue41m,AVYCON,AVC-NUE41M,turret,4MP,4,"1/1.8"" Progressive CMOS",H: 105 (W) - 56 (T) / V: 54 (W) - 32 (T),ir,IP67,,true,,0
avycon-avc-nue81f28,AVYCON,AVC-NUE81F28,turret,8MP (4K),8,"1/1.8"" Progressive CMOS","H: 110, V: 59, D: 132",ir,IP67,,true,,0
avycon-avc-nue81m,AVYCON,AVC-NUE81M,turret,8MP (4K),8,"1/1.8"" Progressive CMOS",H: 105 (W) - 56 (T) / V: 54 (W) - 32 (T),ir,IP67,,true,,0
avycon-avc-nxb41f28,AVYCON,AVC-NXB41F28,bullet,4MP,4,"1/1.8"" Progressive CMOS","H: 112, V: 60, D: 137",ir,IP67,,true,,0
avycon-avc-nxb41m,AVYCON,AVC-NXB41M,bullet,4MP,4,"1/1.8"" Progressive CMOS",H: 113 (W) - 48 (T) / V: 59 (W) - 27 (T) / D: 139 (W) - 55 (T),ir,IP67,,true,,0
avycon-avc-nxb81f28,AVYCON,AVC-NXB81F28,bullet,8MP,8,"1/1.8"" Progressive CMOS","H: 110, V: 60, D: 113",ir,IP67,,true,,0
avycon-avc-nxb81m,AVYCON,AVC-NXB81M,bullet,8MP,8,"1/1.8"" Progressive CMOS","H: 113(W)~48(T), V: 59(W)~27(T), D: 139(W)~55(T)",ir,IP67,,true,,0
avycon-avc-nxt41f28,AVYCON,AVC-NXT41F28,turret,4MP,4,"1/1.8"" Progressive CMOS","H: 112, V: 60, D: 137",ir,IP67,,true,,0
avycon-avc-nxt41m,AVYCON,AVC-NXT41M,turret,4MP,4,"1/1.8"" Progressive CMOS",H: 113 (W) - 48 (T) / V: 59 (W) - 27 (T) / D: 139 (W) - 55 (T),ir,IP67,,true,,0
avycon-avc-nxt81f28,AVYCON,AVC-NXT81F28,turret,8MP,8,"1/1.8"" Progressive CMOS","H: 110, V: 60, D: 113",ir,IP67,,true,,0
avycon-avc-nxt81m,AVYCON,AVC-NXT81M,turret,8MP,8,"1/1.8"" Progressive CMOS","H: 113(W)~48(T), V: 59(W)~27(T), D: 139(W)~55(T)",ir,IP67,,true,,0
avycon-avc-nxv41f28,AVYCON,AVC-NXV41F28,dome,4MP,4,"1/1.8"" Progressive CMOS","H: 112, V: 60, D: 137",ir,IP67,IK10,true,,0
avycon-avc-nxv41m,AVYCON,AVC-NXV41M,dome,4MP,4,"1/1.8"" Progressive CMOS",H: 113 (W) - 48 (T) / V: 59 (W) - 27 (T) / D: 139 (W) - 55 (T),ir,IP67,IK10,true,,0
avycon-avc-nxv81f28,AVYCON,AVC-NXV81F28,dome,8MP,8,"1/1.8"" Progressive CMOS","H: 110, V: 60, D: 113",ir,IP67,IK10,true,,0
avycon-avc-nxv81m,AVYCON,AVC-NXV81M,dome,8MP,8,"1/1.8"" Progressive CMOS","H: 113(W)~48(T), V: 59(W)~27(T), D: 139(W)~55(T)",ir,IP67,IK10,true,,0
avycon-avc-sndb41m-4g,AVYCON,AVC-SNDB41M-4G,bullet,4MP,4,"1/1.8"" Progressive CMOS","110-40 horizontal, 57-22 vertical, 137-46 diagonal",ir,IP67,,true,,0
avycon-avc-tb21f28,AVYCON,AVC-TB21F28,bullet,2MP (1920x1080),2,"1/2.7"" Progressive Scan CMOS",105.41,ir,IP67,,,,0
avycon-avc-tb22m,AVYCON,AVC-TB22M,bullet,2MP (1920x1080),2,"1/2.8"" Progressive Scan CMOS",115.9 (W) - 33.8 (T),ir,IP67,,,,0
avycon-avc-tb51f28,AVYCON,AVC-TB51F28,bullet,5MP (2592x1944),5,"1/2.7"" Progressive Scan CMOS",92.8,ir,IP67,,,,0
avycon-avc-tb52m,AVYCON,AVC-TB52M,bullet,5MP (2592x1944),5,"1/2.7"" Progressive Scan CMOS",101.89 (W) - 30.56 (T),ir,IP67,,,,0
avycon-avc-tb81f28,AVYCON,AVC-TB81F28,bullet,8MP (3840x2160),8,"1/2.7"" Progressive Scan CMOS",105.41,ir,IP67,,,,0
avycon-avc-tb82m,AVYCON,AVC-TB82M,bullet,8MP (3840x2160),8,"1/2.7"" Progressive Scan CMOS",115.9 (W) - 33.8 (T),ir,IP67,,,,0
avycon-avc-tbl52m50,AVYCON,AVC-TBL52M50,bullet,5MP (2688x1944),5,"1/2.8"" 5M Progressive Scan Sony CMOS",,ir,IP67,,,,0
avycon-avc-tcb21f28,AVYCON,AVC-TCB21F28,bullet,2MP (1920x1080),2,"1/2.7"" Progressive Scan CMOS",,ir,IP67,,,,0
avycon-avc-tcb51f28,AVYCON,AVC-TCB51F28,bullet,5MP (2592x1944),5,"1/2.7"" Progressive Scan CMOS",,ir,IP67,,,,0
avycon-avc-tcb81f28,AVYCON,AVC-TCB81F28,bullet,8MP (3840x2160),8,"1/2.7"" Progressive Scan CMOS",,ir,IP67,,,,0
avycon-avc-tce21f28,AVYCON,AVC-TCE21F28,turret,2MP (1920x1080),2,"1/2.7"" Progressive Scan CMOS",,ir,IP67,,,,0
avycon-avc-tce51f28,AVYCON,AVC-TCE51F28,turret,5MP (2592x1944),5,"1/2.7"" Progressive Scan CMOS",,ir,IP67,,,,0
avycon-avc-tce81f28,AVYCON,AVC-TCE81F28,turret,8MP (3840x2160),8,"1/2.7"" Progressive Scan CMOS",,ir,IP67,,,,0
avycon-avc-td21f28,AVYCON,AVC-TD21F28,dome,2MP (1920x1080),2,"1/2.7"" Progressive Scan CMOS",105.41,ir,,,,,0
avycon-avc-td22m,AVYCON,AVC-TD22M,dome,2MP (1920x1080),2,"1/2.8"" Progressive Scan CMOS",115.9 (W) - 33.8 (T),ir,,,,,0
avycon-avc-td22v,AVYCON,AVC-TD22V,dome,2MP (1920x1080),2,"1/2.8"" Progressive Scan CMOS",115.9 (W) - 33.8 (T),ir,,,,,0
avycon-avc-td51f28,AVYCON,AVC-TD51F28,dome,5MP (2592x1944),5,"1/2.7"" Progressive Scan CMOS",,ir,,,,,0
avycon-avc-td52m,AVYCON,AVC-TD52M,dome,5MP (2592x1944),5,"1/2.7"" Progressive Scan CMOS",101.89 (W) - 30.56 (T),ir,,,,,0
avycon-avc-td81f28,AVYCON,AVC-TD81F28,dome,8MP (3840x2160),8,"1/2.7"" Progressive Scan CMOS",105.41,ir,,,,,0
avycon-avc-td82m,AVYCON,AVC-TD82M,dome,8MP (3840x2160),8,"1/2.7"" Progressive Scan CMOS",115.9 (W) - 33.8 (T),ir,,,,,0
avycon-avc-te21f28,AVYCON,AVC-TE21F28,turret,2MP (1920x1080),2,"1/2.7"" Progressive Scan CMOS",105.41,ir,IP67,,,,0
avycon-avc-te21f36,AVYCON,AVC-TE21F36,turret,2MP (1920x1080),2,"1/2.7"" Progressive Scan CMOS",87.4,ir,IP67,,,,0
avycon-avc-te21v,AVYCON,AVC-TE21V,turret,2MP (1920x1080),2,"1/2.7"" Progressive Scan CMOS",,ir,IP67,,,,0
avycon-avc-te51f28,AVYCON,AVC-TE51F28,turret,5MP (2592x1944),5,"1/2.7"" Progressive Scan CMOS",92.8,ir,IP67,,,,0
avycon-avc-te51f36,AVYCON,AVC-TE51F36,turret,5MP (2592x1944),5,"1/2.7"" Progressive Scan CMOS",87.4,ir,IP67,,,,0
avycon-avc-te51m,AVYCON,AVC-TE51M,turret,5MP (2592x1944),5,"1/2.7"" Progressive Scan CMOS",,ir,IP67,,,,0
avycon-avc-te81f28,AVYCON,AVC-TE81F28,turret,8MP (3840x2160),8,"1/2.7"" Progressive Scan CMOS",105.41,ir,IP67,,,,0
avycon-avc-te81m,AVYCON,AVC-TE81M,turret,8MP (3840x2160),8,"1/2.7"" Progressive Scan CMOS",115.9 (W) - 33.8 (T),ir,IP67,,,,0
avycon-avc-tle51f28,AVYCON,AVC-TLE51F28,turret,5MP (2592x1944),5,"1/3"" CMOS",,ir,,,,,0
avycon-avc-tmt51f28,AVYCON,AVC-TMT51F28,turret,5MP (2592x1944),5,"1/3"" CMOS",,ir,IP67,,,,0
avycon-avc-tv21f28,AVYCON,AVC-TV21F28,dome,2MP (1920x1080),2,"1/2.7"" Progressive Scan CMOS",115.9 (W) - 33.8 (T),ir,IP67,IK10,,,0
avycon-avc-tv22m,AVYCON,AVC-TV22M,dome,2MP (1920x1080),2,"1/2.8"" Progressive Scan CMOS",115.9 (W) - 33.8 (T),ir,IP67,IK10,,,0
avycon-avc-tv22v,AVYCON,AVC-TV22V,dome,2MP (1920x1080),2,"1/2.7"" Progressive Scan CMOS",115.9 (W) - 33.8 (T),ir,IP67,IK10,,,0
avycon-avc-tv51f28,AVYCON,AVC-TV51F28,dome,5MP (2592x1944),5,"1/2.7"" Progressive Scan CMOS",92.8,ir,IP67,IK10,,,0
avycon-avc-tv52m,AVYCON,AVC-TV52M,dome,5MP (2592x1944),5,"1/2.7"" Progressive Scan CMOS",101.89 (W) - 30.56 (T),ir,IP67,IK10,,,0
avycon-avc-tv81f28,AVYCON,AVC-TV81F28,dome,8MP (3840x2160),8,"1/2.7"" Progressive Scan CMOS",105.41,ir,IP67,IK10,,,0
avycon-avc-tv82m,AVYCON,AVC-TV82M,dome,8MP (3840x2160),8,"1/2.7"" Progressive Scan CMOS",115.9 (W) - 33.8 (T),ir,IP67,IK10,,,0
axis-212-ptz-v,Axis,212 PTZ-V,ptz,VGA,0.3,,,,,,true,2013,0
axis-214-ptz,Axis,214 PTZ,ptz,D1 (720x480),0.3,,,ir,,,true,2013,0
axis-f4105-lre,Axis,F4105-LRE,dome,1080p HD,2,CMOS,"110 horizontal, 60 vertical",ir,IP66/IP67/IP6K9K,IK10,false,2022,0
axis-f4105-slre,Axis,F4105-SLRE,dome,1080p HD,2,CMOS,"110 horizontal, 61 vertical",ir,IP66/IP67/IP6K9K,IK10,,2024,0
axis-f4108,Axis,F4108,dome,4K,8.3,"1/2.9"" progressive scan RGB CMOS","107 horizontal, 54 vertical",none,IP42,IK08,,2025,0
axis-fa3105-l,Axis,FA3105-L,turret,1080p HD,2,"1/3"" (effective) progressive scan RGB CMOS","103 horizontal, 55 vertical",ir,,,,2018,0
axis-fa4115,Axis,FA4115,dome,1080p,2,"1/3"" progressive scan RGB CMOS","99-53 horizontal, 53-30 vertical",none,,,,2017,0
axis-fa54,Axis,FA54 Main Unit,dome,1080p,2,,113 horizontal (2.8mm),,,,true,,0
axis-m1013,Axis,M1013,box,1MP / SVGA,1,,,,,,,2013,0
axis-m1014,Axis,M1014,box,1MP / HDTV 720p,1,,,,,,,2013,0
axis-m1033-w,Axis,M1033-W,box,SVGA,0.5,,,,,,true,2013,0
axis-m1034-w,Axis,M1034-W,box,1MP / HDTV,1,,,,,,true,2013,0
axis-m1054,Axis,M1054,box,1MP / HDTV,1,,,,,,true,2013,0
axis-m1104,Axis,M1104,box,HDTV 720p,1,,,,,,,2013,0
axis-m1114,Axis,M1114,box,HDTV 720p,1,,,,,,,2013,0
axis-m2025-le,Axis,M2025-LE,bullet,1080p,2,"1/2.9"" CMOS",115,ir,IP66,IK10,false,,0
axis-m2035-le,Axis,M2035-LE,bullet,1080p,2,"1/2.8"" Progressive Scan CMOS",101,ir,IP66,IK10,false,,0
axis-m2036-le,Axis,M2036-LE,bullet,4MP / Quad HD 1440p,4,"1/2.7"" progressive scan RGB CMOS",130 H / 71 V (16:9); 109 H / 81 V (4:3),ir,IP66/IP67,IK08,false,,0
axis-m3004-v,Axis,M3004-V,dome,HDTV 720p / 1MP,1,,,,,,,2013,0
axis-m3005-v,Axis,M3005-V,dome,HDTV 1080p / 2MP,2,,,,,,,2013,0
axis-m3006-v,Axis,M3006-V,dome,HDTV 1080p / 3MP,3,,,,,,,2013,0
axis-m3014,Axis,M3014,dome,1MP / HDTV 720p,1,,,,,,,2013,0
axis-m3048-p,Axis,M3048-P,fisheye,12MP,12,,360,none,IP42,,false,2017,0
axis-m3064-v,Axis,M3064-V,dome,HDTV 720p,1,"1/2.9"" CMOS",83,none,IP42,IK08,false,2015,0
axis-m3077-plve,Axis,M3077-PLVE,panoramic,6MP,6,"1/1.8"" Progressive Scan CMOS",360 horizontal,ir,IP66,IK10,false,2022,0
axis-m3085-v,Axis,M3085-V,dome,1080p,2,"1/2.8"" Progressive Scan CMOS",102,none,IP42,IK10,false,2022,0
axis-m3086-v,Axis,M3086-V,dome,4MP,4,"1/2.8"" Progressive Scan CMOS",105 horizontal,none,IP42,IK08,false,2023,0
axis-m3088-v,Axis,M3088-V,dome,4K UHD,8,"1/2.8"" CMOS",109,none,IP42,IK08,false,2024,0
axis-m3106-l-mk-ii,Axis,M3106-L Mk II,dome,4MP,4,"1/3"" Progressive Scan CMOS",130,ir,,IK08,false,2019,0
axis-m3106-lve-mk-ii,Axis,M3106-LVE Mk II,dome,4MP,4,"1/2.7"" Progressive Scan CMOS",130,ir,IP66,IK10,false,,0
axis-m3115-lve,Axis,M3115-LVE,dome,1080p,2,"1/2.9"" Progressive Scan CMOS",105,ir,IP66,IK10,false,,0
axis-m3116-lve,Axis,M3116-LVE,dome,4MP,4,"1/2.9"" CMOS",130,ir,IP66,IK10,false,,0
axis-m4216-lv,Axis,M4216-LV,dome,4MP,4,"1/2.7"" Progressive Scan CMOS",100-45,ir,IP42,IK08,false,2024,0
axis-m4216-v,Axis,M4216-V,dome,4MP,4,"1/2.7"" Progressive Scan CMOS",100-45,none,IP42,IK08,false,2024,0
axis-m4228-lve,Axis,M4228-LVE,dome,8MP / 4K UHD,8,"1/2.8"" progressive scan RGB CMOS",100-38 H / 52-20 V,ir,IP66,IK10,false,2025,0
axis-m4317-plve,Axis,M4317-PLVE,panoramic,6MP,6,"1/1.8"" Progressive Scan CMOS",360 horizontal,ir,IP66,IK10,false,2023,0
axis-m4318-plve,Axis,M4318-PLVE,panoramic,12MP,12,"1/2.3"" CMOS",182,ir,IP66,IK10,false,2024,0
axis-m5013,Axis,M5013,ptz,SVGA (up to 800x600),0.5,,,,IP51,,,2013,0
axis-m5014,Axis,M5014,ptz,HDTV 720p (up to 1280x720),1,,,,IP51,,,2013,0
axis-m5526-e,Axis,M5526-E,ptz,4MP,4,"1/2.8"" Progressive Scan CMOS",59.1-6.5 horizontal,none,IP66,IK10,false,,0
axis-p1204,Axis,P1204,box,HDTV 720p,1,,,,,,,2013,0
axis-p1214,Axis,P1214,box,HDTV 720p,1,,,,,,,2013,0
axis-p1214-e,Axis,P1214-E,box,HDTV 720p,1,,,,,,,2013,0
axis-p1275,Axis,P1275,covert,1080p,2,"1/2.8"" Progressive Scan CMOS",99-53,none,IP20,,false,,0
axis-p1353,Axis,P1353,box,HDTV 720p,1,,,,,,,2013,0
axis-p1354,Axis,P1354,box,HDTV 720p,1,,,,,,,2013,0
axis-p1355-e,Axis,P1355-E,box,1080p,2,,,,IP66,IK10,,2013,0
axis-p1357-e,Axis,P1357-E,box,5MP,5,,,,IP66,IK10,,2013,0
axis-p1368-e,Axis,P1368-E,box,4K UHD,8,,108h,none,IP66,IK10,false,2017,0
axis-p1448-le,Axis,P1448-LE,bullet,4K UHD,8,"1/1.7"" Progressive Scan CMOS",109-37,ir,IP66,IK10,false,,0
axis-p1465-le,Axis,P1465-LE,bullet,1080p,2,"1/2.8"" Progressive Scan CMOS",100-35 horizontal,ir,IP67,IK10,false,2023,0
axis-p1465-le-3,Axis,P1465-LE-3 License Plate Verifier,bullet,1080p,2,"1/2.8"" Progressive Scan CMOS",100-35 horizontal,ir,IP67,IK10,false,2023,0
axis-p1475-le,Axis,P1475-LE,bullet,1080p,2,"1/2.8"" CMOS",117-36 horizontal,ir,IP66/IP67,IK10,false,,0
axis-p1485-le,Axis,P1485-LE,bullet,1080p,2,"1/2.8"" CMOS",29-11 horizontal,ir,IP66/IP67,IK10,false,,0
axis-p1486-le,Axis,P1486-LE,bullet,3MP,3,"1/1.8"" CMOS global shutter",42-11 horizontal,ir,IP66/IP67,IK10,false,,0
axis-p1487-le,Axis,P1487-LE,bullet,5MP,5,"1/2.8"" CMOS",106-35 horizontal,ir,IP66/IP67,IK10,false,,0
axis-p1488-le,Axis,P1488-LE,bullet,4K UHD (8MP),8,"1/1.2"" CMOS",114-46 horizontal,ir,IP66/IP67,IK10,false,,0
axis-p3245-lv,Axis,P3245-LV,dome,1080p HD,2,,100-33h,ir,IP42,IK10,false,2021,0
axis-p3245-lve,Axis,P3245-LVE,dome,1080p,2,"1/2.8"" Progressive Scan CMOS",100-36 horizontal,ir,IP66,IK10,true,,0
axis-p3245-lve-3,Axis,P3245-LVE-3,dome,1080p,2,"1/2.8"" Progressive Scan CMOS",100-36 horizontal,ir,IP66,IK10,false,,0
axis-p3245-v,Axis,P3245-V,dome,1080p,2,"1/2.8"" Progressive Scan CMOS",100-36,none,IP42,IK10,true,,0
axis-p3245-v-mena,Axis,P3245-V (MENA),dome,1080p HD,2,"1/2.8"" Progressive Scan CMOS",100-36,none,IP42,IK10,false,2021,0
axis-p3245-ve,Axis,P3245-VE,dome,1080p HD,2,,100-36,none,IP66,IK10,false,2021,0
axis-p3265-lv,Axis,P3265-LV,dome,1080p,2,"1/2.8"" Progressive Scan CMOS",100-36 horizontal,ir,IP42,IK10,true,2024,0
axis-p3265-lve,Axis,P3265-LVE,dome,1080p,2,"1/2.8"" progressive scan RGB CMOS",100-36 horizontal / 53-20 vertical,ir,IP66,IK10,true,,0
axis-p3265-lve-3,Axis,P3265-LVE-3,dome,1080p,2,"1/2.8"" Progressive Scan CMOS",100-36 horizontal,ir,IP66,IK10,false,2025,0
axis-p3265-v,Axis,P3265-V,dome,1080p,2,"1/2.8"" Progressive Scan CMOS",100-36,none,IP42,IK10,true,2024,0
axis-p3267-lv,Axis,P3267-LV,dome,5MP,5,"1/1.8"" Progressive Scan CMOS",100-36 horizontal,ir,IP52,IK10,false,2023,0
axis-p3267-lve,Axis,P3267-LVE,dome,5MP,5,"1/1.8"" Progressive Scan CMOS",100-36 horizontal,ir,IP52,IK10,false,2023,0
axis-p3268-lve,Axis,P3268-LVE,dome,4K UHD,8,,95-28h,ir,IP66,IK10,false,2023,0
axis-p3304,Axis,P3304,dome,HDTV 720p,1,,,,,,true,2013,0
axis-p3304-v,Axis,P3304-V,dome,HDTV 720p,1,,,,,,true,2013,0
axis-p3344,Axis,P3344-V,dome,HDTV 720p,1,,100-33h,none,IP66,IK10,false,2011,0
axis-p3346,Axis,P3346,dome,HDTV 1080p,2,,,,,,true,2013,0
axis-p3346-v,Axis,P3346-V,dome,HDTV 1080p,2,,,,,,true,2013,0
axis-p3346-ve,Axis,P3346-VE,dome,HDTV 1080p,2,,,,,,true,2013,0
axis-p3353,Axis,P3353,dome,SVGA,0.5,,,,,,,2013,0
axis-p3354,Axis,P3354,dome,HDTV 720p,1,,,,,,,2013,0
axis-p3363-v,Axis,P3363-V,dome,SVGA,0.5,,,,,,,2013,0
axis-p3363-ve,Axis,P3363-VE,dome,SVGA,0.5,,,,,,,2013,0
axis-p3727-ple,Axis,P3727-PLE,panoramic,8MP (4x2MP),8,"4x 1/2.8"" Progressive Scan CMOS",360 (wall/ceiling mount),ir,IP66,IK10,false,,0
axis-p3737-ple,Axis,P3737-PLE,panoramic,4x5MP multisensor,20,"4x 1/2.8"" Progressive Scan CMOS",360 (wall/ceiling),ir,IP66,IK10,false,,0
axis-p3818-pve,Axis,P3818-PVE,panoramic,"13MP (3-sensor, 180°)",13,"3x 1/2.8"" CMOS",180,none,IP66,IK10,false,,0
axis-p5512,Axis,P5512,ptz,4CIF,0.3,,,ir,IP51,,,2013,0
axis-p5512-e,Axis,P5512-E,ptz,4CIF,0.3,,,ir,IP66,,,2013,0
axis-p5522,Axis,P5522,ptz,D1,0.3,,,ir,,,,2013,0
axis-p5522-e,Axis,P5522-E,ptz,D1,0.3,,,ir,,,,2013,0
axis-p5532,Axis,P5532,ptz,D1 (720x480/576),0.3,,,ir,IP51,,,2013,0
axis-p5532-e,Axis,P5532-E,ptz,D1 (720x480/576),0.3,,,ir,IP66,,,2013,0
axis-p5534,Axis,P5534,ptz,HDTV 720p,1,,,,IP51,,,2013,0
axis-p5534-e,Axis,P5534-E,ptz,HDTV 720p,1,,,,,,,2013,0
axis-p5544,Axis,P5544,ptz,HDTV 720p,1,,,,,,,2013,0
axis-p5654-e-mk-ii,Axis,P5654-E Mk II,ptz,2MP / HDTV 1080p,2,"1/2.8"" progressive scan RGB CMOS",77.0-3.6 H,none,IP66,IK10,false,,0
axis-p5655-e,Axis,P5655-E,ptz,1080p HD,2,,58.3-2.4 horizontal,ir,IP66,IK10,false,2019,0
axis-p5676-le,Axis,P5676-LE,ptz,4MP,4,"1/2.8"" Progressive Scan CMOS",57.1-2.1 horizontal,ir,IP66,IK10,false,,0
axis-q1602,Axis,Q1602,box,SVGA,0.5,,,,,,,2013,0
axis-q1602-e,Axis,Q1602-E,box,SVGA,0.5,,,,,,,2013,0
axis-q1604,Axis,Q1604,box,HDTV 720p,1,,,,,,,2013,0
axis-q1604-e,Axis,Q1604-E,box,HDTV 720p,1,,,,,,,2013,0
axis-q1656,Axis,Q1656,box,4MP,4,"1/1.7"" Progressive Scan CMOS",120-47,none,IP42,,false,,0
axis-q1656-be,Axis,Q1656-BE,box,4K UHD,8,"1/1.7"" Progressive Scan CMOS",,none,IP66,IK10,false,,0
axis-q1755,Axis,Q1755,box,HDTV 720p,1,,,ir,,,,2013,0
axis-q1785-le,Axis,Q1785-LE,bullet,1080p,2,"1/2.9"" Progressive Scan CMOS",100-36 horizontal,ir,IP66,IK10,false,,0
axis-q1800-le,Axis,Q1800-LE,bullet,1080p,2,"1/2.8"" CMOS",38-2.3 horizontal,none,IP66,IK08,false,,0
axis-q1805-le,Axis,Q1805-LE,bullet,1080p,2,"1/2.8"" CMOS",60-2.3 horizontal,ir,IP66/IP67,IK08,false,,0
axis-q1806-le,Axis,Q1806-LE,bullet,4MP,4,"1/1.8"" CMOS",60-2.3 horizontal,ir,IP66/IP67,IK08,false,,0
axis-q1808-le,Axis,Q1808-LE,bullet,10MP,10,"4/3"" CMOS",90-21 (wide) / 21-7 (tele) horizontal,ir,IP66/IP67,IK08,false,,0
axis-q1809-le,Axis,Q1809-LE,bullet,41MP,41,"4/3"" CMOS",90-44 (wide) / 21-7 (tele) horizontal,ir,IP66/IP67,IK08,false,,0
axis-q1910,Axis,Q1910,box,160x128 thermal,0.02,,,,,,false,2013,0
axis-q1910-e,Axis,Q1910-E,box,160x128 thermal,0.02,,,,,,,2013,0
axis-q1921,Axis,Q1921,box,384x288 thermal,0.1,,,,,,true,2013,0
axis-q1921-e,Axis,Q1921-E,box,384x288 thermal,0.1,,,,IP66,,true,2013,0
axis-q1942-e,Axis,Q1942-E,bullet,640x480 thermal,0.3,Thermal VOx LWIR uncooled microbolometer,,none,IP66,IK10,false,,0
axis-q1952-e,Axis,Q1952-E,bullet,640x480 thermal,0.3,Uncooled microbolometer,61 horizontal,none,IP66,IK10,false,2022,0
axis-q2101-e,Axis,Q2101-E Thermal,bullet,384×288 thermal,0.08,Uncooled microbolometer LWIR,45 horizontal (10mm),none,IP66,IK10,false,2021,0
axis-q3527-lve,Axis,Q3527-LVE,dome,5MP,5,"1/2.7"" Progressive Scan CMOS",100-35 horizontal,ir,IP66,IK10,true,,0
axis-q3536-lve,Axis,Q3536-LVE,dome,4K UHD,8,"1/1.8"" Progressive Scan CMOS",100-35 horizontal,ir,IP66,IK10,false,,0
axis-q3538-lve,Axis,Q3538-LVE,dome,4K UHD,8,"1/1.2"" Progressive Scan RGB CMOS",103-49 horizontal,ir,IP66,IK11,false,,0
axis-q3538-slve,Axis,Q3538-SLVE,dome,4K UHD,8,"1/1.2"" Progressive Scan RGB CMOS",103-49 horizontal,ir,IP69K,IK11,false,,0
axis-q3626-ve,Axis,Q3626-VE,dome,4MP / 2688x1512,4,"1/1.8"" progressive scan RGB CMOS",103-52 H / 56-30 V,none,IP66/IP6K9K,IK10,false,2023,0
axis-q3628-ve,Axis,Q3628-VE,dome,8MP / 4K UHD 2160p,8,"1/1.2"" CMOS",103-48 H,none,IP66,IK10,false,2023,0
axis-q3819-pve,Axis,Q3819-PVE,panoramic,"14MP (4x5MP, 180°)",14,"4x 1/2.5"" CMOS",180,none,IP66,IK10,false,2024,0
axis-q6032,Axis,Q6032,ptz,Extended D1 (752x480),0.3,,,ir,IP52,,,2013,0
axis-q6032-e,Axis,Q6032-E,ptz,Extended D1 (752x480),0.3,,,ir,IP52,,,2013,0
axis-q6034,Axis,Q6034,ptz,HDTV 720p,1,,,ir,IP52,,,2013,0
axis-q6034-e,Axis,Q6034-E,ptz,HDTV 720p,1,,,ir,IP66,,,2013,0
axis-q6035,Axis,Q6035,ptz,HDTV 1080p,2,,,ir,IP52,,,2013,0
axis-q6035-e,Axis,Q6035-E,ptz,HDTV 1080p,2,,,ir,,,,2013,0
axis-q6100-e,Axis,Q6100-E,panoramic,"20MP (4x5MP, 360°)",20,"4x 1/2.8"" CMOS",360,ir,IP66,IK10,false,,0
axis-q6114-e,Axis,Q6114-E,ptz,1080p HD,2,,56-2h,none,IP66,IK08,false,2013,0
axis-q6135-le,Axis,Q6135-LE,ptz,1080p,2,"1/2.8"" Progressive Scan CMOS",58.3-2.4 horizontal,ir,IP66,IK08,false,,0
axis-q6135-le-mena,Axis,Q6135-LE (MENA),ptz,1080p HD,2,"1/2.8"" Progressive Scan CMOS",58.3-2.4 horizontal,ir,IP66,IK08,false,2021,0
axis-q6315-le,Axis,Q6315-LE,ptz,1080p,2,"1/2"" CMOS",60.6-2 horizontal,ir,IP66,IK10,false,,0
axis-q6318-le,Axis,Q6318-LE,ptz,4K UHD,8,"1/1.8"" Progressive Scan CMOS",58.3-2.4 horizontal,ir,IP66,IK10,true,2024,0
axis-q6411-le,Axis,Q6411-LE,ptz,2MP / HDTV 1080p,2,"1/2"" progressive scan CMOS",59.6-1.0 H,ir,IP66,IK10,false,2025,0
axis-q9307-lv,Axis,Q9307-LV,dome,5MP,5,,104-40 horizontal,ir,IP42,IK08,false,2022,0
bcs-bcs-p-102wlgsa,BCS,BCS-P-102WLGSA,box,1080p,2,"1/1.9"" SONY StarVis CMOS",,,,,,,0
bcs-bcs-p-102wsa,BCS,BCS-P-102WSA,box,1080p,2,"1/2.8"" CMOS",,,,,,,0
bcs-bcs-p-109gsa,BCS,BCS-P-109GSA,box,12MP,12,"1/1.7"" CMOS",,,,,,,0
bcs-bcs-p-2121r3m-ii,BCS,BCS-P-2121R3M-II,dome,2MP,2,"1/2.7"" 2MP CMOS",,ir,IP66,,,,0
bcs-bcs-p-212r3s-e,BCS,BCS-P-212R3S-E,dome,2MP,2,"1/2.7"" 2MP CMOS",,ir,IP66,,,,0
bcs-bcs-p-212rs-e,BCS,BCS-P-212RS-E,dome,2MP,2,"1/2.7"" 2MP CMOS",,ir,IP66,,,,0
bcs-bcs-p-212rwsa-ii,BCS,BCS-P-212RWSA-II,dome,2MP,2,"1/2.7"" 2MP CMOS",,ir,IP66,IK10,,,0
bcs-bcs-p-214r3m,BCS,BCS-P-214R3M,dome,4MP,4,"1/3"" 4MP CMOS",,ir,IP66,,,,0
bcs-bcs-p-214r3s-e,BCS,BCS-P-214R3S-E,dome,4MP,4,"1/3"" 4MP CMOS",,ir,IP66,,,,0
bcs-bcs-p-214rs-e,BCS,BCS-P-214RS-E,dome,4MP,4,"1/3"" 4MP CMOS",,ir,IP66,,,,0
bcs-bcs-p-214rwsa,BCS,BCS-P-214RWSA,dome,4MP,4,"1/3"" 4MP CMOS",,ir,IP66,IK10,,,0
bcs-bcs-p-215rwsa,BCS,BCS-P-215RWSA,dome,5MP,5,"1/2.7"" 5MP Starlight CMOS",,ir,IP67,IK10,,,0
bcs-bcs-p-222rsam,BCS,BCS-P-222RSAM,dome,2MP,2,"1/2.8"" 2MP CMOS",,ir,IP66,IK10,,,0
bcs-bcs-p-224rwsam,BCS,BCS-P-224RWSAM,dome,4MP,4,"1/3"" 4MP CMOS",,ir,IP66,IK10,,,0
bcs-bcs-p-232r3s,BCS,BCS-P-232R3S,dome,2MP,2,"1/2.7"" 2MP CMOS",,ir,IP66,IK10,,,0
bcs-bcs-p-242r3wsa,BCS,BCS-P-242R3WSA,dome,2MP,2,"1/2.9"" 2MP CMOS",,ir,IP66,IK10,,,0
bcs-bcs-p-244r3wlsa,BCS,BCS-P-244R3WLSA,dome,4MP,4,"1/3"" 4MP CMOS",,ir,IP66,IK10,,,0
bcs-bcs-p-262r3wsa,BCS,BCS-P-262R3WSA,dome,2MP,2,"1/2.9"" 2MP CMOS",,ir,IP66,IK10,,,0
bcs-bcs-p-262r3wsm,BCS,BCS-P-262R3WSM,dome,2MP,2,"1/2.9"" 2MP CMOS",,ir,IP66,,,,0
bcs-bcs-p-264r3wsa,BCS,BCS-P-264R3WSA,dome,4MP,4,"1/3"" 4MP CMOS",,ir,IP66,IK10,,,0
bcs-bcs-p-264r3wsm,BCS,BCS-P-264R3WSM,dome,4MP,4,"1/3"" 4MP CMOS",,ir,IP66,,,,0
bcs-bcs-p-268r3wsa,BCS,BCS-P-268R3WSA,dome,8MP,8,"1/2"" 8MP CMOS",,ir,IP67,IK10,,,0
bcs-bcs-p-268r3wsm,BCS,BCS-P-268R3WSM,dome,8MP,8,"1/2"" 8MP CMOS",,ir,IP66,,,,0
bcs-bcs-p-4121r-ii,BCS,BCS-P-4121R-II,bullet,2MP,2,"1/2.7"" CMOS",,ir,IP66,,,,0
bcs-bcs-p-412r-e,BCS,BCS-P-412R-E,bullet,2MP,2,"1/2.7"" CMOS",,ir,IP66,,,,0
bcs-bcs-p-414r-e,BCS,BCS-P-414R-E,bullet,4MP,4,"1/3"" CMOS",,ir,IP66,,,,0
bcs-bcs-p-414rw,BCS,BCS-P-414RW,bullet,4MP,4,"1/3"" CMOS",,ir,IP66,,,,0
bcs-bcs-p-415rwm,BCS,BCS-P-415RWM,bullet,5MP,5,"1/2.7"" Starlight CMOS",,ir,IP67,,,,0
bcs-bcs-p-422r3a,BCS,BCS-P-422R3A,bullet,2MP,2,"1/2.8"" SONY CMOS",,ir,IP66,,,,0
bcs-bcs-p-422r3ls,BCS,BCS-P-422R3LS,bullet,2MP,2,"1/2.9"" StarLight CMOS",,ir,IP67,,,,0
bcs-bcs-p-422r3wls,BCS,BCS-P-422R3WLS,bullet,2MP,2,"1/2.8"" SONY StarVis CMOS",,ir,IP67,,,,0
bcs-bcs-p-424r3ws,BCS,BCS-P-424R3WS,bullet,4MP,4,"1/3"" CMOS",,ir,IP67,,,,0
bcs-bcs-p-432r3s,BCS,BCS-P-432R3S,bullet,2MP,2,"1/2.8"" SONY CMOS",,ir,IP66,,,,0
bcs-bcs-p-4421rsa,BCS,BCS-P-4421RSA,bullet,2MP,2,"1/2.7"" CMOS",,ir,IP66,,,,0
bcs-bcs-p-444rsa,BCS,BCS-P-444RSA,bullet,4MP,4,"1/3"" CMOS",,ir,IP66,,,,0
bcs-bcs-p-4622r3wlsag,BCS,BCS-P-4622R3WLSAG,bullet,2MP,2,"1/1.9"" SONY CMOS",,ir,IP67,,,,0
bcs-bcs-p-462r3wlsa,BCS,BCS-P-462R3WLSA,bullet,2MP,2,"1/2.8"" SONY CMOS",,ir,IP66,,,,0
bcs-bcs-p-462r3wlsa-itc,BCS,BCS-P-462R3WLSA-ITC,bullet,2MP,2,"1/2.8"" SONY CMOS",,ir,IP66,,,,0
bcs-bcs-p-462rwsa,BCS,BCS-P-462RWSA,bullet,2MP,2,"1/2.9"" CMOS",,ir,IP66,,,,0
bcs-bcs-p-464rwsa,BCS,BCS-P-464RWSA,bullet,4MP,4,"1/3"" CMOS",,ir,IP66,,,,0
bcs-bcs-p-468r3wsa,BCS,BCS-P-468R3WSA,bullet,8MP,8,"1/2"" CMOS",,ir,IP66,,,,0
bcs-bcs-p-5621rsa,BCS,BCS-P-5621RSA,ptz,1080p,2,"1/2.8"" CMOS",,ir,IP66,,,,0
bcs-bcs-p-5621rsap-ii,BCS,BCS-P-5621RSAP-II,ptz,1080p,2,"1/3"" CMOS",,ir,IP66,,,,0
bcs-bcs-p-5622rs,BCS,BCS-P-5622RS,ptz,1080p,2,"1/2.9"" CMOS",,ir,IP66,,,,0
bcs-bcs-p-5622rsa-p,BCS,BCS-P-5622RSA-P,ptz,1080p,2,"1/2.9"" CMOS",,ir,IP66,,,,0
bcs-bcs-p-5622sa,BCS,BCS-P-5622SA,ptz,1080p,2,"1/2.8"" CMOS",,,IP67,IK10,,,0
bcs-bcs-p-5623rsa-ii,BCS,BCS-P-5623RSA-II,ptz,1080p,2,"1/3"" CMOS",,ir,IP66,,,,0
bcs-bcs-p-5623rsap-ii,BCS,BCS-P-5623RSAP-II,ptz,1080p,2,"1/2.8"" CMOS",,ir,IP66,,,,0
bcs-bcs-p-5623sa,BCS,BCS-P-5623SA,ptz,1080p,2,"1/2.8"" CMOS",,,IP67,IK10,,,0
bcs-bcs-p-5624rwlsa,BCS,BCS-P-5624RWLSA,ptz,1080p,2,"1/2.8"" CMOS",,ir,IP66,,,,0
bcs-bcs-p-5626rlsa,BCS,BCS-P-5626RLSA,ptz,1080p,2,"1/2.8"" SONY Starvis CMOS",,ir,IP66,,,,0
bcs-bcs-p-5634rsa,BCS,BCS-P-5634RSA,ptz,3MP,3,"1/2.8"" SONY CMOS",,ir,IP66,,,,0
bcs-bcs-p-5692rsai,BCS,BCS-P-5692RSAI,ptz,12MP,12,"1/1.7"" SONY Starvis CMOS",,ir,IP66,,,,0
bcs-bcs-p-624r3sa,BCS,BCS-P-624R3SA,fisheye,4MP,4,"1/3"" CMOS",185,ir,IP66,IK10,,,0
bcs-bcs-p-629r3sa,BCS,BCS-P-629R3SA,fisheye,12MP,12,"1/1.7"" SONY CMOS",185,ir,IP66,IK10,,,0
bcs-bcs-p5692rsa,BCS,BCS-P5692RSA,ptz,12MP,12,"1/1.7"" CMOS",,ir,IP66,,,,0
blink-indoor,Blink,Indoor,box,1080p HD,2,,110 diagonal,ir,,,true,2020,0
blink-mini,Blink,Mini,dome,1080p HD,2,,110 diagonal,ir,,,true,2020,0
blink-mini-2,Blink,Mini 2,dome,1080p HD,2,,110 diagonal,color,IP54,,true,2023,0
blink-mini-2k-plus,Blink,Mini 2K+,dome,2K QHD,4,,110 diagonal,color,IP54,,true,2025,0
blink-mini-pan-tilt-mount,Blink,Mini Pan-Tilt Mount,ptz,1080p HD,2,,360 pan / 70 tilt,color,,,true,2024,0
blink-outdoor-2k-plus,Blink,Outdoor 2K+,bullet,2K QHD,4,,110 diagonal,ir,IP65,,true,2024,0
blink-outdoor-3rd-gen,Blink,Outdoor (3rd Gen),bullet,1080p HD,2,,110 diagonal,ir,IP65,,true,2022,0
blink-outdoor-4,Blink,Outdoor 4,bullet,1080p HD,2,,110 diagonal,ir,IP65,,true,2023,0
blink-outdoor-4-floodlight,Blink,Outdoor 4 Floodlight,bullet,1080p HD,2,,150 diagonal,color,IP65,,true,2023,0
blink-video-doorbell,Blink,Video Doorbell,doorbell,1080p HD,2,,135 diagonal (head-to-toe),ir,IPX5,,true,2023,0
blink-wired-floodlight,Blink,Wired Floodlight Camera,bullet,1080p,2,,142 diagonal,color,IP65,,true,2023,0
blink-xt2,Blink,XT2,bullet,1080p HD,2,,110 diagonal,ir,IP65,,true,2019,0
boavision-aov-w4g,Boavision,AOV-W4G,ptz,3MP,3,"1/2.7"" CMOS",320 pan/90 tilt,color,IP66,,true,,0
boavision-hsd38w,Boavision,HSD38W,ptz,2K 3MP,3,"1/2.9"" OVO2M10 CMOS",355 pan/90 tilt,hybrid,IP66,,true,,0
boavision-p172267,Boavision,P172267,dual-lens,2K 4MP,4,,355 pan/90 tilt,hybrid,IP66,,true,,0
boavision-p212460,Boavision,P212460,ptz,2K 3MP,3,,355 pan/90 tilt,color,IP66,,true,,0
boavision-p212461,Boavision,P212461,ptz,2K,3,,355 pan/90 tilt,color,IP66,,true,,0
boavision-p212463,Boavision,P212463,ptz,2K 3MP,3,,355 pan/90 tilt,color,IP66,,true,,0
boavision-p212464,Boavision,P212464,bullet,2K 3MP,3,,,color,IP65,,true,,0
boavision-p212465,Boavision,P212465,dual-lens,4K 8MP,8,,355 pan/90 tilt,hybrid,IP66,,true,,0
boavision-p212466,Boavision,P212466,dual-lens,4MP,4,,355 pan/90 tilt,hybrid,IP66,,true,,0
boavision-p212542,Boavision,P212542,dual-lens,8MP,8,,270 pan/90 tilt,hybrid,IP66,,,,0
boavision-p34293,Boavision,P34293,ptz,5MP,5,,355 pan/90 tilt,color,IP66,,true,,0
boavision-p34295,Boavision,P34295,ptz,5MP,5,,,ir,,,true,,0
boavision-p34298,Boavision,P34298,ptz,1080p,2,,350 pan/120 tilt,hybrid,,,true,,0
boavision-yg-bwf93ar-800,Boavision,YG-BWF93AR-800,ptz,4K 8MP,8,"1/2.8"" SONY IMX415 CMOS",355 pan/90 tilt,hybrid,IP66,,true,,0
bolide-bn1009-ptz-5-0wp,Bolide,BN1009-PTZ-5.0WP,ptz,5MP,5,"1/2.8"" progressive scan CMOS",64.9 to 1.8 horizontal,ir,IP66,,true,,0
bolide-bn1009ptz-5mpndaa,Bolide,BN1009PTZ-5MP/NDAA,ptz,5MP,5,"1/2.7"" progressive scan CMOS",55.6 to 8.1 horizontal,ir,IP66,,,,0
bolide-bn1009ptz4kndaa,Bolide,BN1009PTZ4K/NDAA,ptz,4K,8,"1/1.8"" progressive scan CMOS",60 to 2.31 horizontal,ir,IP67,IK10,true,,0
bolide-bn1009ptzmndaa,Bolide,BN1009PTZM/NDAA,ptz,5MP,5,"1/2.7"" CMOS",,ir,IP66,,,,0
bolide-bn1029ptzmini-ndaa,Bolide,BN1029PTZMINI/NDAA,ptz,5MP,5,"1/2.7"" CMOS",,ir,IP67,IK10,,,0
bolide-bn8109-pn,Bolide,BN8109-PN,panoramic,5MP,5,"1/2.8"" progressive scan CMOS",180,ir,IP67,IK10,false,,0
bolide-bn9109-pn,Bolide,BN9109-PN,panoramic,8MP,8,"1/2.8"" progressive scan CMOS",180,ir,IP67,IK10,false,,0
bolide-bn9109-pn-dual,Bolide,BN9109-PN-DUAL,panoramic,8MP,8,"2x 1/2.8"" progressive scan CMOS",180,ir,IP67,IK10,false,,0
bolide-bn9135-pn,Bolide,BN9135-PN,panoramic,8MP,8,"1/2.8"" progressive scan CMOS",180,ir,IP67,IK10,false,,0
bosch-ex14mnx9v0408m-n,Bosch,EX14 Marine Camera (EX14MNX9V0408M-N),box,NTSC/550 TVL color / 570 TVL mono,0.4,,,ir,IP66,,,2013,0
bosch-ex14mx4v0408b-n,Bosch,EX14N Extreme Environmental IDN Camera (EX14MX4V0408B-N),box,NTSC/550 TVL color / 570 TVL mono,0.4,,,ir,IP66,,,2013,0
bosch-ex27dmx4v0550w-n,Bosch,EX27D Desert Camera (EX27DMX4V0550W-N),box,NTSC/550 TVL,0.4,,,ir,,,,2013,0
bosch-ex27mnx8v0409b-n,Bosch,EX27 Series All-weather Camera (EX27MNX8V0409B-N),box,NTSC/550 TVL,0.4,,,ir,,,,2013,0
bosch-ex36mnx902w-n,Bosch,EX36N Corner-mount No-Grip Camera (EX36MNX902W-N),dome,NTSC/540 TVL,0.4,,,ir,,,,2013,0
bosch-fcs-8000-vfd-i,Bosch,AVIOTEC 8000i IR (FCS-8000-VFD-I),bullet,4MP,4.1,1/1.8 inch CMOS,"48-103 (horizontal: 103 wide, 48 tele)",ir,IP66/IP67,IK10,true,2023,0
bosch-flexidome-5100i-mena,Bosch,FLEXIDOME 5100i (MENA),dome,5MP,5,"1/2.7"" CMOS",110-32 horizontal,ir,IP66,IK10,true,2022,0
bosch-kbe-832v38-20n,Bosch,KBE Series Prepackaged DINION HD 1080p (KBE-832V38-20N),box,1080p,2,,,none,IP66,,,2013,0
bosch-mic-500-alb18n,Bosch,MIC Series 500 Professional PTZ (MIC-500-ALB18N),ptz,NTSC/550 TVL,0.4,,,none,IP68,,,2013,0
bosch-mic-550alb28n,Bosch,MIC Series 550 (MIC-550ALB28N),ptz,NTSC/550 TVL,0.4,,,none,IP68,,,2013,0
bosch-mic-550ir55-p,Bosch,MIC Series 550 IR (MIC-550IR55-P),ptz,D1 (analog SD),0.38,"1/2.8"" CMOS",,ir,IP68,,true,,0
bosch-mic-612tialb36n,Bosch,MIC Series 612 Thermal (MIC-612TIALB36N),ptz,thermal,0.08,,,,IP68,,,2013,0
bosch-mic-7230-b5,Bosch,MIC-7230-B5,ptz,1080p,2,,,ir,IP68,IK10,,2016,0
bosch-mic-7504-z12br,Bosch,MIC IP ultra 7100i (MIC-7504-Z12BR),ptz,4K UHD,8.3,1 in. Exmor R CMOS,6.1 to 64.6,none,IP68,IK10,true,,0
bosch-mic-7504-z12gr,Bosch,MIC IP ultra 7100i (MIC-7504-Z12GR),ptz,4K UHD,8,1-inch CMOS,61-90,none,IP66/IP68,IK10,,,0
bosch-mic-7504-z12wr,Bosch,MIC IP ultra 7100i (MIC-7504-Z12WR) PTZ 8MP 12x IP68 enhanced white,ptz,4K UHD,8.3,1-inch Exmor R CMOS,6.1-64.6,none,IP68,IK10,true,2019,0
bosch-mic-7522-z30b,Bosch,MIC IP starlight 7100i (MIC-7522-Z30B),ptz,1080p HD,2,1/2 inch CMOS,2.1-58.3,color,IP68,IK10,true,2019,0
bosch-mic-7522-z30br,Bosch,MIC IP starlight 7100i (MIC-7522-Z30BR),ptz,1080p,2.12,1/2 inch CMOS,2.1-58.3,none,IP68,IK10,true,,0
bosch-mic-7522-z30g,Bosch,MIC IP starlight 7100i (MIC-7522-Z30G),ptz,1080p,2.12,1/2 in. CMOS,2.1 to 58.3,color,IP66/IP68 (Type 6P); IP67 with connector kit,IK10,true,2019,0
bosch-mic-7522-z30gr,Bosch,MIC IP starlight 7100i (MIC-7522-Z30GR),ptz,1080p,2,"1/2"" CMOS (starlight)",2.1-58.3,color,IP66/IP68,IK10,true,2020,0
bosch-mic-7522-z30w,Bosch,MIC IP starlight 7100i (MIC-7522-Z30W),ptz,1080p HD,2.12,1/2 in. CMOS,2.1-58.3,color,IP68,IK10,true,,0
bosch-mic-7522-z30wr,Bosch,MIC IP starlight 7100i (MIC-7522-Z30WR),ptz,1080p,2.12,1/2 in. CMOS,2.1-58.3,color,IP66/IP68,IK10,true,,0
bosch-mic-9502-z30bqs,Bosch,MIC IP fusion 9000i (MIC-9502-Z30BQS),ptz,1080p,2,"Visible: 1/2.8"" CMOS; Thermal: uncooled VOx microbolometer",16 (thermal),none,IP66/IP68,IK10,,,0
bosch-mic-9502-z30bvf,Bosch,MIC IP fusion 9000i (MIC-9502-Z30BVF),ptz,1080p HD,2,1/2.8-type Exmor R CMOS (visible); uncooled Vanadium Oxide microbolometer FPA (thermal),2.3-64.7 (optical); 12.4x9.3 (thermal),none,IP68 (with MIC-DCA/MIC-WMB mount),IK10,true,2019,0
bosch-mic-9502-z30bvf9,Bosch,MIC IP fusion 9000i (MIC-9502-Z30BVF9),ptz,Full HD 1080p,2.13,1/2.8-type Exmor R CMOS (visible); uncooled Vanadium Oxide microbolometer FPA (thermal),2.3-64.7 (optical 30x); 70 (thermal 9mm),none,IP68,IK10,false,,0
bosch-mic-9502-z30bvs,Bosch,MIC IP fusion 9000i (MIC-9502-Z30BVS),ptz,1080p,2,1/2.8-inch Exmor R CMOS (visible) + uncooled VOx microbolometer FPA (thermal),,none,"IP66/IP68, Type 6P",IK10,,,0
bosch-mic-9502-z30bvs9,Bosch,MIC IP fusion 9000i (MIC-9502-Z30BVS9),ptz,1080p,2.13,1/2.8-type Exmor R CMOS,2.3-64.7 (visible); 70x52 (thermal 9mm),none,IP68,IK10,true,,0
bosch-mic-9502-z30gqs,Bosch,"MIC IP fusion 9000i — PTZ thermal QVGA-19mm 2MP 30x 9Hz, gray (MIC-9502-Z30GQS)",ptz,1080p (Full HD),2.13,Visible: 1/2.8-type Exmor R CMOS (starlight); Thermal: uncooled vanadium oxide microbolometer FPA,2.3-64.7 (visible) / 16x12 (thermal),none,IP66/IP68 (Type 6P),IK10,true,,0
bosch-mic-9502-z30gvf,Bosch,MIC IP fusion 9000i (MIC-9502-Z30GVF),ptz,1080p,2.13,1/2.8-type Exmor R CMOS (visible) + uncooled Vanadium Oxide microbolometer 640x480 (thermal),2.3 to 64.7 (visible); 12.4 x 9.3 (thermal),none,IP68 (Type 6P),IK10,false,2022,0
bosch-mic-9502-z30gvf9,Bosch,"MIC IP fusion 9000i (MIC-9502-Z30GVF9), PTZ thermal VGA-9mm 2MP 30x 30Hz, gray",ptz,1080p (Full HD),2,1/2.8-type Exmor R CMOS (visible) + uncooled vanadium oxide microbolometer FPA (thermal),"70 x 52 (thermal); visible 2.3 to 64.7 (horizontal, optical zoom range)",none,IP68,IK10,,,0
bosch-mic-9502-z30wqs,Bosch,MIC IP fusion 9000i (MIC-9502-Z30WQS),ptz,1080p,2,"1/2.8-inch Exmor R CMOS (visible) + uncooled vanadium oxide (VOx) microbolometer (thermal, QVGA)","61-90 (optical horizontal), 16 (thermal)",none,IP66,IK10,,2019,0
bosch-mic-9502-z30wvf,Bosch,MIC IP fusion 9000i (MIC-9502-Z30WVF),ptz,1080p,2,1/2.8-inch Exmor R CMOS (visible); uncooled VOx microbolometer (thermal),Thermal ~12 (50mm lens); visible 30x optical zoom (4.3-129mm),none,IP68,IK10,,2019,0
bosch-mic-9502-z30wvf9,Bosch,MIC IP fusion 9000i (MIC-9502-Z30WVF9),ptz,1080p,2,Visible: 1/2.8-type Exmor R CMOS; Thermal: 640x480 uncooled Vanadium Oxide (VOx) microbolometer FPA,70 x 52 (thermal),none,IP66/IP67/IP68,,,2022,0
bosch-mic-9502-z30wvs,Bosch,MIC IP fusion 9000i (MIC-9502-Z30WVS),ptz,1080p,2.13,1/2.8-type Exmor R CMOS,2.3 to 64.7 (optical); 12.4 x 9.3 (thermal),none,IP68,IK10,true,2019,0
bosch-mic-9502-z30wvs9,Bosch,MIC IP fusion 9000i (MIC-9502-Z30WVS9),ptz,1080p (Full HD),2.13,"1/2.8"" Exmor R CMOS (visible, starlight); uncooled VOx microbolometer FPA (thermal)",2.3-64.7 (visible); 70x52 (thermal 9mm lens),none,IP68,IK10,true,2022,0
bosch-mic-9803s-z30b06v,Bosch,MIC IP fusion 9000i (MIC-9803S-Z30B06V),ptz,4MP (visible imager),4,Uncooled vanadium oxide (VOx) microbolometer thermal core (640x480) plus visible CMOS imager,"70 (thermal, B06 lens); max approx. 61-90",none,IP68 / Type 6P (also IP67),IK10,true,2026,0
bosch-mic-9803s-z30b14v,Bosch,MIC IP fusion 9000i (MIC-9803S-Z30B14V),ptz,4MP visible / 640x480 thermal,4,,31,none,IP68,IK10,true,,0
bosch-mic-9803s-z30b18q,Bosch,MIC IP fusion 9000i (MIC-9803S-Z30B18Q),ptz,4MP,4,,11-30,none,IP68,IK10,true,,0
bosch-mic-9803s-z30b42v,Bosch,MIC IP fusion 9000i (MIC-9803S-Z30B42V),ptz,4MP,4,,1 - 10,none,IP68,IK10,true,,0
bosch-mic-9803s-z30g06v,Bosch,MIC IP fusion 9000i (MIC-9803S-Z30G06V),ptz,4MP optical / 640x480 thermal,4,,70,none,IP68,IK10,,,0
bosch-mic-9803s-z30g14v,Bosch,MIC IP fusion 9000i (MIC-9803S-Z30G14V),ptz,4MP (optical),4,Uncooled vanadium oxide (VOx) microbolometer FPA (thermal) + CMOS (optical),31,none,IP68,IK10,,2026,0
bosch-mic-9803s-z30g18q,Bosch,"MIC fusion 9000i thermal/optical PTZ - 4MP optical + QVGA thermal, 30x, gray (MIC-9803S-Z30G18Q)",ptz,4MP,4,,11 - 30,none,IP66/IP68,IK10,true,2026,0
bosch-mic-9803s-z30g42v,Bosch,Bosch MIC IP fusion 9000i (MIC-9803S-Z30G42V),ptz,4MP (visible imager),4,"Uncooled Vanadium Oxide (VOx) microbolometer, 640x480, 17 um pitch (thermal core); CMOS visible imager","10 (thermal, 640px/30Hz lens variant)",none,IP68,IK10,true,,0
bosch-mic-9803s-z30w06v,Bosch,MIC IP Fusion 9000i (MIC-9803S-Z30W06V),ptz,4MP,4,,70 (thermal),none,IP68,,,2026,0
bosch-mic-9803s-z30w14v,Bosch,MIC IP fusion 9000i (MIC-9803S-Z30W14V),ptz,4 MP (visible/optical),4,,31 (thermal horizontal),none,IP68,IK10,true,2026,0
bosch-mic-9803s-z30w18q,Bosch,MIC IP fusion 9000i (MIC-9803S-Z30W18Q),ptz,4MP,4,,11-30,none,IP68,IK10,true,2026,0
bosch-mic-9803s-z30w42v,Bosch,MIC IP fusion 9000i (MIC-9803S-Z30W42V),ptz,4MP,4,,1-10,none,IP68,IK10,true,2026,0
bosch-mic400irbud1461,Bosch,MIC1-400 Infrared PTZ (MIC400IRBUD1461),ptz,NTSC,0.4,,,ir,IP68,,,2013,0
bosch-mic400stsup13518n,Bosch,MIC Series 400 Stainless Steel (MIC400STSUP13518N),ptz,NTSC/470 TVL,0.4,,,none,IP68,,,2013,0
bosch-mic440axbup14618n,Bosch,MIC Series 440 Explosion Protected (MIC440AXBUP14618N),ptz,NTSC,0.4,,,none,IP68,,,2013,0
bosch-nbc-225-p,Bosch,IP Camera 200 Series VGA fixed lens (NBC-225-P),box,VGA,0.3,,,,,,,2013,0
bosch-nbc-255-p,Bosch,IP Camera 200 Series VGA (NBC-255-P),box,VGA,0.3,,,,,,,2013,0
bosch-nbc-255-w,Bosch,Wireless IP Camera 200 Series VGA (NBC-255-W),box,VGA,0.3,,,,,,,2013,0
bosch-nbc-265-p,Bosch,IP Camera 200 Series 720p (NBC-265-P),box,720p,1,,,,,,,2013,0
bosch-nbc-265-w,Bosch,Wireless IP Camera 200 Series 720p (NBC-265-W),box,720p,1,,,,,,,2013,0
bosch-nbc-455-21p,Bosch,NBC-455 DINION IP Camera (NBC-455-21P),box,NTSC/540 TVL,0.4,,,none,,,,2013,0
bosch-nbe-3702-al,Bosch,DINION 3100i IR (NBE-3702-AL),bullet,1080p,2,1/2.8-inch CMOS,31 to 106 (horizontal),ir,IP66,IK10,,,0
bosch-nbe-3703-al,Bosch,DINION 3100i IR (NBE-3703-AL),bullet,5MP,5,1/2.7-inch CMOS,30-101,ir,IP66,IK10,,2024,0
bosch-nbe-4502-al,Bosch,NBE-4502-AL,bullet,1080p,2,,,ir,IP67,IK10,true,2016,0
bosch-nbe-5503-al,Bosch,NBE-5503-AL,bullet,5MP,5,"1/2.9"" CMOS",,ir,IP67,IK10,true,2016,0
bosch-nbe-5702-al,Bosch,DINION 5100i 2MP Bullet (NBE-5702-AL),bullet,1080p,2,"1/2.8"" CMOS",105-31 horizontal,ir,IP67,IK10,true,,0
bosch-nbe-5703-al,Bosch,DINION 5100i 5MP Bullet (NBE-5703-AL),bullet,5MP,5,"1/2.7"" CMOS",96-29 horizontal,ir,IP67,IK10,true,,0
bosch-nbe-5704-al,Bosch,DINION 5100i IR (NBE-5704-AL),bullet,4K UHD (8MP),8,1/2.8 inch CMOS,"105-31 horizontal, 57-18 vertical",ir,IP66/IP67,IK10,true,,0
bosch-nbe-6502-al,Bosch,NBE-6502-AL,bullet,1080p,2,,,ir,IP67,IK10,,2016,0
bosch-nbe-7702-alx,Bosch,DINION 7100i IR (NBE-7702-ALX) — Bullet 2MP HDR X 4.7-10mm IP66/67 IK10,bullet,HD 1080p,2.1,1/1.8 inch CMOS,103-49 horizontal (53-27 vertical),ir,IP66/IP67,IK10,true,2023,0
bosch-nbe-7702-alxt,Bosch,DINION 7100i IR (NBE-7702-ALXT),bullet,1080p,2,"1/2.8"" CMOS",31-8 horizontal,ir,IP67,IK10,false,,0
bosch-nbe-7703-alx,Bosch,DINION 7100i IR (NBE-7703-ALX),bullet,4MP,4.1,1/1.8 inch CMOS,"103 to 48 horizontal, 53 to 27 vertical",ir,IP66/IP67,IK10,true,2023,0
bosch-nbe-7703-alxt,Bosch,DINION 7100i IR (NBE-7703-ALXT),bullet,4MP,4.1,1/1.8-inch CMOS,9.3-41.6 (horizontal),ir,IP66/IP67,IK10,,2023,0
bosch-nbe-7704-al,Bosch,DINION 7100i IR (NBE-7704-AL),bullet,4K UHD,8.3,1/1.8-inch CMOS,44-108,ir,IP66/IP67,IK10,true,2023,0
bosch-nbe-7704-alt,Bosch,DINION 7100i IR (NBE-7704-ALT),bullet,4K UHD,8.3,"1/1.8"" CMOS",12.1-35.8 (horizontal),ir,IP66/IP67/IP6K9K,IK10,true,2023,0
bosch-nbe-7704-alx,Bosch,DINION 7100i IR (NBE-7704-ALX),bullet,4K UHD,8.3,1/1.2 inch CMOS,"110-48 (H), 59-27 (V)",ir,IP66/IP67,IK10,true,2023,0
bosch-nbi-7802-ax,Bosch,DINION 7100s (NBI-7802-AX),box,1080p,2,"1/1.8"" CMOS (2.9 μm)","103-49 (horizontal), 53-27 (vertical)",none,IP5X,,true,,0
bosch-nbi-7802-axt,Bosch,DINION 7100s Starlight X (NBI-7802-AXT),box,1080p,2,"1/1.8"" CMOS","41.6–9.3 (H), 23.9–5.3 (V)",none,IP5X,,true,2025,0
bosch-nbi-7803-ax,Bosch,DINION 7100s (NBI-7803-AX),box,4MP,4.1,1/1.8-inch CMOS,103-49 (horizontal),none,IP5X,,,2026,0
bosch-nbi-7803-axt,Bosch,DINION 7100s Starlight X (NBI-7803-AXT),box,4MP,4.1,"1/1.8"" CMOS",9.3–41.6 (horizontal),none,IP5X,,true,2025,0
bosch-nbi-7803s-ax,Bosch,DINION 7100s (NBI-7803S-AX),box,4MP,4.1,"1/1.8"" CMOS",103 – 49 (horizontal),none,IP5X,,true,2026,0
bosch-nbi-7803s-axt,Bosch,DINION 7100s (NBI-7803S-AXT),box,4MP,4.1,1/1.8 inch CMOS,"H: 41.6-9.3, V: 23.9-5.3",none,IP5X,,true,2026,0
bosch-nbn-498-21p,Bosch,NBN-498 DINION 2X Day/Night IP (NBN-498-21P),box,NTSC/540 TVL,0.4,,,none,,,,2013,0
bosch-nbn-63013-b,Bosch,NBN-63013-B,box,720p,1,1/2.8-inch CMOS,,color,,,true,2016,0
bosch-nbn-63023-b,Bosch,DINION IP starlight 6000 HD (NBN-63023-B),box,1080p,2,1/2.8-inch CMOS,,color,,,true,2016,0
bosch-nbn-65023-b,Bosch,NBN-65023-B,box,1080p,2,1/2.8-inch CMOS,,color,,,true,2016,0
bosch-nbn-73023-ba,Bosch,DINION IP starlight 7000 HD (NBN-73023-BA),box,1080p,2,1/2.8-inch CMOS,,none,,,true,,0
bosch-nbn-733v-p,Bosch,DINION starlight 7000 (NBN-733V-P),box,720p60,1,,,color,,,,2013,0
bosch-nbn-832v-p,Bosch,DINION 1080p 7000 (NBN-832V-P),box,1080p,2,,,none,,,,2013,0
bosch-nbn-9122-p,Bosch,DINION IP 12MP (NBN-9122-P),box,12MP UHD,12,"2/3"" Progressive Scan CMOS",,none,IP31,,false,,0
bosch-nbn-932v-ip,Bosch,DINION HDR 7000 (NBN-932V-IP),box,1080p,2,,,none,,,,2013,0
bosch-nbt-8700-f03qf,Bosch,DINION thermal 8100i (NBT-8700-F03QF),bullet,QVGA,0.1,Uncooled VOx microbolometer,80 (horizontal),none,IP66/IP67,IK10,true,2025,0
bosch-nbt-8700-f05qf,Bosch,DINION thermal 8100i QVGA (NBT-8700-F05QF),bullet,QVGA,0.08,"Uncooled microbolometer / VOx (vanadium oxide), 8-14 µm, 320x240, 12 µm pixel pitch, NETD < 30 mK",46 (horizontal),none,IP66/IP67,IK10,true,2025,0
bosch-nbt-8700-f09qf,Bosch,DINION thermal 8100i (NBT-8700-F09QF),bullet,QVGA,0.08,"Uncooled microbolometer / VOx (vanadium oxide), 320x240, 12 µm pixel pitch, 8-14 µm spectral response, NETD <30 mK",24 (horizontal),none,IP66/IP67,IK10,true,2025,0
bosch-nbt-8700-f18qf,Bosch,DINION thermal 8100i - QVGA (NBT-8700-F18QF),bullet,QVGA,0.08,"Uncooled microbolometer / VOx (vanadium oxide), 8-14 µm, 12 µm pixel pitch, NETD < 30 mK",12 (H) x 9 (V),none,IP66/IP67,IK10,true,,0
bosch-nbt-8701-f06vf,Bosch,DINION thermal 8100i VGA (NBT-8701-F06VF),bullet,VGA (thermal),0.3,"640 x 480 VOx uncooled microbolometer, 12 µm pixel pitch",70,none,IP66/67,IK10,,2025,0
bosch-nbt-8701-f14vf,Bosch,DINION thermal 8100i - VGA (NBT-8701-F14VF),bullet,VGA,0.3,"Uncooled microbolometer / VOx (vanadium oxide), 640 x 480, 12 µm pixel pitch, 8-14 µm spectral response",31,none,IP66/IP67,IK10,true,2025,0
bosch-nbt-8701-f25vf,Bosch,DINION thermal 8100i - VGA (NBT-8701-F25VF),bullet,VGA,0.3,"Uncooled VOx (vanadium oxide) microbolometer, 640x480, 12 um pixel pitch, 8-14 um spectral response",17,none,IP66/IP67,IK10,true,2025,0
bosch-nbt-8701-f42vf,Bosch,DINION thermal 8100i VGA (NBT-8701-F42VF),bullet,VGA,0.3,"640 x 480 VOx uncooled microbolometer, 12 µm pixel pitch",10,none,IP66/IP67,IK10,,,0
bosch-nce-7703-fk,Bosch,FLEXIDOME corner 7100i IR (NCE-7703-FK),dome,6MP,6,1/1.8 inch CMOS,"131.1 horizontal, 96.5 vertical",ir,IP66,IK11,,2023,0
bosch-ndc-225-p,Bosch,IP Dome 200 Series VGA fixed lens (NDC-225-P),dome,VGA,0.3,,,,,,,2013,0
bosch-ndc-255-p,Bosch,IP Dome 200 Series VGA (NDC-255-P),dome,VGA,0.3,,,,,,,2013,0
bosch-ndc-265-p,Bosch,IP Dome 200 Series 720p (NDC-265-P),dome,720p,1,,,,,,,2013,0
bosch-ndc-274-p,Bosch,NDC-274-P MicroDome (2 MP/HD 1080p),dome,1080p,2,,,,,,,2013,0
bosch-ndc-284-pt,Bosch,NDC-284-PT MicroDome (5 MP),dome,5MP,5,,,,IP66,,,2013,0
bosch-ndc-455v03-21p,Bosch,NDC-455 FLEXIDOME IP (NDC-455V03-21P),dome,NTSC/540 TVL,0.4,,,none,IP66,,,2013,0
bosch-ndc-8502-r-ooh,Bosch,FLEXIDOME 8000i Outdoor Dome (NDC-8502-R),dome,1080p,2,"1/1.8"" CMOS (starlight)",100-33 horizontal,ir,IP66,IK10,true,2023,0
bosch-ndd-7802-al,Bosch,FLEXIDOME dual 7100i IR (NDD-7802-AL),dual-lens,2x 3MP (2048×1536 per imager),6,,"37–104 horizontal (per lens, varifocal)",ir,IP66/IP67,IK10,true,2025,0
bosch-ndd-7803-al,Bosch,FLEXIDOME Dual 7100i IR (NDD-7803-AL),dual-lens,2x 5MP (10MP total),10,"2x 1/2.8"" CMOS",104 to 37 (horizontal),ir,IP67,IK10,true,2025,0
bosch-nde-3503-f02,Bosch,FLEXIDOME IP micro 3000i - outdoor (NDE-3503-F02),dome,5MP,5.3,1/2.9 inch CMOS,118 x 69 (H x V),none,IP66,IK10,,2021,0
bosch-nde-3702-al,Bosch,FLEXIDOME outdoor 3100i IR (NDE-3702-AL),dome,1080p,2,"1/2.8"" CMOS",31.2-106,ir,IP66,IK10,,,0
bosch-nde-3703-al,Bosch,FLEXIDOME outdoor 3100i IR (NDE-3703-AL),dome,5MP,5,1/2.7 inch CMOS,30.1-101.4 (horizontal),ir,IP66,IK10,,,0
bosch-nde-3703-al-io,Bosch,FLEXIDOME outdoor 3100i IR (NDE-3703-AL-IO),dome,5MP,5,1/2.7 inch CMOS,30.1 to 101.4,ir,IP66,IK10,false,2024,0
bosch-nde-4502-a,Bosch,FLEXIDOME IP outdoor 4000i (NDE-4502-A),dome,1080p,2,1/2.9 inch CMOS,37-106,none,IP66,IK10,true,2019,0
bosch-nde-4502-al,Bosch,FLEXIDOME IP outdoor 4000i (NDE-4502-AL),dome,1080p,2,1/2.9 inch CMOS,37-106,ir,IP66,IK10,true,2019,0
bosch-nde-5503-al,Bosch,FLEXIDOME IP outdoor 5000i (NDE-5503-AL),dome,5MP,5,"1/2.9"" Progressive Scan CMOS",98-29 horizontal,ir,IP66,IK10,false,,0
bosch-nde-5702-a,Bosch,FLEXIDOME outdoor 5100i (NDE-5702-A),dome,1080p,2,1/2.8 inch CMOS,31-105,none,IP66,IK10,true,2022,0
bosch-nde-5702-al,Bosch,FLEXIDOME outdoor 5100i 2MP (NDE-5702-AL),dome,1080p,2,"1/2.8"" CMOS",105-31 horizontal,ir,IP66,IK10,true,,0
bosch-nde-5703-a,Bosch,FLEXIDOME outdoor 5100i (NDE-5703-A),dome,5MP,5,1/2.7 inch CMOS,29-96,none,IP66,IK10,true,2022,0
bosch-nde-5703-al,Bosch,FLEXIDOME outdoor 5100i 5MP (NDE-5703-AL),dome,5MP,5,"1/2.7"" CMOS",96-29 horizontal,ir,IP66,IK10,true,,0
bosch-nde-5704-a,Bosch,FLEXIDOME outdoor 5100i (NDE-5704-A),dome,4K / 8MP,8,1/2.8 inch CMOS,31-105 (horizontal),none,IP66,IK10,true,2022,0
bosch-nde-5704-al,Bosch,FLEXIDOME outdoor 5100i IR (NDE-5704-AL),dome,4K UHD,8,1/2.8-inch CMOS,31-105 (horizontal),ir,IP66,IK10,true,2022,0
bosch-nde-8512-r,Bosch,FLEXIDOME IP starlight 8000i (NDE-8512-R),dome,1080p,2,"1/1.8"" CMOS (starlight)",100-35 horizontal,none,IP54,IK10,true,2022,0
bosch-nde-8512-rx,Bosch,FLEXIDOME IP starlight 8000i (NDE-8512-RX),dome,1080p,2,"1/1.8"" CMOS (starlight)",100-35 horizontal,ir,IP66,IK10,true,,0
bosch-nde-8702-rx,Bosch,FLEXIDOME 8100i X-series (NDE-8702-RX),dome,1080p Full HD,2,"1/1.8"" CMOS",48-110,none,"IP66, IP67, IP6K9K",IK10,true,2024,0
bosch-nde-8702-rxl,Bosch,FLEXIDOME 8100i IR — X series (NDE-8702-RXL),dome,1080p,2.1,"1/1.8"" CMOS",48-110 (horizontal),ir,IP66/IP67/IP6K9K,IK11,,2024,0
bosch-nde-8702-rxt,Bosch,FLEXIDOME 8100i — X series (NDE-8702-RXT),dome,Full HD 1080p (2MP),2.1,"1/1.8"" CMOS (4.1 µm, 2.10 MP)","36-12 (horizontal), 20-7 (vertical)",color,IP66/IP67/IP6K9K,IK11,true,2024,0
bosch-nde-8703-r,Bosch,FLEXIDOME 8100i (NDE-8703-R),dome,6MP,6,"1/1.8 inch CMOS, 2.3 µm","117 - 44 (horizontal), 62 - 24 (vertical)",color,"IP66/IP67/IP6K9K, NEMA 4X",IK11,true,2024,0
bosch-nde-8703-rl,Bosch,FLEXIDOME 8100i IR (NDE-8703-RL),dome,6MP,6,"1/1.8"" CMOS",117-44,ir,IP66/IP67/IP6K9K,IK11,,2024,0
bosch-nde-8703-rt,Bosch,FLEXIDOME 8100i (NDE-8703-RT),dome,6MP,6,"1/1.8 inch CMOS, 2.3 µm","12-36 (horizontal), 7-20 (vertical)",none,IP66/IP67/IP6K9K,IK11,true,2024,0
bosch-nde-8703-rx,Bosch,FLEXIDOME 8100i X-series (NDE-8703-RX),dome,4MP,4.1,1/1.8 inch CMOS,110-48,color,IP66/IP67/IP6K9K,IK11,true,2024,0
bosch-nde-8703-rxl,Bosch,FLEXIDOME 8100i IR 4MP — X series (NDE-8703-RXL),dome,4MP,4.1,"1/1.8 inch CMOS, 2.9 μm","110-48 (horizontal), 56-27 (vertical)",ir,IP66/IP67/IP6K9K,IK11,true,2024,0
bosch-nde-8703-rxt,Bosch,FLEXIDOME 8100i — X series (NDE-8703-RXT),dome,4MP,4.1,"1/1.8 inch CMOS, 2.9 μm","36-12 horizontal, 20-7 vertical",none,IP66/IP67/IP6K9K,IK11,true,2024,0
bosch-nde-8704-r,Bosch,FLEXIDOME 8100i (NDE-8704-R),dome,4K UHD,8.3,1/1.8-inch CMOS,117 to 44 (horizontal),ir,IP66/IP67/IP6K9K,IK11,,2024,0
bosch-nde-8704-rl,Bosch,FLEXIDOME 8100i IR (NDE-8704-RL),dome,4K UHD,8.3,"1/1.8"" CMOS, 2.0 μm","117-62 horizontal, 44-24 vertical",ir,IP66/IP67/IP6K9K,IK11,true,2024,0
bosch-nde-8704-rt,Bosch,FLEXIDOME 8100i (NDE-8704-RT),dome,4K UHD,8.3,"1/1.8"" CMOS (2.0 μm)",36-12,color,IP66/IP67/IP6K9K,IK11,,,0
bosch-nde-8704-rx,Bosch,FLEXIDOME 8100i — X series (NDE-8704-RX),dome,4K UHD,8.3,1/1.2-inch CMOS,48-110,color,IP66/IP67,IK11,,2025,0
bosch-nde-8704-rxl,Bosch,FLEXIDOME 8100i IR — X series (NDE-8704-RXL),dome,4K (8MP),8.3,"1/1.2 inch CMOS, 2.9 μm",110-48,ir,IP66/IP67,IK11,true,2025,0
bosch-ndi-3702-a,Bosch,FLEXIDOME indoor 3100i (NDI-3702-A),dome,1080p,2,1/2.8 inch CMOS,106 - 31.2 (horizontal),none,,,,,0
bosch-ndi-3702-a-io,Bosch,FLEXIDOME indoor 3100i (NDI-3702-A-IO),dome,1080p HD,2,1/2.8 inch CMOS,31.2-106 (horizontal),none,,,true,2025,0
bosch-ndi-3702-al,Bosch,FLEXIDOME indoor 3100i IR (NDI-3702-AL),dome,1080p,2,1/2.8 inch CMOS,106-31.2 (horizontal); 55.2-17.5 (vertical),ir,,,,2024,0
bosch-ndi-3703-a,Bosch,FLEXIDOME indoor 3100i (NDI-3703-A),dome,5MP,5,1/2.7 inch CMOS,30.1-101.4 (horizontal),none,,,,,0
bosch-ndi-3703-al,Bosch,FLEXIDOME indoor 3100i IR (NDI-3703-AL),dome,5MP,5,1/2.7-inch CMOS,30.1-101.4,ir,,,,2024,0
bosch-ndi-40012-v3,Bosch,NDI-40012-V3,dome,720p,1,1/2.7-inch CMOS,36-117 horizontal,ir,IP66,IK10,true,2014,0
bosch-ndi-4502-a,Bosch,FLEXIDOME IP indoor 4000i (NDI-4502-A),dome,1080p,2,1/2.9 inch CMOS,37-106,none,,,true,2019,0
bosch-ndi-4502-al,Bosch,FLEXIDOME IP indoor 4000i (NDI-4502-AL),dome,1080p,2,1/2.9 inch CMOS,37-106,ir,,,true,2019,0
bosch-ndi-50022-v3,Bosch,IP Outdoor 5000 Infrared 1080p (NDI-50022-V3),dome,1080p,2,,,ir,IP66,,,2013,0
bosch-ndi-5503-a,Bosch,NDI-5503-A,dome,5MP,5,"1/2.9"" CMOS",,,,,,2016,0
bosch-ndi-5503-al,Bosch,NDI-5503-AL,dome,5MP,5,"1/2.9"" CMOS",,ir,,,,2016,0
bosch-ndm-7702-a,Bosch,FLEXIDOME multi 7000i (NDM-7702-A),panoramic,12MP (4x 2048x1536 / 3MP imagers),12,4x 1/2.7-inch CMOS,38.7-85.1 horizontal per imager (up to 360 combined),none,IP66,IK10,true,2021,0
bosch-ndm-7702-al,Bosch,FLEXIDOME multi 7000i IR (NDM-7702-AL),panoramic,12MP (4x 3MP imagers),12,4x 1/2.7-inch CMOS,"38.7-85.1 (H per imager, wide to tele); up to 360 combined",ir,IP66,IK10,true,2021,0
bosch-ndm-7703-a,Bosch,FLEXIDOME multi 7000i (NDM-7703-A),panoramic,20MP total (4x 5MP imagers),20,4x 1/2.7-inch CMOS,Per imager 85.1 H (wide) to 38.7 H (tele); up to 360 combined coverage,none,IP66,IK10,true,2021,0
bosch-ndm-7703-al,Bosch,FLEXIDOME multi 7000i 4x5MP (NDM-7703-AL),panoramic,4x5MP multisensor,20,"4x 1/2.7"" CMOS",360,ir,IP66,IK10,true,,0
bosch-ndn-265-pio,Bosch,Infrared IP Dome 200 Series 720p (NDN-265-PIO),dome,720p,1,,,ir,IP66,,,2013,0
bosch-ndn-40012-v3,Bosch,NDN-40012-V3,dome,720p,1,1/2.7-inch CMOS,36-117 horizontal,none,IP66,IK10,true,2014,0
bosch-ndn-498v03-21ps,Bosch,NDN-498 FLEXIDOME 2X Day/Night IP (NDN-498V03-21PS),dome,NTSC/540 TVL,0.4,,,none,IP66,,,2013,0
bosch-ndn-50022-v3,Bosch,IP Outdoor 5000 1080p (NDN-50022-V3),dome,1080p,2,,,none,IP66,,,2013,0
bosch-ndn-50051-v3,Bosch,IP Outdoor 5000 5 MP (NDN-50051-V3),dome,5MP,5,,,,IP66,,,2013,0
bosch-ndn-733-v02p,Bosch,FLEXIDOME starlight 7000 RD (NDN-733-V02P),dome,720p60,1,,,color,,,,2013,0
bosch-ndn-832v02-p,Bosch,FLEXIDOME 1080p 7000 RD (NDN-832V02-P),dome,1080p,2,,,none,,,,2013,0
bosch-ndn-932v02-ip,Bosch,FLEXIDOME HDR 7000 RD (NDN-932V02-IP),dome,1080p,2,,,none,,,,2013,0
bosch-ndp-5502-30,Bosch,NDP-5502-30,ptz,720p/1080p,2,,,ir,,,,2016,0
bosch-ndp-5522-z30,Bosch,AUTODOME IP starlight 5000i (NDP-5522-Z30),ptz,1080p,2,1/2.8 inch CMOS,2.4-60.9,color,IP66,IK10,true,2024,0
bosch-ndp-5522-z30c,Bosch,AUTODOME IP starlight 5000i (NDP-5522-Z30C),ptz,1080p (2MP),2,1/2.8 inch CMOS,2.4-60.9,color,IP51,,true,2024,0
bosch-ndp-5522-z30l,Bosch,AUTODOME IP starlight 5100i IR (NDP-5522-Z30L),ptz,1080p Full HD,2.13,"1/2.8"" progressive scan CMOS",2.4-60.9,ir,IP66,IK10,true,,0
bosch-ndp-5533-z30l,Bosch,AUTODOME IP starlight 5100i IR (NDP-5533-Z30L),ptz,4MP,4,1/1.8 inch CMOS,2.1 to 58.5,hybrid,IP66,IK10,true,,0
bosch-ndp-7802-z40,Bosch,AUTODOME 7100i (NDP-7802-Z40),ptz,1080p,2,1/2.8 inch CMOS,1.9-66.35,color,IP66,IK10,true,,0
bosch-ndp-7802-z40l,Bosch,AUTODOME 7100i (NDP-7802-Z40L),ptz,1080p,2,1/2.8 inch CMOS,1.9-66.35,ir,IP66,IK10,true,2023,0
bosch-ndp-7804-z12l,Bosch,AUTODOME 7100i IR (NDP-7804-Z12L),ptz,4K UHD,8,"1 inch CMOS, 8 MP (effective 5,544 x 3,694)",6.10–64.60,ir,IP66,IK10,true,2023,0
bosch-nds-5703-f360,Bosch,FLEXIDOME panoramic 5100i (NDS-5703-F360),panoramic,6MP (4.5MP effective image circle),6,1/1.8-inch CMOS,182 (H) x 182 (V),none,,IK08,,2021,0
bosch-nds-5703-f360le,Bosch,FLEXIDOME panoramic 5100i 6MP (NDS-5703-F360LE),panoramic,6MP 360deg,6,"1/2.5"" CMOS",360,ir,IP66,IK10,false,,0
bosch-nds-5704-f360,Bosch,FLEXIDOME panoramic 5100i (NDS-5704-F360),panoramic,12MP,12,1/2.3 inch CMOS,182,none,IP42,IK08,,2021,0
bosch-nds-5704-f360le,Bosch,FLEXIDOME panoramic 5100i IR (NDS-5704-F360LE),panoramic,12MP,12,1/2.3-inch CMOS,182,ir,IP66,IK10,true,,0
bosch-ndv-5702-a,Bosch,FLEXIDOME indoor 5100i (NDV-5702-A),dome,1080p,2,1/2.8 inch CMOS,31-105 (horizontal),none,IP54,IK10,true,2022,0
bosch-ndv-5702-al,Bosch,FLEXIDOME indoor 5100i 2MP (NDV-5702-AL),dome,1080p,2,"1/2.8"" CMOS",105-31 horizontal,ir,IP54,IK10,true,,0
bosch-ndv-5703-a,Bosch,FLEXIDOME indoor 5100i (NDV-5703-A),dome,5MP,5,1/2.7-inch CMOS,"22-96 (horizontal; wide 71-96, tele 22-29)",none,IP54,IK10,true,2022,0
bosch-ndv-5703-al,Bosch,FLEXIDOME indoor 5100i 5MP (NDV-5703-AL),dome,5MP,5,"1/2.7"" CMOS",96-29 horizontal,ir,IP54,IK10,true,,0
bosch-ndv-5704-a,Bosch,FLEXIDOME indoor 5100i (NDV-5704-A),dome,4K UHD (8MP),8,1/2.8 inch CMOS,"105-31 horizontal, 57-18 vertical",none,IP54,IK10,true,2022,0
bosch-ndv-5704-al,Bosch,FLEXIDOME indoor 5100i IR (NDV-5704-AL),dome,4K UHD,8.3,1/2.8 inch CMOS,105-31,ir,IP54,IK10,true,,0
bosch-ndv-8502-r,Bosch,FLEXIDOME IP indoor 8000i - 2MP (NDV-8502-R),dome,1080p,2.1,1/2.8-inch CMOS,"37-117 (horizontal, tele to wide)",none,IP5X (IP54 with NDA-8001-IP kit),IK10,false,2021,0
bosch-ndv-8502-rx,Bosch,FLEXIDOME IP indoor 8000i 2MP X series (NDV-8502-RX),dome,1080p,2.1,1/1.8-inch CMOS,,none,IP54,IK10,,,0
bosch-ndv-8503-r,Bosch,FLEXIDOME IP indoor 8000i - 6MP (NDV-8503-R),dome,6MP,6,1/1.8-inch CMOS,44 to 117 horizontal (tele to wide),color,IP5X (IP54 with NDA-8001-IP kit),IK10,,2021,0
bosch-ndv-8503-rx,Bosch,FLEXIDOME IP indoor 8000i - 4MP X series (NDV-8503-RX),dome,4MP,4.1,1/1.8-inch CMOS,"56-110 (horizontal, tele to wide)",color,IP5X (IP54 with NDA-8001-IP accessory kit),IK10,,2021,0
bosch-ndv-8504-r,Bosch,FLEXIDOME IP indoor 8000i (NDV-8504-R) - Fixed dome 8MP HDR 3.9-10mm PTRZ,dome,4K UHD,8.3,"1/1.8-inch CMOS, 2.0 μm pixels",117 (wide) to 44 (tele) horizontal; 62 to 24 vertical,color,IP5X (IP54 with NDA-8001-IP kit),IK10,false,2021,0
bosch-nei-308v05-23we,Bosch,NEI-30 DINION IP Infrared Imager 850 nm (NEI-308V05-23WE),box,NTSC/540 TVL,0.4,,,ir,,,,2013,0
bosch-ner-l2r1-2,Bosch,DINION capture 5000 IP LPR (NER-L2R1-2),box,NTSC,0.4,,,ir,,,,2013,0
bosch-nht-8000-f07qs,Bosch,DINION IP thermal 8000 (NHT-8000-F07QS),bullet,QVGA,0.0768,"Uncooled vanadium oxide microbolometer (Focal Plane Array), 320x240, 17 um pixel pitch",41.8 (H) x 30 (V),none,IP66,,true,2022,0
bosch-nht-8000-f19qf,Bosch,DINION IP thermal 8000 (NHT-8000-F19QF),bullet,QVGA,0.08,"Uncooled vanadium oxide microbolometer, 17 µm pixel pitch",16 x 12 (H x V),none,"IP66, NEMA-4X",,true,,0
bosch-nht-8000-f19qs,Bosch,DINION IP thermal 8000 (NHT-8000-F19QS),bullet,QVGA 320x240,0.08,"Uncooled vanadium oxide (VOx) microbolometer, 17 μm pixel pitch, <50 mK sensitivity",16,none,IP66,,true,,0
bosch-nht-8001-f09vf,Bosch,DINION IP thermal 8000 (NHT-8001-F09VF),bullet,VGA,0.31,"Un-cooled vanadium oxide microbolometer, 17 μm pixel pitch",70 x 52 (H x V),none,IP66,,true,2019,0
bosch-nht-8001-f09vs,Bosch,DINION IP thermal 8000 (NHT-8001-F09VS),bullet,VGA,0.3,"Un-cooled vanadium oxide (VOx) microbolometer, 17 μm pixel pitch",70 x 52 (H x V),none,IP66,,true,2017,0
bosch-nht-8001-f17vf,Bosch,DINION IP thermal 8000 (NHT-8001-F17VF),bullet,VGA,0.3,"Uncooled vanadium oxide (VOx) microbolometer Focal Plane Array (FPA), 17 µm pixel pitch, LWIR",37.5 x 28 (H x V),none,IP66,,true,2019,0
bosch-nht-8001-f35vf,Bosch,DINION IP thermal 8000 (NHT-8001-F35VF),bullet,VGA,0.31,"Un-cooled vanadium oxide microbolometer, 17 µm pixel pitch, thermal sensitivity < 50 mK",17.6 x 13.2 (H x V),none,IP66,,true,,0
bosch-nht-8001-f65vf,Bosch,DINION IP thermal 8000 (NHT-8001-F65VF),bullet,VGA (640 x 480),0.3,"Un-cooled vanadium oxide (VOx) microbolometer, 17 µm pixel pitch",9.6 x 7.2,none,IP66,,,2019,0
bosch-nht-8001-f65vs,Bosch,DINION IP thermal 8000 (NHT-8001-F65VS),bullet,VGA,0.31,"Uncooled vanadium oxide (VOx) microbolometer, 17 µm pixel pitch",9.6 (H) x 7.2 (V),none,IP66,,true,,0
bosch-nii-50022-v3,Bosch,IP Indoor 5000 Infrared 1080p (NII-50022-V3),dome,1080p,2,,,ir,,,,2013,0
bosch-nin-50051-v3,Bosch,IP Indoor 5000 5 MP (NIN-50051-V3),dome,5MP,5,,,,,,,2013,0
bosch-nin-5022-v3,Bosch,IP Indoor 5000 1080p (NIN-5022-V3),dome,1080p,2,,,,,,,2013,0
bosch-nin-63013-a3,Bosch,FLEXIDOME IP starlight 6000 VR (NIN-63013-A3),dome,720p,1,1/2.8 inch CMOS,37-117,none,IP66,IK10,true,,0
bosch-nin-63023-a3,Bosch,FLEXIDOME IP starlight 6000 VR (NIN-63023-A3),dome,1080p,2,1/2.8 inch CMOS,37-117,none,IP66,IK10,true,,0
bosch-nin-733-v03p,Bosch,FLEXIDOME starlight 7000 VR (NIN-733-V03P),dome,720p60,1,,,color,,,,2013,0
bosch-nin-832-v03p,Bosch,FLEXIDOME 1080p 7000 VR (NIN-832-V03P),dome,1080p,2,,,none,,,,2013,0
bosch-nin-932-v03ip,Bosch,FLEXIDOME HDR 7000 VR (NIN-932-V03IP),dome,1080p,2,,,none,,,,2013,0
bosch-npc-20012-f2,Bosch,IP Microbox 2000 (NPC-20012-F2),box,720p,1,,,,,,,2013,0
bosch-ntc-265-pi,Bosch,HD 720p Day/Night Infrared IP Bullet (NTC-265-PI),bullet,720p,1,,,ir,IP66,,,2013,0
bosch-nti-50022-a3,Bosch,DINION IP bullet 5000 HD (NTI-50022-A3),bullet,1080p,2,"1/2.8"" CMOS",57.6-3.1 horizontal,ir,IP66,IK10,true,,0
bosch-nti-50022-a3s,Bosch,DINION IP bullet 5000 HD (NTI-50022-A3S),bullet,1080p,2,"1/2.8"" CMOS",57.3-3.1 horizontal,ir,IP66,IK10,true,,0
bosch-nuc-20012-f2,Bosch,IP MicroDome 2000 (NUC-20012-F2),dome,720p,1,,,,,,,2013,0
bosch-nuc-50022-f4,Bosch,IP MicroDome 5000 1080p (NUC-50022-F4),dome,1080p,2,,,,IP66,,,2013,0
bosch-nuc-50051-f4,Bosch,IP MicroDome 5000 5 MP (NUC-50051-F4),dome,5MP,5,,,,IP66,,,2013,0
bosch-nuc-51022-f4,Bosch,NUC-51022-F4,dome,1080p,2,"1/2.7"" CMOS",,,IP66,,,2016,0
bosch-nuc-52051-f0,Bosch,NUC-52051-F0,fisheye,5MP,5,"1/3"" progressive scan CMOS",180,color,,IK10,false,2016,0
bosch-nue-3702-f02,Bosch,FLEXIDOME micro 3100i (NUE-3702-F02),dome,1080p,2,1/2.8 inch CMOS,137 (H) x 72.8 (V),none,IP66,IK10,,2023,0
bosch-nue-3702-f04,Bosch,FLEXIDOME micro 3100i outdoor (NUE-3702-F04),dome,1080p,2,1/2.8 inch CMOS,106 (H) / 56 (V),none,IP66,IK10,,2023,0
bosch-nue-3702-f06,Bosch,FLEXIDOME micro 3100i outdoor (NUE-3702-F06),dome,1080p,2,1/2.8 inch CMOS,58.5 (H) x 31.3 (V),none,IP66,IK10,,,0
bosch-nue-3703-f02,Bosch,FLEXIDOME micro 3100i outdoor (NUE-3703-F02),dome,5MP,5,1/2.7 inch CMOS,131.2,none,IP66,IK10,,,0
bosch-nue-3703-f04,Bosch,FLEXIDOME micro 3100i outdoor (NUE-3703-F04),dome,5MP,5,1/2.7 inch CMOS,101,none,IP66,IK10,,,0
bosch-nue-3703-f06,Bosch,FLEXIDOME micro 3100i (NUE-3703-F06),dome,5MP,5,1/2.7 inch CMOS,56.1 (H) x 39.2 (V),none,IP66,IK10,,2023,0
bosch-nuv-3702-f02,Bosch,FLEXIDOME micro 3100i indoor (NUV-3702-F02),dome,1080p,2,1/2.8 inch CMOS,137 (horizontal); 72.8 (vertical),none,,IK08,,2024,0
bosch-nuv-3702-f04,Bosch,FLEXIDOME micro 3100i indoor (NUV-3702-F04),dome,1080p,2,1/2.8 inch CMOS,"106 horizontal, 56 vertical",none,,IK08,,,0
bosch-nuv-3702-f04h,Bosch,FLEXIDOME micro 3100i indoor (NUV-3702-F04H) — Micro dome 2MP HDR 106° HDMI,dome,1080p (2MP),2.07,1/2.8 inch CMOS,"106 horizontal, 56 vertical",none,,IK08,,2025,0
bosch-nuv-3702-f06,Bosch,FLEXIDOME micro 3100i indoor (NUV-3702-F06),dome,HD 1080p,2,1/2.8 inch CMOS,58.5 (H) x 31.3 (V),none,,IK08,,2023,0
bosch-nuv-3703-f02,Bosch,FLEXIDOME micro 3100i indoor (NUV-3703-F02),dome,5MP,5,1/2.7-inch CMOS,131,none,,IK08,,2023,0
bosch-nuv-3703-f02h,Bosch,FLEXIDOME micro 3100i indoor (NUV-3703-F02H),dome,5MP,5,1/2.7 inch CMOS,"131.2 (horizontal), 91.4 (vertical)",none,,IK08,,2024,0
bosch-nuv-3703-f04,Bosch,FLEXIDOME micro 3100i (NUV-3703-F04),dome,5MP,5,"1/2.7"" CMOS",100.8,none,,IK08,,2023,0
bosch-nuv-3703-f06,Bosch,FLEXIDOME micro 3100i (NUV-3703-F06),dome,5MP,5,CMOS,"56.1 horizontal, 39.2 vertical",none,,IK08,,2023,0
bosch-smart-home-outdoor-cam-2,Bosch Smart Home,Outdoor Camera II,dome,1080p HD,2,,130 diagonal,color,IP65,,true,2023,0
bosch-ven-650v05-2a3,Bosch,EX65 Explosion Protected Camera (VEN-650V05-2A3),box,NTSC/540 TVL,0.4,,,none,IP67,,,2013,0
bosch-ver-d2r1-2,Bosch,DINION capture 7000 Dual LPR (VER-D2R1-2),box,NTSC,0.4,,,ir,,,,2013,0
bosch-vez-221-iwcs,Bosch,AUTODOME Easy II Compact PTZ (VEZ-221-IWCS),ptz,NTSC/530 TVL,0.4,,,none,,,,2013,0
bosch-vg5-161-pt0,Bosch,AUTODOME 100 Series Fixed Camera (VG5-161-PT0),dome,NTSC/540 TVL,0.4,,,none,,,,2013,0
bosch-vg5-623-cts,Bosch,AUTODOME 600 Series PTZ (VG5-623-CTS),ptz,NTSC/550 TVL,0.4,,,none,,,,2013,0
bosch-vg5-723-ece2,Bosch,AUTODOME 700 Series IP PTZ (VG5-723-ECE2),ptz,NTSC/550 TVL,0.4,,,none,,,,2013,0
bosch-vg5-836-ecev,Bosch,AUTODOME 800 Series HD PTZ (VG5-836-ECEV),ptz,1080p,2,,,none,IP66,,,2013,0
bosch-vjr-821-iwcv,Bosch,AUTODOME Junior HD PTZ (VJR-821-IWCV),ptz,1080p,2,,,none,,,,2013,0
bosch-vjr-f801-iwcv,Bosch,AUTODOME Junior HD Fixed (VJR-F801-IWCV),dome,1080p,2,,,none,,,,2013,0
bosch-vot-320v009l,Bosch,VOT-320 Thermal IP Camera 9 mm (VOT-320V009L),box,320x240 thermal,0.08,,,,,,,2013,0
camius-boltx-4k,Camius,Boltx 4K,bullet,4K UHD,8,"1/2.8"" CMOS",,ir,IP67,,false,2023,0
camius-boltx-5mp,Camius,Boltx 5MP,bullet,5MP Super HD,5,"1/2.7"" CMOS",,ir,IP67,,false,2022,0
camius-boltx536r,Camius,BOLTX536R,bullet,2K (2880x1620),5,"1/2.7"" Progressive Scan CMOS","91 horizontal, 46 vertical, 110 diagonal",hybrid,IP66,,false,,0
camius-fb4kpro,Camius,FB4KPRO,bullet,4K UHD,8,"1/2.7"" Progressive Scan CMOS","109.7 horizontal, 57.6 vertical, 131 diagonal",ir,IP66,,false,,0
camius-fd4katc2,Camius,FD4KATC2,dome,4K UHD,8,"1/2.7"" CMOS","111 horizontal, 58.8 vertical, 134 diagonal",ir,IP66,IK10,false,,0
camius-iris-4k,Camius,Iris 4K,dome,4K UHD,8,"1/2.8"" CMOS",110 (2.8mm),ir,IP67,,false,2023,0
camius-iris-5mp,Camius,IRIS528R,turret,2K (2880x1620),5,"1/2.7"" Progressive CMOS",110 (2.8mm),hybrid,IP67,,false,2022,0
camius-iris8pro,Camius,IRIS8PRO,dome,4K UHD,8,"1/2.8"" Progressive Scan CMOS","105 horizontal, 56 vertical, 126 diagonal",hybrid,IP67,,false,,0
camius-scout4k4xptz,Camius,SCOUT4K4XPTZ,ptz,4K UHD,8,"1/2.7"" Progressive Scan CMOS",113-31.4 horizontal (2.8-12mm),hybrid,IP66,,true,,0
camius-spot828a-rb,Camius,SPOT828A-RB,bullet,4K UHD,8,"1/2.8"" Progressive Scan CMOS","106 horizontal, 56 vertical, 126 diagonal",hybrid,IP67,,true,,0
camius-wf4kc2,Camius,WF4KC2,bullet,4K UHD,8,"1/2.7"" CMOS","111 horizontal, 59 vertical, 134 diagonal",hybrid,IP66,,true,,0
canon-vb-h47,Canon,VB-H47,ptz,1080p/2MP,2,"1/2.8"" CMOS",62.4-3.3 horizontal (20x optical zoom),none,,,true,2022,0
canon-vb-m46,Canon,VB-M46,ptz,1.3MP,1.3,"1/2.8"" CMOS",62.4-3.3 horizontal (20x optical zoom),none,,,true,2022,0
canon-vb-r13ve,Canon,VB-R13VE,ptz,1080p HD,2,"1/2.3"" CMOS",64.5-2.2 horizontal,none,IP66,IK10,false,2022,0
canon-vb-s805d-mk2,Canon,VB-S805D Mk II,dome,1080p HD,2,"1/2.9"" CMOS",123 horizontal,none,IP40,,false,2022,0
clarevision-clr-v100-2t36,ClareVision,CLR-V100-2T36,turret,2MP,2,,90,ir,IP67,,false,,0
clarevision-clr-v100-4b36,ClareVision,CLR-V100-4B36,bullet,4MP,4,,90,ir,IP67,,false,,0
clarevision-clr-v100-4b36wf,ClareVision,CLR-V100-4B36WF,bullet,4MP,4,"1/2.5"" CMOS",90,ir,IP67,,true,,0
clarevision-clr-v100-4t36,ClareVision,CLR-V100-4T36,turret,4MP,4,,90,ir,IP67,,false,,0
clarevision-clr-v100-4t36wf,ClareVision,CLR-V100-4T36WF,turret,4MP,4,"1/2.5"" CMOS",90,ir,IP66,,true,,0
clarevision-clr-v200-4b28,ClareVision,CLR-V200-4B28,bullet,4MP,4,Sony Starvis CMOS,108,ir,IP67,,false,,0
clarevision-clr-v200-4bvf,ClareVision,CLR-V200-4BVF,bullet,4MP,4,Sony Starvis,,ir,IP67,,,,0
clarevision-clr-v200-4d28,ClareVision,CLR-V200-4D28,dome,4MP,4,Sony Starvis CMOS,108,ir,IP67,,false,,0
clarevision-clr-v200-4dvf,ClareVision,CLR-V200-4DVF,dome,4MP,4,Sony Starvis,,ir,IP67,,,,0
clarevision-clr-v200-4fewf,ClareVision,CLR-V200-4FEWF,fisheye,4MP,4,"1/2.8"" Sony Starvis",360,ir,,,true,,0
clarevision-clr-v200-4t28,ClareVision,CLR-V200-4T28,turret,4MP,4,Sony Starvis CMOS,108,ir,IP67,,false,,0
clarevision-clr-v200-4tvf,ClareVision,CLR-V200-4TVF,turret,4MP,4,Sony Starvis,,ir,IP67,,,,0
clarevision-clr-v200-8b28,ClareVision,CLR-V200-8B28,bullet,4K/8MP,8,Sony Starvis CMOS,108,ir,IP67,,,,0
clarevision-clr-v200-8bvf,ClareVision,CLR-V200-8BVF,bullet,4K/8MP,8,Sony Starvis CMOS,,ir,IP67,,true,,0
clarevision-clr-v200-8d28,ClareVision,CLR-V200-8D28,dome,4K/8MP,8,Sony Starvis CMOS,108,ir,IP67,,,,0
clarevision-clr-v200-8dvf,ClareVision,CLR-V200-8DVF,dome,4K/8MP,8,Sony Starvis CMOS,,ir,IP67,,true,,0
clarevision-clr-v200-8t28,ClareVision,CLR-V200-8T28,turret,4K/8MP,8,Sony Starvis CMOS,108,ir,IP67,,,,0
clarevision-clr-v200-8tvf,ClareVision,CLR-V200-8TVF,turret,4K/8MP,8,Sony Starvis CMOS,,ir,IP67,,true,,0
clarevision-clr-v300-4b28cn,ClareVision,CLR-V300-4B28CN,bullet,4MP,4,Sony Starvis,,color,IP67,,false,,0
clarevision-clr-v300-4t28cn,ClareVision,CLR-V300-4T28CN,turret,4MP,4,Sony Starvis,,color,IP67,,true,,0
clarevision-clr-v300-8b28cn,ClareVision,CLR-V300-8B28CN,bullet,8MP/4K,8,Sony Starvis,,color,IP67,,false,,0
clarevision-clr-v300-8bvfcn,ClareVision,CLR-V300-8BVFCN,bullet,8MP/4K,8,Sony Starvis,,color,IP67,,true,,0
clarevision-clr-v300-8t28cn,ClareVision,CLR-V300-8T28CN,turret,8MP/4K,8,Sony Starvis,,color,IP67,,true,,0
clarevision-clr-v300-8tvfcn,ClareVision,CLR-V300-8TVFCN,turret,8MP/4K,8,Sony Starvis,,color,IP67,,true,,0
comelit-ipbcama04fc,Comelit,IPBCAMA04FC,bullet,4MP,4,"1/3"" CMOS",,ir,IP67,IK10,,,0
comelit-ipbcama04fcub,Comelit,IPBCAMA04FCUB,bullet,4MP,4,"1/3"" CMOS",,ir,IP67,IK10,,,0
comelit-ipbcama04z01c,Comelit,IPBCAMA04Z01C,bullet,4MP,4,"1/3"" CMOS",,ir,IP67,IK10,,,0
comelit-ipbcama04z550c,Comelit,IPBCAMA04Z550C,bullet,4MP,4,"1/3"" CMOS",,ir,IP67,IK10,,,0
comelit-ipbcama04zc,Comelit,IPBCAMA04ZC,bullet,4MP,4,"1/3"" CMOS",,ir,IP67,IK10,,,0
comelit-ipbcama04zcub,Comelit,IPBCAMA04ZCUB,bullet,4MP,4,"1/3"" CMOS",,ir,IP67,IK10,,,0
comelit-ipbcama08fc,Comelit,IPBCAMA08FC,bullet,8MP,8,"1/2.8"" CMOS",,ir,IP67,IK10,,,0
comelit-ipbcama08z01c,Comelit,IPBCAMA08Z01C,bullet,8MP,8,"1/2.8"" CMOS",,ir,IP67,IK10,,,0
comelit-ipbcamn04f01cua,Comelit,IPBCAMN04F01CUA,bullet,4MP,4,"1/3"" CMOS",,ir,IP67,IK10,,,0
comelit-ipbcamn04fb,Comelit,IPBCAMN04FB,bullet,4MP,4,"1/3"" CMOS",,ir,IP67,IK10,,,0
comelit-ipbcamn04zb,Comelit,IPBCAMN04ZB,bullet,4MP,4,"1/3"" CMOS",,ir,IP67,IK10,,,0
comelit-ipbcamn04zcua,Comelit,IPBCAMN04ZCUA,bullet,4MP,4,"1/3"" CMOS",,ir,IP67,IK10,,,0
comelit-ipbcamn08fb,Comelit,IPBCAMN08FB,bullet,8MP,8,"1/2.8"" CMOS",,ir,IP67,IK10,,,0
comelit-ipbcamn08zb,Comelit,IPBCAMN08ZB,bullet,8MP,8,"1/2.8"" CMOS",,ir,IP67,IK10,,,0
comelit-ipfcama12fa,Comelit,IPFCAMA12FA,fisheye,6MP,6,"1/1.7"" CMOS",,ir,IP67,IK10,,,0
comelit-ipkcama04fc,Comelit,IPKCAMA04FC,box,4MP,4,"1/3"" CMOS",,ir,IP66,IK10,,,0
comelit-ipkcama04zc,Comelit,IPKCAMA04ZC,box,4MP,4,"1/3"" CMOS",,ir,IP67,IK10,,,0
comelit-ipkcama08zc,Comelit,IPKCAMA08ZC,box,8MP,8,"1/2.8"" CMOS",,ir,IP67,IK10,,,0
comelit-iplpra02za,Comelit,IPLPRA02ZA,bullet,2MP,2,"1/2.8"" CMOS",,ir,IP67,IK10,,,0
comelit-iplpra04zswa,Comelit,IPLPRA04ZSWA,bullet,4MP,4,"1/1.8"" CMOS",,ir,IP67,IK10,,,0
comelit-ipptza02z25a,Comelit,IPPTZA02Z25A,ptz,2MP,2,"1/2.8"" CMOS",,ir,IP66,IK10,,,0
comelit-ipptza04z04a,Comelit,IPPTZA04Z04A,ptz,4MP,4,"1/2.7"" CMOS",,ir,IP66,IK10,true,,0
comelit-ipptza04z25a,Comelit,IPPTZA04Z25A,ptz,4MP,4,"1/2.7"" CMOS",,ir,IP66,IK10,,,0
comelit-ipptza04z40b,Comelit,IPPTZA04Z40B,ptz,4MP,4,"1/2.8"" CMOS",,ir,IP67,IK10,,,0
comelit-ipptza08z37auk,Comelit,IPPTZA08Z37AUK,ptz,8MP,8,"1/2.5"" CMOS",,ir,IP66,IK10,,,0
comelit-ipscama08f04a,Comelit,IPSCAMA08F04A,panoramic,8MP,8,"4x 1/2.8"" Progressive Scan CMOS",,ir,IP67,IK10,,,0
comelit-iptcama04fc,Comelit,IPTCAMA04FC,turret,4MP,4,"1/3"" CMOS",,ir,IP67,IK10,,,0
comelit-iptcama04fcub,Comelit,IPTCAMA04FCUB,turret,4MP,4,"1/3"" CMOS",,ir,IP67,IK10,,,0
comelit-iptcama04zc,Comelit,IPTCAMA04ZC,turret,4MP,4,"1/3"" CMOS",,ir,IP67,IK10,,,0
comelit-iptcama04zcub,Comelit,IPTCAMA04ZCUB,turret,4MP,4,"1/3"" CMOS",,ir,IP67,IK10,,,0
comelit-iptcama08fc,Comelit,IPTCAMA08FC,turret,8MP,8,"1/2.8"" CMOS",,ir,IP67,IK10,,,0
comelit-iptcama08zc,Comelit,IPTCAMA08ZC,turret,8MP,8,"1/2.8"" CMOS",,ir,IP67,IK10,,,0
comelit-iptcamn04f01cua,Comelit,IPTCAMN04F01CUA,turret,4MP,4,"1/3"" CMOS",,ir,IP67,IK10,,,0
comelit-iptcamn04fb,Comelit,IPTCAMN04FB,turret,4MP,4,"1/3"" CMOS",,ir,IP67,IK10,,,0
comelit-iptcamn04zb,Comelit,IPTCAMN04ZB,turret,4MP,4,"1/3"" CMOS",,ir,IP67,IK10,,,0
comelit-iptcamn04zcua,Comelit,IPTCAMN04ZCUA,turret,4MP,4,"1/3"" CMOS",,ir,IP67,IK10,,,0
comelit-iptcamn08fb,Comelit,IPTCAMN08FB,turret,8MP,8,"1/2.8"" CMOS",,ir,IP67,IK10,,,0
comelit-iptcamn08zb,Comelit,IPTCAMN08ZB,turret,8MP,8,"1/2.8"" CMOS",,ir,IP67,IK10,,,0
comelit-wibcama04fb,Comelit,WIBCAMA04FB,bullet,4MP,4,"1/2.7"" CMOS",,ir,IP67,IK10,,,0
comelit-wibcams05fasp,Comelit,WIBCAMS05FASP,bullet,5MP,5,"1/3"" CMOS",,ir,IP66,,,,0
comelit-wicama02fa,Comelit,WICAMA02FA,box,2MP,2,"1/2.7"" CMOS",,ir,,,true,,0
costar-av02cid-200,Costar,AV02CID-200,dome,1080p,2.1,,,ir,,,true,,0
costar-av02cid-201,Costar,AV02CID-201,dome,1080p,2.1,,,ir,,,true,,0
costar-av05cid-200,Costar,AV05CID-200,dome,5MP,5,,,ir,,,true,,0
costar-av05cid-201,Costar,AV05CID-201,dome,5MP,5,,,ir,,,true,,0
costar-av05cld-200,Costar,AV05CLD-200,dome,5MP,5,,,ir,IP66,IK10,true,,0
costar-av10956dn-28,Costar,AV10956DN-28,dual-lens,10MP (2x5MP),10,,,,IP66,IK10,,,0
costar-av12cfe-250,Costar,AV12CFE-250,fisheye,12MP,12,,,ir,IP67,IK10,true,,0
costar-av12cpd-236,Costar,AV12CPD-236,panoramic,12MP panoramic,12,,360 panoramic,ir,IP66,IK10,true,,0
costar-av16956dn-28,Costar,AV16956DN-28,dual-lens,16MP (2x8MP),16,,,,IP66,IK10,,,0
costar-av4956dn-28,Costar,AV4956DN-28,dual-lens,4MP (2x1080p),4,,,,IP66,IK10,,,0
cp-plus-cp-e35q,CP Plus,CP-E35Q,ptz,3MP/2K,3,"1/2.7"" CMOS",pan 355 / tilt 59,ir,,,true,,0
cp-plus-cp-e45q-india,CP Plus,CP-E45Q,ptz,4MP,4,"1/2.9"" CMOS",pan 355 / tilt 59,ir,,,true,,0
cp-plus-cp-umc-da24l4-l,CP Plus,CP-UMC-DA24L4-L,dome,1080p/2.4MP,2.4,"1/3"" 2.4MP PS CMOS",,hybrid,IP67,,true,,0
cp-plus-cp-umc-ta24l3-l,CP Plus,CP-UMC-TA24L3-L,bullet,1080p/2.4MP,2.4,"1/3"" 2.4MP PS CMOS",89 H / 48.2 V / 109.1 D,hybrid,IP67,,true,,0
cp-plus-cp-unc-be21c-vmds-q,CP Plus,CP-UNC-BE21C-VMDS-Q,box,1080p/2MP,2,"1/2.8"" 2MP PS CMOS",,none,,,,,0
cp-plus-cp-unc-be51e-vmd-q,CP Plus,CP-UNC-BE51E-VMD-Q,box,5MP,5,"1/2.7"" 5MP progressive CMOS",,none,,,true,,0
cp-plus-cp-unc-da21l3b-lq,CP Plus,CP-UNC-DA21L3B-LQ,dome,1080p/2MP,2,"1/2.7"" 2MP progressive CMOS",86 H / 46 V / 103 D,hybrid,,,true,,0
cp-plus-cp-unc-da21l3c-lq,CP Plus,CP-UNC-DA21L3C-LQ,dome,1080p/2MP,2,"1/2.8"" 2MP PS CMOS",86 H / 47 V / 103 D,hybrid,IP67,,,,0
cp-plus-cp-unc-da21l3c-q,CP Plus,CP-UNC-DA21L3C-Q,dome,1080p/2MP,2,"1/2.8"" 2MP progressive CMOS",86 H / 47 V / 103 D,ir,IP67,,false,,0
cp-plus-cp-unc-da21pl3,CP Plus,CP-UNC-DA21PL3,dome,1080p HD,2,"1/2.8"" 2MP Progressive Scan CMOS",103 horizontal (2.8mm),ir,IP67,,false,2021,0
cp-plus-cp-unc-da41l3b-d-lq,CP Plus,CP-UNC-DA41L3B-D-LQ,dome,4MP,4,"1/2.8"" 4MP PS CMOS",78 H / 42 V / 92 D,hybrid,IP67,,true,,0
cp-plus-cp-unc-da41l3c-d-lq,CP Plus,CP-UNC-DA41L3C-D-LQ,dome,4MP,4,"1/2.7"" CMOS",98 horizontal,hybrid,IP67,,false,2023,0
cp-plus-cp-unc-da41l3c-d-lq2,CP Plus,CP-UNC-DA41L3C-D-LQ2,dome,4MP,4,"1/2.9"" 4MP progressive CMOS",78 H / 40 V / 93 D,hybrid,IP67,,true,,0
cp-plus-cp-unc-da41l3c-d-q,CP Plus,CP-UNC-DA41L3C-D-Q,dome,4MP,4,"1/2.9"" 4MP PS CMOS",78 H / 40 V / 93 D,ir,IP67,,,,0
cp-plus-cp-unc-da41l3c-d-q2,CP Plus,CP-UNC-DA41L3C-D-Q2,dome,4MP,4,"1/2.9"" 4MP progressive CMOS",78 H / 43 V / 92 D,ir,IP67,,true,,0
cp-plus-cp-unc-da41l3c-lq,CP Plus,CP-UNC-DA41L3C-LQ,dome,4MP,4,"1/2.9"" 4MP progressive CMOS",78 H / 40 V / 93 D,hybrid,IP67,,true,,0
cp-plus-cp-unc-da41l3c-q,CP Plus,CP-UNC-DA41L3C-Q,dome,4MP,4,"1/2.9"" 4MP PS CMOS",,ir,IP67,,,,0
cp-plus-cp-unc-da61l3c-lq,CP Plus,CP-UNC-DA61L3C-LQ,dome,6MP,6,"1/2.7"" 6MP PS CMOS",91 H / 46 V / 110 D,hybrid,IP67,,,,0
cp-plus-cp-unc-da81l3c-lq,CP Plus,CP-UNC-DA81L3C-LQ,dome,8MP/4K,8,"1/2.7"" 8MP PS CMOS",86 H / 49 V / 100 D,hybrid,IP67,,,,0
cp-plus-cp-unc-ee61l2c-vmd-q,CP Plus,CP-UNC-EE61L2C-VMD-Q,fisheye,6MP (2560x2560),6,"1/2.5"" 6MP progressive CMOS",185 panoramic,ir,IP67,IK10,true,,0
cp-plus-cp-unc-ta21l3b-lq,CP Plus,CP-UNC-TA21L3B-LQ,bullet,1080p HD,2,"1/2.8"" CMOS",98 horizontal,hybrid,IP67,,true,2023,0
cp-plus-cp-unc-ta21l3c-lq,CP Plus,CP-UNC-TA21L3C-LQ,bullet,1080p/2MP,2,"1/2.8"" 2MP PS CMOS",87 H / 44 V / 105 D,hybrid,IP67,,,,0
cp-plus-cp-unc-ta21l3c-q,CP Plus,CP-UNC-TA21L3C-Q,bullet,1080p/2MP,2,"1/2.8"" 2MP progressive CMOS",86 H / 47 V / 103 D,ir,IP67,,false,,0
cp-plus-cp-unc-ta21l6c-q,CP Plus,CP-UNC-TA21L6C-Q,bullet,1080p/2MP,2,"1/2.7"" 2MP progressive CMOS",54 H / 29 V / 63 D,ir,IP67,,false,,0
cp-plus-cp-unc-ta21pl3,CP Plus,CP-UNC-TA21PL3,bullet,1080p HD,2,"1/2.8"" 2MP Progressive Scan CMOS",103 horizontal (2.8mm),ir,IP67,IK10,false,2021,0
cp-plus-cp-unc-ta41l3b-d-lq,CP Plus,CP-UNC-TA41L3B-D-LQ,bullet,4MP,4,"1/2.8"" 4MP PS CMOS",78 H / 42 V / 92 D,hybrid,IP67,,true,,0
cp-plus-cp-unc-ta41l3c-d-lq,CP Plus,CP-UNC-TA41L3C-D-LQ,bullet,4MP,4,"1/2.9"" 4MP progressive CMOS",78 H / 40 V / 93 D,hybrid,,,false,,0
cp-plus-cp-unc-ta41l3c-d-q,CP Plus,CP-UNC-TA41L3C-D-Q,bullet,4MP,4,"1/2.9"" 4MP PS CMOS",78 H / 43 V / 92 D,ir,IP67,,,,0
cp-plus-cp-unc-ta41l3c-d-q2,CP Plus,CP-UNC-TA41L3C-D-Q2,bullet,4MP,4,"1/2.9"" 4MP progressive CMOS",78 H / 43 V / 92 D,ir,IP67,,false,,0
cp-plus-cp-unc-ta41l3c-lq,CP Plus,CP-UNC-TA41L3C-LQ,bullet,4MP,4,"1/2.9"" 4MP progressive CMOS",78 H / 40 V / 93 D,hybrid,IP67,,false,,0
cp-plus-cp-unc-ta41l3c-q,CP Plus,CP-UNC-TA41L3C-Q,bullet,4MP,4,"1/2.9"" 4MP PS CMOS",78 H / 43 V / 92 D,ir,IP67,,,,0
cp-plus-cp-unc-ta41l6c-d-q,CP Plus,CP-UNC-TA41L6C-D-Q,bullet,4MP,4,"1/2.8"" 4MP PS CMOS",49 H / 26 V / 57 D,ir,IP67,,,,0
cp-plus-cp-unc-ta41l6c-q,CP Plus,CP-UNC-TA41L6C-Q,bullet,4MP,4,"1/2.8"" 4MP PS CMOS",49 H / 26 V / 57 D,ir,IP67,,,,0
cp-plus-cp-unc-ta81l3c-lq,CP Plus,CP-UNC-TA81L3C-LQ,bullet,8MP/4K,8,"1/2.7"" 8MP PS CMOS",,hybrid,IP67,,,,0
cp-plus-cp-unc-tc21l5c-vmd-lq,CP Plus,CP-UNC-TC21L5C-VMD-LQ,bullet,1080p/2MP,2,"1/2.7"" 2MP progressive CMOS",84 H / 42 V / 101 D,hybrid,IP67,IK10,true,,0
cp-plus-cp-unc-tc41l5c-vmd-lq,CP Plus,CP-UNC-TC41L5C-VMD-LQ,bullet,4MP,4,"1/2.7"" 4MP PS CMOS",84 H / 44 V / 105 D,hybrid,IP67,IK10,,,0
cp-plus-cp-unc-tc41zl6c-vmd-lq,CP Plus,CP-UNC-TC41ZL6C-VMD-LQ,bullet,4MP,4,"1/2.7"" 4MP PS CMOS",97-28 H / 52-16 V / 117-32 D,hybrid,IP67,IK10,,,0
cp-plus-cp-unc-tc61l5c-vmd-lq,CP Plus,CP-UNC-TC61L5C-VMD-LQ,bullet,6MP,6,"1/2.7"" 6MP progressive CMOS",91 H / 46 V / 110 D,hybrid,IP67,IK10,true,,0
cp-plus-cp-unc-tc81l5c-vmd-lq,CP Plus,CP-UNC-TC81L5C-VMD-LQ,bullet,4K/8MP,8,"1/2.7"" 8MP progressive CMOS",87 H / 49 V / 100 D,hybrid,IP67,IK10,true,,0
cp-plus-cp-unc-tc81zl6c-vmd-lq,CP Plus,CP-UNC-TC81ZL6C-VMD-LQ,bullet,4K/8MP,8,"1/2.7"" 8MP progressive CMOS",114-32 H / 58-17 V / 138-36 D,hybrid,IP67,IK10,true,,0
cp-plus-cp-unc-te21zl6c-vmds-q,CP Plus,CP-UNC-TE21ZL6C-VMDS-Q,bullet,1080p/2MP,2,"1/2.8"" 2MP PS CMOS",,ir,IP67,IK10,,,0
cp-plus-cp-unc-te81zl6c-vmds-q,CP Plus,CP-UNC-TE81ZL6C-VMDS-Q,bullet,4K/8MP,8,"1/2.7"" 8MP progressive CMOS",109-30 H / 56-17 V / 131-35 D,ir,IP67,IK10,true,,0
cp-plus-cp-unc-tt41l3-vmd-q,CP Plus,CP-UNC-TT41L3-VMD-Q,bullet,4MP,4,"1/1.8"" 4MP CMOS",,ir,IP67,IK10,,,0
cp-plus-cp-unc-vc21l5c-vmd-lq,CP Plus,CP-UNC-VC21L5C-VMD-LQ,dome,1080p/2MP,2,"1/2.7"" 2MP PS CMOS",,hybrid,IP67,IK10,,,0
cp-plus-cp-unc-vc41l5c-vmd-lq,CP Plus,CP-UNC-VC41L5C-VMD-LQ,dome,4MP,4,"1/2.7"" 4MP PS CMOS",,hybrid,IP67,IK10,,,0
cp-plus-cp-unc-vc61l5c-vmd-lq,CP Plus,CP-UNC-VC61L5C-VMD-LQ,dome,6MP,6,"1/2.7"" 6MP progressive CMOS",91 H / 46 V / 110 D,hybrid,IP67,IK10,true,,0
cp-plus-cp-unc-vc81l5c-vmd-lq,CP Plus,CP-UNC-VC81L5C-VMD-LQ,dome,8MP/4K,8,"1/2.7"" 8MP PS CMOS",86 H / 49 V / 100 D,hybrid,IP67,IK10,,,0
cp-plus-cp-unc-vc81zl5c-vmd-q,CP Plus,CP-UNC-VC81ZL5C-VMD-Q,dome,4K/8MP,8,"1/2.7"" 8MP progressive CMOS",113-31 H / 58-18 V / 138-36 D,ir,IP67,IK10,true,,0
cp-plus-cp-unc-ve21zl4c-vmds-q,CP Plus,CP-UNC-VE21ZL4C-VMDS-Q,dome,1080p/2MP,2,"1/2.8"" 2MP PS CMOS",109-30 H / 56-17 V / 131-35 D,ir,IP67,IK10,,,0
cp-plus-cp-unc-ve81zl5c-vmd-lq,CP Plus,CP-UNC-VE81ZL5C-VMD-LQ,dome,8MP/4K,8,"1/1.8"" 8MP PS CMOS",,hybrid,IP67,IK10,,,0
cp-plus-cp-unc-wc41l3c-vmd-lq,CP Plus,CP-UNC-WC41L3C-VMD-LQ,turret,4MP,4,"1/2.9"" 4MP PS CMOS",,hybrid,IP67,IK10,,,0
cp-plus-cp-unc-we21l3c-mds-q,CP Plus,CP-UNC-WE21L3C-MDS-Q,turret,,2.4,"1/2.8"" 2.4MP progressive CMOS",,ir,IP67,IK10,,,0
cp-plus-cp-unp-f4521l30-dpq,CP Plus,CP-UNP-F4521L30-DPQ,ptz,1080p/2MP,2,"1/2.8"" 2MP PS CMOS",,ir,IP67,IK10,,,0
cp-plus-cp-urc-dc24pl3,CP Plus,CP-URC-DC24PL3,dome,,2.4,2.4MP PS CMOS,,ir,,,,,0
cp-plus-cp-urc-dc24pl3c,CP Plus,CP-URC-DC24PL3C,dome,1080p,2.4,2.4MP PS CMOS,80 H / 43 V / 94 D,ir,,,,,0
cp-plus-cp-urc-dc24pl3c-l-v2,CP Plus,CP-URC-DC24PL3C-L-V2,dome,,2.4,2.4MP PS CMOS,,hybrid,,,,,0
cp-plus-cp-urc-dc51pl3,CP Plus,CP-URC-DC51PL3,dome,,5,5MP PS CMOS,,ir,,,,,0
cp-plus-cp-urc-dc51pl3c,CP Plus,CP-URC-DC51PL3C,dome,5MP,5,5MP PS CMOS,74 H / 41 V / 89 D,ir,,,,,0
cp-plus-cp-urc-dc51pl3c-l,CP Plus,CP-URC-DC51PL3C-L,dome,5MP,5,5MP PS CMOS,92,hybrid,,,,,0
cp-plus-cp-urc-dc51pl3c-l-v2,CP Plus,CP-URC-DC51PL3C-L-V2,dome,5MP,5,5MP PS CMOS,92 H / 48 V / 110 D,hybrid,,,,,0
cp-plus-cp-urc-tc24pl3,CP Plus,CP-URC-TC24PL3,bullet,1080p,2.4,2.4MP PS CMOS,80 H / 43 V / 94 D,ir,IP67,,,,0
cp-plus-cp-urc-tc24pl3c,CP Plus,CP-URC-TC24PL3C,bullet,,2.4,2.4MP PS CMOS,,ir,IP66,,,,0
cp-plus-cp-urc-tc24pl3c-l-v2,CP Plus,CP-URC-TC24PL3C-L-V2,bullet,1080p,2.4,2.4MP PS CMOS,80 H / 43 V / 94 D,hybrid,IP67,,,,0
cp-plus-cp-urc-tc51pl3,CP Plus,CP-URC-TC51PL3,bullet,,5,5MP PS CMOS,,ir,,,,,0
cp-plus-cp-urc-tc51pl3c,CP Plus,CP-URC-TC51PL3C,bullet,,5,5MP PS CMOS,,ir,IP67,,,,0
cp-plus-cp-urc-tc51pl3c-l-v2,CP Plus,CP-URC-TC51PL3C-L-V2,bullet,,5,5MP PS CMOS,,hybrid,IP66,,,,0
cp-plus-cp-z43q,CP Plus,CP-Z43Q,ptz,4MP,4,"1/2.9"" CMOS",pan 345 / tilt 70,hybrid,IP65,,true,,0
d-link-dcs-2130,D-Link,DCS-2130,box,HD 1MP,1,"1/4"" 1-megapixel progressive CMOS",,,,,true,2013,0
d-link-dcs-2132l,D-Link,DCS-2132L,box,HD 1MP,1,"1/4"" 1-megapixel progressive CMOS",,ir,,,true,2013,0
d-link-dcs-2210,D-Link,DCS-2210,box,Full HD 1080p,2,"2.7"" megapixel progressive CMOS",,ir,,,true,2013,0
d-link-dcs-2230,D-Link,DCS-2230,box,Full HD 1080p,2,"1/2.7"" megapixel progressive CMOS",,ir,,,true,2013,0
d-link-dcs-2310l,D-Link,DCS-2310L,bullet,1MP,1,"1/4"" Megapixel CMOS progressive",,ir,IP65,,true,2013,0
d-link-dcs-2332l,D-Link,DCS-2332L,bullet,1MP,1,"1/4"" Megapixel CMOS progressive",,,IP65,,true,2013,0
d-link-dcs-3010,D-Link,DCS-3010,box,1MP,1,"1/4"" Megapixel CMOS",,,,,,2013,0
d-link-dcs-3110,D-Link,DCS-3110,box,1.3MP,1.3,"1/4"" 1.3-megapixel progressive scan CMOS",,,,,true,2013,0
d-link-dcs-3112,D-Link,DCS-3112,box,1.3MP,1.3,"Sony 1/4"" 1.3-megapixel progressive scan CMOS",,,,,true,2013,0
d-link-dcs-3430,D-Link,DCS-3430,dome,VGA,0.3,"1/4"" VGA progressive scan CMOS",,,,,true,2013,0
d-link-dcs-3710,D-Link,DCS-3710,box,1.3MP,1.3,"Sony 1/3"" 1.3 Megapixel CMOS",,ir,,,true,2013,0
d-link-dcs-3716,D-Link,DCS-3716,box,3MP,3,"Sony 1/2.8"" 3 Megapixel progressive CMOS",,ir,,,,2013,0
d-link-dcs-4605ev,D-Link,DCS-4605EV,dome,5MP,5,"1/2.9"" 5-megapixel progressive CMOS","87 horizontal, 65 vertical, 110 diagonal",ir,IP66,IK10,false,2018,0
d-link-dcs-4612ek,D-Link,DCS-4612EK,dome,1080p,2,"1/2.8"" 2-megapixel progressive CMOS","106.8 horizontal, 58 vertical, 126 diagonal",ir,IP66,IK10,false,,0
d-link-dcs-4614ek,D-Link,DCS-4614EK,dome,4MP,4,"1/2.8"" 4-megapixel progressive CMOS","100 horizontal, 58 vertical, 126 diagonal",ir,IP66,IK10,false,2020,0
d-link-dcs-4622,D-Link,DCS-4622,fisheye,3MP,3,"1/3"" 3-megapixel progressive CMOS","360 (fisheye); 180 horizontal, 180 vertical, 180 diagonal",ir,,,true,2017,0
d-link-dcs-4714e,D-Link,DCS-4714E,bullet,4MP,4,"1/2.8"" 4-megapixel progressive CMOS","100 horizontal, 58 vertical, 126 diagonal",ir,IP66,,false,2020,0
d-link-dcs-4718e,D-Link,DCS-4718E,bullet,4K,8,"1/2.5"" 8-megapixel progressive CMOS","108.6-35 horizontal, 56-21 vertical, 125-42 diagonal",ir,IP66,,false,2020,0
d-link-dcs-5222l,D-Link,DCS-5222L,ptz,720p,1,"1/4"" Megapixel progressive CMOS",,ir,,,true,2013,0
d-link-dcs-6010l,D-Link,DCS-6010L,fisheye,2MP,2,"1/3.2"" 2 Megapixel CMOS progressive",360,,,,true,2013,0
d-link-dcs-6112,D-Link,DCS-6112,dome,1080p Full HD,2,"1/2.7"" 2 Megapixel CMOS",,,,,true,2013,0
d-link-dcs-6113,D-Link,DCS-6113,dome,1080p Full HD,2,"1/2.7"" 2 Megapixel CMOS",,ir,,,true,2013,0
d-link-dcs-6210,D-Link,DCS-6210,dome,1080p Full HD,2,"1/2.7"" 2 Megapixel progressive CMOS",,,IP66,IK10,,2013,0
d-link-dcs-6511,D-Link,DCS-6511,dome,1.3MP,1.3,"1/3"" megapixel CMOS",,ir,IP66,IK10,,2013,0
d-link-dcs-6616,D-Link,DCS-6616,ptz,D1,0.4,"Sony 1/4"" Super HAD-II CCD",,,,,true,2013,0
d-link-dcs-6815,D-Link,DCS-6815,ptz,D1,0.4,"Sony 1/4"" EXview CCD",,,IP66,,true,2013,0
d-link-dcs-6818,D-Link,DCS-6818,ptz,D1,0.4,"Sony 1/4"" EXview CCD",,,IP66,,true,2013,0
d-link-dcs-7010l,D-Link,DCS-7010L,bullet,1MP,1,"1/4"" megapixel CMOS progressive",,ir,IP66,,,2013,0
d-link-dcs-7110,D-Link,DCS-7110,bullet,1MP,1,"Sony 1/4"" progressive scan CMOS",,ir,IP66,,,2013,0
d-link-dcs-7513,D-Link,DCS-7513,bullet,1080p,2,"1/2.8"" 2-megapixel progressive CMOS",,ir,IP66,,true,2013,0
d-link-dcs-8526lh,D-Link,DCS-8526LH,dome,2K QHD,4,"1/3"" progressive CMOS","102.5 horizontal, 55.2 vertical, 122 diagonal",ir,,,true,2024,0
d-link-dcs-8635lh,D-Link,DCS-8635LH,bullet,2K QHD,4,"1/2.7"" progressive CMOS","105.4 horizontal, 56.4 vertical, 125 diagonal",ir,IP65,,true,2024,0
d-link-dcs-930l,D-Link,DCS-930L,box,VGA,0.3,"1/5"" VGA CMOS",,,,,false,2013,0
d-link-dcs-932l,D-Link,DCS-932L,box,VGA,0.3,"1/5"" VGA CMOS",,ir,,,false,2013,0
d-link-dcs-942l,D-Link,DCS-942L,box,VGA,0.3,,,ir,,,true,2013,0
dahua-dh-sd49425xb-hnr,Dahua,SD49425XB-HNR,ptz,4MP,4,"1/2.8"" STARVIS CMOS",60-2.5 horizontal,ir,IP66,,false,2023,0
dahua-dh-sd6al245xa-hnr,Dahua,DH-SD6AL245XA-HNR,ptz,2MP,2,"1/2.8"" Starlight CMOS",65.7-1.9 horizontal,ir,IP67,IK10,true,2023,0
dahua-dh-sdt7425-4p-ad3e-pv-i,Dahua,DH-SDT7425-4P-AD3E-PV-i,ptz,Dual: 4MP panoramic (3840x1080) + 4MP PTZ (2560x1440),4,"2x 1/2.8"" CMOS (panoramic + PTZ)",180 horizontal (panoramic) / 55.8-2.4 (PTZ),hybrid,IP66,,true,2022,0
dahua-f2c-led,Dahua,F2C-LED,bullet,1080p,2,"1/3"" CMOS",98 horizontal (2.8mm) / 78 horizontal (3.6mm),color,IP67,,true,2026,0
dahua-f3d-pv,Dahua,F3D-PV,bullet,3MP,3,"1/2.8"" CMOS",103 horizontal (2.8mm) / 85 horizontal (3.6mm),hybrid,IP67,,true,2026,0
dahua-f4c-led,Dahua,F4C-LED,bullet,4MP,4,"1/3"" CMOS",98 horizontal (2.8mm) / 78 horizontal (3.6mm),color,IP67,,false,2026,0
dahua-f5d-pv,Dahua,F5D-PV,bullet,5MP,5,"1/2.7"" CMOS",104 horizontal (2.8mm) / 89 horizontal (3.6mm),hybrid,IP67,,true,2026,0
dahua-hac-hdw1200trq-il-t,Dahua,HAC-HDW1200TRQ-IL-T,turret,1080p,2,2MP CMOS,111.3h,hybrid,IP67,,true,,0
dahua-hac-hdw1249sm-a-pro,Dahua,HAC-HDW1249SM-A-PRO,turret,1080p,2,2MP CMOS,101h,color,IP67,,false,,0
dahua-hac-hdw1500trq-il-t,Dahua,HAC-HDW1500TRQ-IL-T,turret,5MP,5,5MP CMOS,112h,hybrid,IP67,,true,,0
dahua-hac-hdw1509t-a-led,Dahua,HAC-HDW1509T-A-LED,turret,5MP HD,5,,107h,color,IP67,,false,2022,0
dahua-hac-hdw1549sm-a-pro,Dahua,HAC-HDW1549SM-A-PRO,turret,5MP,5,5MP CMOS,109.6h,color,IP67,,false,,0
dahua-hac-hdw1549sm-il-a-pro,Dahua,HAC-HDW1549SM-IL-A-PRO,turret,5MP,5,5MP CMOS,111h,hybrid,IP67,,false,,0
dahua-hac-hdw1801trq-il-t,Dahua,HAC-HDW1801TRQ-IL-T,turret,4K,8,4K CMOS,105.5h,hybrid,IP67,,true,,0
dahua-hac-hfw1509t-a-led,Dahua,HAC-HFW1509T-A-LED,bullet,5MP HD,5,,107h,color,IP67,,false,2022,0
dahua-hac-hfw1549sm-a-pro,Dahua,HAC-HFW1549SM-A-PRO,bullet,5MP,5,5MP CMOS,109.6h,color,IP67,,false,,0
dahua-hac-hfw1549sm-il-a-pro,Dahua,HAC-HFW1549SM-IL-A-PRO,bullet,5MP,5,5MP CMOS,111h,hybrid,IP67,,false,,0
dahua-hac-hfw2249e-a-led,Dahua,HAC-HFW2249E-A-LED,bullet,1080p,2,"1/2.8"" CMOS",89.5,color,IP67,,false,,0
dahua-hac-hfw2802e-a,Dahua,HAC-HFW2802E-A,bullet,4K UHD,8,"1/1.8"" CMOS",111 (2.8mm) / 87 (3.6mm),ir,IP67,,false,,0
dahua-ipc-hdbw2241e-s,Dahua,IPC-HDBW2241E-S,dome,1080p,2,"1/2.8"" CMOS",106,ir,IP67,IK10,false,,0
dahua-ipc-hdbw2241r-zas,Dahua,IPC-HDBW2241R-ZAS,dome,1080p,2,"1/2.8"" CMOS",108-30,ir,IP67,IK10,false,,0
dahua-ipc-hdbw2241r-zs,Dahua,IPC-HDBW2241R-ZS,dome,1080p,2,"1/2.8"" CMOS",108-30,ir,IP67,IK10,false,,0
dahua-ipc-hdbw2249e-s-il,Dahua,IPC-HDBW2249E-S-IL,dome,1080p,2,"1/2.9"" CMOS",100,hybrid,IP67,IK10,false,,0
dahua-ipc-hdbw2249f-as-il,Dahua,IPC-HDBW2249F-AS-IL,dome,1080p,2,"1/2.8"" CMOS",105 (2.8mm) / 87 (3.6mm) horizontal,hybrid,IP67,IK10,false,,0
dahua-ipc-hdbw2441e-s,Dahua,IPC-HDBW2441E-S,dome,4MP,4,"1/2.9"" CMOS",102 (2.8mm) / 84 (3.6mm),ir,IP67,IK10,false,,0
dahua-ipc-hdbw2441r-zas,Dahua,IPC-HDBW2441R-ZAS,dome,4MP,4,"1/2.9"" CMOS",104,ir,IP67,IK10,true,2023,0
dahua-ipc-hdbw2441r-zs,Dahua,IPC-HDBW2441R-ZS,dome,4MP,4,"1/2.9"" CMOS",104-29,ir,IP67,IK10,false,,0
dahua-ipc-hdbw2449e-s-il,Dahua,IPC-HDBW2449E-S-IL,dome,4MP,4,"1/2.9"" CMOS",100,hybrid,IP67,IK10,false,,0
dahua-ipc-hdbw2449f-as-e2-il,Dahua,IPC-HDBW2449F-AS-E2-IL,dome,4MP,4,"1/2.7"" CMOS",101.5,hybrid,IP67,IK10,false,,0
dahua-ipc-hdbw2449f-as-il,Dahua,IPC-HDBW2449F-AS-IL,dome,4MP,4,"1/2.9"" CMOS",101,hybrid,IP67,IK10,true,,0
dahua-ipc-hdbw2541e-s,Dahua,IPC-HDBW2541E-S,dome,5MP,5,"1/2.7"" CMOS",111,ir,IP67,IK10,false,,0
dahua-ipc-hdbw2541r-zas,Dahua,IPC-HDBW2541R-ZAS,dome,5MP,5,"1/2.7"" CMOS",113-31,ir,IP67,IK10,false,,0
dahua-ipc-hdbw2541r-zs,Dahua,IPC-HDBW2541R-ZS,dome,5MP,5,"1/2.7"" CMOS",113-31,ir,IP67,IK10,false,,0
dahua-ipc-hdbw2649e-s-il,Dahua,IPC-HDBW2649E-S-IL,dome,6MP,6,"1/2.7"" CMOS",112,hybrid,IP67,IK10,false,,0
dahua-ipc-hdbw2831e-s-s2,Dahua,IPC-HDBW2831E-S-S2,dome,4K UHD,8,"1/2.7"" CMOS",105 (2.8mm) / 87 (3.6mm),ir,IP67,IK10,false,,0
dahua-ipc-hdbw2841e-s,Dahua,IPC-HDBW2841E-S,dome,4K,8,"1/2.7"" CMOS",106 (2.8mm) / 88 (3.6mm),ir,IP67,IK10,false,,0
dahua-ipc-hdbw2841r-zas,Dahua,IPC-HDBW2841R-ZAS,dome,4K,8,"1/2.7"" CMOS",31-113,ir,IP67,IK10,false,,0
dahua-ipc-hdbw2841r-zs,Dahua,IPC-HDBW2841R-ZS,dome,4K,8,"1/2.7"" CMOS",113-31,ir,IP67,IK10,false,,0
dahua-ipc-hdbw2849e-s-il,Dahua,IPC-HDBW2849E-S-IL,dome,4K UHD,8,"1/2.7"" CMOS",113 horizontal,hybrid,IP67,IK10,false,2024,0
dahua-ipc-hdbw3241e-s,Dahua,IPC-HDBW3241E-S,dome,1080p HD,2,,106h,ir,IP67,IK10,false,2022,0
dahua-ipc-hdbw3441dr1-ast-4g-la,Dahua,IPC-HDBW3441DR1-AST-4G-LA,dome,4MP,4,"1/2.7"" CMOS",102h,ir,IP67,IK10,true,,0
dahua-ipc-hdbw3441e-s,Dahua,IPC-HDBW3441E-S,dome,4MP,4,"1/3"" CMOS",106h,ir,IP67,IK10,false,2022,0
dahua-ipc-hdbw3441r-as-p,Dahua,IPC-HDBW3441R-AS-P,dome,4MP,4,"1/2.7"" starlight CMOS",180 horizontal / 78 vertical,ir,IP67,IK10,false,2024,0
dahua-ipc-hdbw3449e-as-il,Dahua,IPC-HDBW3449E-AS-IL,dome,4MP,4,"1/2.9"" CMOS",100,hybrid,IP67,IK10,true,,0
dahua-ipc-hdbw3449e-s-il,Dahua,IPC-HDBW3449E-S-IL,dome,4MP,4,"1/2.9"" CMOS",100,hybrid,IP67,IK10,false,,0
dahua-ipc-hdbw3449ep-as-ni,Dahua,IPC-HDBW3449EP-AS-NI,dome,4MP,4,"1/2.7"" CMOS",103,color,IP67,IK10,true,,0
dahua-ipc-hdbw3449r-zas-il,Dahua,IPC-HDBW3449R-ZAS-IL,dome,4MP,4,"1/2.9"" CMOS",34-125,hybrid,IP67,IK10,false,,0
dahua-ipc-hdbw3449r-zs-il,Dahua,IPC-HDBW3449R-ZS-IL,dome,4MP,4,"1/2.9"" CMOS",34-125,hybrid,IP67,IK10,false,,0
dahua-ipc-hdbw3449r1-zas-pv-pro,Dahua,IPC-HDBW3449R1-ZAS-PV-PRO,dome,4MP,4,"1/1.8"" CMOS",114-48h,hybrid,IP67,IK10,true,,0
dahua-ipc-hdbw3467r-zas-il,Dahua,IPC-HDBW3467R-ZAS-IL,dome,4MP,4,"1/2.9"" CMOS",104-29,hybrid,IP67,IK10,false,,0
dahua-ipc-hdbw3649r1-zas-pv-pro,Dahua,IPC-HDBW3649R1-ZAS-PV-PRO,dome,6MP,6,"1/1.8"" CMOS",112-48h,hybrid,IP67,IK10,true,,0
dahua-ipc-hdbw3649r1-zas-pv-pro-atc,Dahua,IPC-HDBW3649R1-ZAS-PV-PRO-ATC,dome,6MP,6,"1/1.8"" CMOS",112-48,hybrid,IP67,IK10,true,,0
dahua-ipc-hdbw3849e-s-il,Dahua,IPC-HDBW3849E-S-IL,dome,4K UHD,8,,107h,hybrid,IP67,IK10,false,2023,0
dahua-ipc-hdbw3849f-as-il,Dahua,IPC-HDBW3849F-AS-IL,dome,4K,8,"1/2.7"" CMOS",108.4h,hybrid,IP67,IK10,false,,0
dahua-ipc-hdbw3849r1-zas-pv,Dahua,IPC-HDBW3849R1-ZAS-PV,dome,4K UHD,8,"1/2.8"" CMOS",108,hybrid,IP67,IK10,true,2025,0
dahua-ipc-hdbw3849r1-zas-pv-pro,Dahua,IPC-HDBW3849R1-ZAS-PV-PRO,dome,4K,8,"1/1.8"" CMOS",112-48h,hybrid,IP67,IK10,true,,0
dahua-ipc-hdbw3849r1-zas-pv-pro-atc,Dahua,IPC-HDBW3849R1-ZAS-PV-PRO-ATC,dome,4K,8,"1/1.8"" CMOS",112-48,hybrid,IP67,IK10,true,,0
dahua-ipc-hdbw3866ep-as,Dahua,IPC-HDBW3866EP-AS,dome,4K/8MP,8,"1/2.8"" CMOS",107,ir,IP67,IK10,true,,0
dahua-ipc-hdbw3866rp-zas,Dahua,IPC-HDBW3866RP-ZAS,dome,4K,8,"1/2.8"" CMOS",109,ir,IP67,IK10,true,,0
dahua-ipc-hdbw3867e-as-il,Dahua,IPC-HDBW3867E-AS-IL,dome,4K,8,,110,hybrid,IP67,IK10,true,,0
dahua-ipc-hdbw3867r-zas-il,Dahua,IPC-HDBW3867R-ZAS-IL,dome,4K,8,"1/2.7"" CMOS",114-32,hybrid,IP67,IK10,false,,0
dahua-ipc-hdbw5259r-ase-il,Dahua,IPC-HDBW5259R-ASE-IL,dome,1080p,2,"1/2.7"" CMOS",108.4h,hybrid,IP67,IK10,false,,0
dahua-ipc-hdbw5442r-ze,Dahua,IPC-HDBW5442R-ZE,dome,4MP,4,"1/1.8"" CMOS",110-30h,ir,IP67,IK10,false,2023,0
dahua-ipc-hdbw5842ep-ze-s3,Dahua,IPC-HDBW5842EP-ZE-S3,dome,4K,8,"1/1.8"" CMOS",113,ir,IP67,IK10,false,,0
dahua-ipc-hdw1230dt-stw,Dahua,IPC-HDW1230DT-STW,turret,1080p,2,"1/2.8"" CMOS",100h,ir,IP67,,true,,0
dahua-ipc-hdw1239t1-led-s6,Dahua,IPC-HDW1239T1-LED-S6,turret,1080p HD,2,"1/2.8"" CMOS",110,color,IP67,,false,2024,0
dahua-ipc-hdw1339da-saw-il,Dahua,IPC-HDW1339DA-SAW-IL,turret,3MP,3,"1/2.8"" CMOS",103h,hybrid,IP67,,false,,0
dahua-ipc-hdw1339da-sw-pv,Dahua,IPC-HDW1339DA-SW-PV,turret,3MP,3,"1/2.8"" CMOS",103h,hybrid,IP67,,true,,0
dahua-ipc-hdw1430dt-stw,Dahua,IPC-HDW1430DT-STW,turret,4MP,4,"1/3"" CMOS",90h,ir,IP67,,true,,0
dahua-ipc-hdw1439t-a-led-s4,Dahua,IPC-HDW1439T-A-LED-S4,turret,4MP,4,"1/3"" CMOS",107h,color,IP67,,false,2022,0
dahua-ipc-hdw1439t1-led,Dahua,IPC-HDW1439T1-LED,turret,4MP,4,"1/3"" CMOS",107h,color,IP67,IK10,false,2021,0
dahua-ipc-hdw1439v-il-k,Dahua,IPC-HDW1439V-IL-K,turret,4MP,4,"1/2.9"" CMOS",94h,hybrid,IP67,,false,,0
dahua-ipc-hdw1539da-saw-il,Dahua,IPC-HDW1539DA-SAW-IL,turret,5MP,5,"1/2.7"" CMOS",108h,hybrid,IP67,,false,,0
dahua-ipc-hdw1539da-sw-pv,Dahua,IPC-HDW1539DA-SW-PV,turret,5MP,5,"1/2.7"" CMOS",108h,hybrid,IP67,,true,,0
dahua-ipc-hdw1830t-h,Dahua,IPC-HDW1830T-H,turret,4K UHD,8,"1/2.7"" CMOS",107h,ir,IP67,IK10,false,2022,0
dahua-ipc-hdw21249t-s-il,Dahua,IPC-HDW21249T-S-IL,turret,12MP,12,"1/2.5"" CMOS",112,hybrid,IP67,,false,,0
dahua-ipc-hdw2241t-s,Dahua,IPC-HDW2241T-S,turret,1080p,2,"1/2.8"" CMOS",107 (2.8mm) / 88 (3.6mm),ir,IP67,,false,,0
dahua-ipc-hdw2241t-zs,Dahua,IPC-HDW2241T-ZS,turret,1080p,2,"1/2.8"" CMOS",108-30,ir,IP67,,false,,0
dahua-ipc-hdw2241tm-s,Dahua,IPC-HDW2241TM-S,turret,1080p,2,"1/2.8"" CMOS",107,ir,IP67,,false,,0
dahua-ipc-hdw2249t-s-il,Dahua,IPC-HDW2249T-S-IL,turret,2MP,2,"1/2.8"" CMOS",107 (2.8mm) / 88 (3.6mm),hybrid,IP67,,false,2022,0
dahua-ipc-hdw2249t-s-pro,Dahua,IPC-HDW2249T-S-PRO,turret,1080p,2,"1/2.9"" CMOS",101,color,IP67,,false,,0
dahua-ipc-hdw2249t-s-pv,Dahua,IPC-HDW2249T-S-PV,turret,1080p,2,"1/2.8"" CMOS",106.1,hybrid,IP67,,true,,0
dahua-ipc-hdw2249t-zs-il,Dahua,IPC-HDW2249T-ZS-IL,turret,1080p,2,"1/2.8"" CMOS",110-32h,hybrid,IP67,,false,,0
dahua-ipc-hdw2249th-s-prox,Dahua,IPC-HDW2249TH-S-PROX,turret,1080p,2,"1/1.8"" CMOS",110,color,IP67,,false,,0
dahua-ipc-hdw2249tm-s-il,Dahua,IPC-HDW2249TM-S-IL,turret,1080p,2,"1/2.9"" CMOS",100,hybrid,IP67,,false,,0
dahua-ipc-hdw2439t-as-led-s2,Dahua,IPC-HDW2439T-AS-LED-S2,turret,4MP,4,,96,color,IP67,IK10,false,2022,0
dahua-ipc-hdw2441t-s,Dahua,IPC-HDW2441T-S,turret,4MP,4,"1/2.9"" CMOS",95 (2.8mm) / 78 (3.6mm),ir,IP67,,false,,0
dahua-ipc-hdw2441t-zs,Dahua,IPC-HDW2441T-ZS,turret,4MP,4,"1/2.9"" CMOS",104-29,ir,IP67,,false,,0
dahua-ipc-hdw2441tm-s,Dahua,IPC-HDW2441TM-S,turret,4MP,4,"1/2.9"" CMOS",95 (2.8mm) / 78 (3.6mm),ir,IP67,,false,,0
dahua-ipc-hdw2449t-s-il,Dahua,IPC-HDW2449T-S-IL,turret,4MP,4,"1/2.9"" CMOS",95 (2.8mm) / 78 (3.6mm),hybrid,IP67,,false,,0
dahua-ipc-hdw2449t-s-pro,Dahua,IPC-HDW2449T-S-PRO,turret,4MP,4,"1/1.8"" CMOS",105,color,IP67,,false,,0
dahua-ipc-hdw2449t-s-pv,Dahua,IPC-HDW2449T-S-PV,turret,4MP,4,"1/2.9"" CMOS",101.6,hybrid,IP67,,true,,0
dahua-ipc-hdw2449t-zs-il,Dahua,IPC-HDW2449T-ZS-IL,turret,4MP,4,"1/2.9"" CMOS",97-28h,hybrid,IP67,,false,,0
dahua-ipc-hdw2449th-s-prox,Dahua,IPC-HDW2449TH-S-PROX,turret,4MP,4,"1/1.8"" CMOS",106,color,IP67,,false,,0
dahua-ipc-hdw2449tm-s-il,Dahua,IPC-HDW2449TM-S-IL,turret,4MP,4,"1/2.9"" CMOS",95h,hybrid,IP67,,false,,0
dahua-ipc-hdw2541t-s,Dahua,IPC-HDW2541T-S,turret,5MP,5,"1/2.7"" CMOS",111,ir,IP67,,false,,0
dahua-ipc-hdw2541t-zs,Dahua,IPC-HDW2541T-ZS,turret,5MP,5,"1/2.7"" CMOS",113-31,ir,IP67,,false,,0
dahua-ipc-hdw2541tm-s,Dahua,IPC-HDW2541TM-S,turret,5MP,5,"1/2.7"" CMOS",111,ir,IP67,,false,,0
dahua-ipc-hdw2549emp-s-pro,Dahua,IPC-HDW2549EMP-S-PRO,turret,5MP,5,"1/1.8"" CMOS",,color,IP67,,false,,0
dahua-ipc-hdw2549t-s-pv,Dahua,IPC-HDW2549T-S-PV,turret,5MP,5,"1/2.7"" CMOS",111.0,hybrid,IP67,,true,,0
dahua-ipc-hdw2649t-s-pro,Dahua,IPC-HDW2649T-S-PRO,turret,6MP,6,"1/1.8"" CMOS",92,color,IP67,,false,,0
dahua-ipc-hdw2649t-zs-il,Dahua,IPC-HDW2649T-ZS-IL,turret,6MP,6,"1/2.7"" CMOS",114-32h,hybrid,IP67,,false,,0
dahua-ipc-hdw2649tm-s-il,Dahua,IPC-HDW2649TM-S-IL,turret,6MP,6,"1/2.7"" CMOS",112h,hybrid,IP67,,false,,0
dahua-ipc-hdw2831t-as-s2,Dahua,IPC-HDW2831T-AS-S2,turret,4K UHD,8,"1/2.7"" CMOS",105 (2.8mm) / 87 (3.6mm),ir,IP67,IK10,false,2020,0
dahua-ipc-hdw2841t-s,Dahua,IPC-HDW2841T-S,turret,4K,8,"1/2.7"" CMOS",106,ir,IP67,,false,,0
dahua-ipc-hdw2841t-zs,Dahua,IPC-HDW2841T-ZS,turret,4K / 8MP,8,"1/2.8"" CMOS",113-31,ir,IP67,,false,2023,0
dahua-ipc-hdw2841tm-s,Dahua,IPC-HDW2841TM-S,turret,4K,8,"1/2.7"" CMOS",106,ir,IP67,,false,,0
dahua-ipc-hdw2849h-s-prox,Dahua,IPC-HDW2849H-S-PROX,turret,4K,8,"1/1.2"" CMOS",105,color,IP67,,false,,0
dahua-ipc-hdw2849t-s-il,Dahua,IPC-HDW2849T-S-IL,turret,4K UHD,8,"1/2.7"" CMOS",111 (2.8mm) / 87 (3.6mm),hybrid,IP67,,false,,0
dahua-ipc-hdw2849t-s-pro,Dahua,IPC-HDW2849T-S-PRO,turret,4K UHD,8,"1/1.8"" CMOS",110 (2.8mm) / 93 (3.6mm),color,IP67,,false,,0
dahua-ipc-hdw2849t-zs-il,Dahua,IPC-HDW2849T-ZS-IL,turret,4K,8,"1/2.7"" CMOS",114-32h,hybrid,IP67,,false,,0
dahua-ipc-hdw2849tm-s-il,Dahua,IPC-HDW2849TM-S-IL,turret,4K UHD,8,"1/2.7"" CMOS",111 (2.8mm) / 87 (3.6mm),hybrid,IP67,,false,,0
dahua-ipc-hdw3449h-as-pv-pro,Dahua,IPC-HDW3449H-AS-PV-PRO,turret,4MP,4,"1/1.8"" CMOS",113 horizontal,hybrid,IP67,,true,2024,0
dahua-ipc-hdw3449h-zas-pv-pro,Dahua,IPC-HDW3449H-ZAS-PV-PRO,turret,4MP,4,"1/1.8"" CMOS",114-48,hybrid,IP67,,true,,0
dahua-ipc-hdw3449qm-s-il,Dahua,IPC-HDW3449QM-S-IL,turret,4MP,4,"1/2.9"" CMOS",117,hybrid,IP67,,false,,0
dahua-ipc-hdw3549h-as-pv,Dahua,IPC-HDW3549H-AS-PV,turret,5MP,5,"1/2.7"" CMOS",97 (2.8mm) / 78 (3.6mm),hybrid,IP67,,true,,0
dahua-ipc-hdw3649h-as-pv,Dahua,IPC-HDW3649H-AS-PV,turret,6MP,6,"1/2.7"" CMOS",111 (2.8mm),hybrid,IP67,,true,2024,0
dahua-ipc-hdw3649h-zas-pv-pro,Dahua,IPC-HDW3649H-ZAS-PV-PRO,turret,6MP,6,"1/1.8"" CMOS",112-48,hybrid,IP67,,true,,0
dahua-ipc-hdw3841t-zs-s2,Dahua,IPC-HDW3841T-ZS-S2,turret,4K,8,"1/2.8"" CMOS",109-30 (horizontal),ir,IP67,,false,,0
dahua-ipc-hdw3841tp-zas,Dahua,IPC-HDW3841TP-ZAS,turret,4K,8,"1/2.8"" CMOS",113,ir,IP67,,false,,0
dahua-ipc-hdw3849h-as-pv,Dahua,IPC-HDW3849H-AS-PV,turret,4K UHD,8,"1/2.8"" CMOS",106 (2.8mm) / 85 (3.6mm),hybrid,IP67,,true,,0
dahua-ipc-hdw3849h-as-pv-pro,Dahua,IPC-HDW3849H-AS-PV-PRO,turret,4K UHD,8,"1/1.8"" CMOS",109 (2.8mm) / 93 (3.6mm),hybrid,IP67,,true,,0
dahua-ipc-hdw3849h-zas-pv,Dahua,IPC-HDW3849H-ZAS-PV,turret,4K UHD,8,"1/2.8"" CMOS",108,hybrid,IP67,,true,,0
dahua-ipc-hdw3849h-zas-pv-pro,Dahua,IPC-HDW3849H-ZAS-PV-PRO,turret,4K,8,"1/1.8"" CMOS",112-48,hybrid,IP67,,true,,0
dahua-ipc-hdw3849t-zs-il,Dahua,IPC-HDW3849T-ZS-IL,turret,4K,8,"1/2.7"" CMOS",114-32h,hybrid,IP67,,false,,0
dahua-ipc-hdw3866emp-s,Dahua,IPC-HDW3866EMP-S,turret,4K/8MP,8,"1/2.8"" CMOS",110,ir,IP67,,false,,0
dahua-ipc-hdw3866tp-zs,Dahua,IPC-HDW3866TP-ZS,turret,4K/8MP,8,"1/2.8"" CMOS",109,ir,IP67,,false,,0
dahua-ipc-hdw3867em-s-il,Dahua,IPC-HDW3867EM-S-IL,turret,4K/8MP,8,"1/2.7"" CMOS",105,hybrid,IP67,,false,,0
dahua-ipc-hdw3867t-zs-il,Dahua,IPC-HDW3867T-ZS-IL,turret,4K,8,"1/2.7"" CMOS",114,hybrid,IP67,,false,,0
dahua-ipc-hdw5259t-ze-il,Dahua,IPC-HDW5259T-ZE-IL,turret,1080p,2,"1/2.7"" CMOS",110-32h,hybrid,IP67,,false,,0
dahua-ipc-hdw5259tm-ase-il,Dahua,IPC-HDW5259TM-ASE-IL,turret,1080p,2,"1/2.7"" CMOS",108.4h,hybrid,IP67,IK10,false,,0
dahua-ipc-hdw5442t-ze,Dahua,IPC-HDW5442T-ZE,turret,4MP,4,"1/1.8"" CMOS",110-30h,ir,IP67,IK10,false,2023,0
dahua-ipc-hdw5442tm-ase,Dahua,IPC-HDW5442TM-ASE,turret,4MP,4,"1/1.8"" Progressive Scan CMOS",113 (2.8mm) / 89 (3.6mm),ir,IP67,IK10,false,,0
dahua-ipc-hdw5449h-ase-d2,Dahua,IPC-HDW5449H-ASE-D2,dual-lens,4MP,4,"1/1.8"" CMOS",97,hybrid,IP67,IK10,true,2024,0
dahua-ipc-hdw5842t-ze,Dahua,IPC-HDW5842T-ZE,turret,4K UHD,8,"1/1.8"" CMOS",113,ir,IP67,IK10,false,,0
dahua-ipc-hdw5842tm-ase,Dahua,IPC-HDW5842TM-ASE,turret,4K,8,"1/1.8"" CMOS",111 (2.8mm) / 87 (3.6mm) / 55 (6mm),ir,IP67,IK10,false,,0
dahua-ipc-hf71242f-z-x,Dahua,IPC-HF71242F-Z-X,box,12MP UHD,12,"1/1.7"" Progressive Scan CMOS",,none,IP42,,false,2024,0
dahua-ipc-hfw1230ds-saw,Dahua,IPC-HFW1230DS-SAW,bullet,1080p,2,"1/2.8"" CMOS",100h,ir,IP67,,false,,0
dahua-ipc-hfw1239s1-led-s6,Dahua,IPC-HFW1239S1-LED-S6,bullet,1080p HD,2,,107h,color,IP67,,false,2024,0
dahua-ipc-hfw1339dtk1-sw-pv,Dahua,IPC-HFW1339DTK1-SW-PV,bullet,3MP,3,"1/2.8"" CMOS",103h,hybrid,IP67,,true,,0
dahua-ipc-hfw1430dt-stw,Dahua,IPC-HFW1430DT-STW,bullet,4MP,4,"1/3"" CMOS",90h,ir,IP67,,true,,0
dahua-ipc-hfw1439s-led-s4,Dahua,IPC-HFW1439S-LED-S4,bullet,4MP,4,,107h,color,IP67,,false,2022,0
dahua-ipc-hfw1439s1-led,Dahua,IPC-HFW1439S1-LED,bullet,4MP,4,,107h,color,IP67,,false,2021,0
dahua-ipc-hfw1439s1-led-s4,Dahua,IPC-HFW1439S1-LED-S4,bullet,4MP,4,,107h,color,IP67,,false,2023,0
dahua-ipc-hfw1439s1p-led-s4,Dahua,IPC-HFW1439S1P-LED-S4,bullet,4MP,4,"1/3"" CMOS",95 (2.8mm) / 78 (3.6mm),color,IP67,,false,2023,0
dahua-ipc-hfw1539dtk1-sw-pv,Dahua,IPC-HFW1539DTK1-SW-PV,bullet,5MP,5,"1/2.7"" CMOS",104h,hybrid,IP67,,true,,0
dahua-ipc-hfw1830s-s6,Dahua,IPC-HFW1830S-S6,bullet,4K UHD,8,,107h,ir,IP67,,false,2022,0
dahua-ipc-hfw21249t-as-il,Dahua,IPC-HFW21249T-AS-IL,bullet,12MP,12,"1/2.5"" CMOS",112,hybrid,IP67,IK10,true,,0
dahua-ipc-hfw21249t-s-il,Dahua,IPC-HFW21249T-S-IL,bullet,12MP,12,"1/2.5"" CMOS",112 (2.8mm) / 95 (3.6mm),hybrid,IP67,,false,,0
dahua-ipc-hfw2241s-s,Dahua,IPC-HFW2241S-S,bullet,1080p HD,2,,106h,ir,IP67,,false,2022,0
dahua-ipc-hfw2241t-as,Dahua,IPC-HFW2241T-AS,bullet,1080p,2,"1/2.8"" CMOS",88,ir,IP67,IK10,false,,0
dahua-ipc-hfw2241t-zas,Dahua,IPC-HFW2241T-ZAS,bullet,1080p,2,"1/2.8"" CMOS",H: 108-30,ir,IP67,IK10,false,,0
dahua-ipc-hfw2241t-zs,Dahua,IPC-HFW2241T-ZS,bullet,1080p,2,"1/2.8"" CMOS",108-30,ir,IP67,IK10,false,,0
dahua-ipc-hfw2249m-s-b-pro,Dahua,IPC-HFW2249M-S-B-PRO,bullet,1080p,2,"1/2.9"" CMOS",81,color,IP67,,false,,0
dahua-ipc-hfw2249s-s-il,Dahua,IPC-HFW2249S-S-IL,bullet,1080p,2,"1/2.9"" CMOS",100,hybrid,IP67,,false,,0
dahua-ipc-hfw2249s-s-il-nl,Dahua,IPC-HFW2249S-S-IL-NL,bullet,2MP,2,"1/2.8"" CMOS",107,hybrid,IP67,,false,2024,0
dahua-ipc-hfw2249t-as-il,Dahua,IPC-HFW2249T-AS-IL,bullet,1080p,2,"1/2.9"" CMOS",83,hybrid,IP67,IK10,false,,0
dahua-ipc-hfw2249t-zas-il,Dahua,IPC-HFW2249T-ZAS-IL,bullet,1080p,2,"1/2.9"" CMOS",104-29,hybrid,IP67,IK10,false,,0
dahua-ipc-hfw2249tl-s-pro,Dahua,IPC-HFW2249TL-S-PRO,bullet,1080p,2,"1/2.9"" CMOS",101,color,IP67,,false,,0
dahua-ipc-hfw2249tl-s-prox,Dahua,IPC-HFW2249TL-S-PROX,bullet,1080p,2,"1/1.8"" CMOS",110,color,IP67,,false,,0
dahua-ipc-hfw2249tl-s-pv,Dahua,IPC-HFW2249TL-S-PV,bullet,1080p,2,"1/2.8"" CMOS",106.1 (2.8mm) / 87.4 (3.6mm),hybrid,IP67,,true,,0
dahua-ipc-hfw2431t-as-s2,Dahua,IPC-HFW2431T-AS-S2,bullet,4MP,4,"1/3"" CMOS",84 (3.6mm),ir,IP67,IK10,false,2022,0
dahua-ipc-hfw2439s-sa-led-b,Dahua,IPC-HFW2439S-SA-LED-B,bullet,4MP,4,,107h,color,IP67,,false,2023,0
dahua-ipc-hfw2441s-s,Dahua,IPC-HFW2441S-S,bullet,4MP,4,,106h,ir,IP67,,false,2022,0
dahua-ipc-hfw2441t-as,Dahua,IPC-HFW2441T-AS,bullet,4MP,4,"1/2.9"" CMOS",84,ir,IP67,IK10,false,,0
dahua-ipc-hfw2441t-zas,Dahua,IPC-HFW2441T-ZAS,bullet,4MP,4,"1/2.9"" CMOS",104-29,ir,IP67,IK10,false,,0
dahua-ipc-hfw2441t-zs,Dahua,IPC-HFW2441T-ZS,bullet,4MP,4,"1/2.9"" CMOS",104-29,ir,IP67,IK10,false,,0
dahua-ipc-hfw2449dg-4g-zas-pv-pro,Dahua,IPC-HFW2449DG-4G-ZAS-PV-PRO,bullet,4MP,4,"1/1.8"" CMOS",46-107,hybrid,IP67,IK10,true,,0
dahua-ipc-hfw2449m-s-b-pro,Dahua,IPC-HFW2449M-S-B-PRO,bullet,4MP,4,"1/1.8"" CMOS",89,color,IP67,,false,,0
dahua-ipc-hfw2449s-s-il,Dahua,IPC-HFW2449S-S-IL,bullet,4MP,4,"1/2.7"" CMOS",95 (2.8mm) / 78 (3.6mm),hybrid,IP67,,false,,0
dahua-ipc-hfw2449t-as-il,Dahua,IPC-HFW2449T-AS-IL,bullet,4MP,4,"1/2.9"" CMOS",84h,hybrid,IP67,IK10,false,,0
dahua-ipc-hfw2449t-zas-il,Dahua,IPC-HFW2449T-ZAS-IL,bullet,4MP,4,"1/2.9"" CMOS",97-28h,hybrid,IP67,IK10,false,,0
dahua-ipc-hfw2449tl-s-pro,Dahua,IPC-HFW2449TL-S-PRO,bullet,4MP,4,"1/1.8"" CMOS",2.8mm: 105 / 3.6mm: 89 / 6mm: 55,color,IP67,,false,,0
dahua-ipc-hfw2449tl-s-prox,Dahua,IPC-HFW2449TL-S-PROX,bullet,4MP,4,"1/1.8"" CMOS",106,color,IP67,,false,,0
dahua-ipc-hfw2449tl-s-pv,Dahua,IPC-HFW2449TL-S-PV,bullet,4MP,4,"1/2.9"" CMOS",101.6,hybrid,IP67,,true,,0
dahua-ipc-hfw2541s-s,Dahua,IPC-HFW2541S-S,bullet,5MP,5,"1/2.7"" CMOS",111 (2.8mm) / 92 (3.6mm),ir,IP67,,false,,0
dahua-ipc-hfw2541t-as,Dahua,IPC-HFW2541T-AS,bullet,5MP,5,"1/2.7"" CMOS",92,ir,IP67,IK10,false,,0
dahua-ipc-hfw2541t-zas,Dahua,IPC-HFW2541T-ZAS,bullet,5MP,5,"1/2.7"" CMOS",113-31,ir,IP67,IK10,false,,0
dahua-ipc-hfw2541t-zs,Dahua,IPC-HFW2541T-ZS,bullet,5MP,5,"1/2.7"" CMOS",113-31,ir,IP67,IK10,false,,0
dahua-ipc-hfw2549tl-s-pv,Dahua,IPC-HFW2549TL-S-PV,bullet,5MP,5,"1/2.7"" CMOS",111.0,hybrid,IP67,,true,,0
dahua-ipc-hfw2649m-s-b-pro,Dahua,IPC-HFW2649M-S-B-PRO,bullet,6MP,6,"1/1.8"" CMOS",78,color,IP67,,false,,0
dahua-ipc-hfw2649s-s-il,Dahua,IPC-HFW2649S-S-IL,bullet,6MP,6,"1/2.7"" CMOS",112,hybrid,IP67,,false,,0
dahua-ipc-hfw2649t-as-il,Dahua,IPC-HFW2649T-AS-IL,bullet,6MP,6,"1/2.7"" CMOS",91h,hybrid,IP67,IK10,false,,0
dahua-ipc-hfw2649t-zas-il,Dahua,IPC-HFW2649T-ZAS-IL,bullet,6MP,6,"1/2.7"" CMOS",114-32h,hybrid,IP67,IK10,false,,0
dahua-ipc-hfw2649tl-s-pro,Dahua,IPC-HFW2649TL-S-PRO,bullet,6MP,6,"1/1.8"" CMOS",92,color,IP67,,false,,0
dahua-ipc-hfw2831sp-s-s2,Dahua,IPC-HFW2831SP-S-S2,bullet,4K,8,"1/2.7"" CMOS",105,ir,IP67,IK10,false,,0
dahua-ipc-hfw2831t-as-s2-latam,Dahua,IPC-HFW2831T-AS-S2 (LATAM),bullet,4K UHD,8,"1/2.7"" CMOS",113 horizontal (2.8mm),ir,IP67,IK10,false,2022,0
dahua-ipc-hfw2831t-zas-s2,Dahua,IPC-HFW2831T-ZAS-S2,bullet,4K UHD,8,"1/2.7"" CMOS",113,ir,IP67,IK10,false,,0
dahua-ipc-hfw2831tp-zs,Dahua,IPC-HFW2831TP-ZS,bullet,4K/8MP,8,"1/2.7"" CMOS",113,ir,IP67,,false,,0
dahua-ipc-hfw2841s-s,Dahua,IPC-HFW2841S-S,bullet,4K,8,"1/2.7"" CMOS",106,ir,IP67,,false,,0
dahua-ipc-hfw2841t-as,Dahua,IPC-HFW2841T-AS,bullet,4K,8,"1/2.7"" CMOS",88,ir,IP67,IK10,true,,0
dahua-ipc-hfw2841t-zas-s2,Dahua,IPC-HFW2841T-ZAS-S2,bullet,4K UHD,8,,110-30h,ir,IP67,IK10,false,2023,0
dahua-ipc-hfw2841t-zs,Dahua,IPC-HFW2841T-ZS,bullet,4K,8,"1/2.7"" CMOS",31-113,ir,IP67,IK10,false,,0
dahua-ipc-hfw2849m-s-b-pro,Dahua,IPC-HFW2849M-S-B-PRO,bullet,4K,8,"1/1.8"" CMOS",93 (3.6mm) / 57 (6mm),color,IP67,,false,,0
dahua-ipc-hfw2849s-s-il,Dahua,IPC-HFW2849S-S-IL,bullet,4K UHD,8,"1/2.7"" CMOS",111 (2.8mm) / 87 (3.6mm),hybrid,IP67,,false,,0
dahua-ipc-hfw2849s-s-il-s2,Dahua,IPC-HFW2849S-S-IL-S2,bullet,4K UHD,8,,106h,hybrid,IP67,,false,2023,0
dahua-ipc-hfw2849t-as-il,Dahua,IPC-HFW2849T-AS-IL,bullet,4K,8,"1/2.7"" CMOS",87h,hybrid,IP67,IK10,false,,0
dahua-ipc-hfw2849t-zas-il,Dahua,IPC-HFW2849T-ZAS-IL,bullet,4K,8,"1/2.7"" CMOS",114-32h,hybrid,IP67,IK10,false,,0
dahua-ipc-hfw2849th-s-prox,Dahua,IPC-HFW2849TH-S-PROX,bullet,4K,8,"1/1.2"" CMOS",105,color,IP67,,false,,0
dahua-ipc-hfw2849tl-s-pro,Dahua,IPC-HFW2849TL-S-PRO,bullet,4K,8,"1/1.8"" CMOS",110 (2.8mm),color,IP67,,false,,0
dahua-ipc-hfw3241e-s,Dahua,IPC-HFW3241E-S,bullet,1080p HD,2,"1/2.8"" CMOS",106h,ir,IP67,,false,2022,0
dahua-ipc-hfw3441e-s,Dahua,IPC-HFW3441E-S,bullet,4MP,4,"1/3"" CMOS",106h,ir,IP67,,false,2022,0
dahua-ipc-hfw3441t-as-p,Dahua,IPC-HFW3441T-AS-P,bullet,4MP,4,"1/2.7"" starlight CMOS",180 horizontal / 78 vertical,ir,IP67,,false,2024,0
dahua-ipc-hfw3449t-zas-il,Dahua,IPC-HFW3449T-ZAS-IL,bullet,4MP,4,"1/2.9"" CMOS",104 to 29 (2.7-13.5mm),hybrid,IP67,IK10,false,,0
dahua-ipc-hfw3449t-zs-il,Dahua,IPC-HFW3449T-ZS-IL,bullet,4MP,4,"1/2.9"" CMOS",104 to 29 (2.7-13.5mm),hybrid,IP67,IK10,false,,0
dahua-ipc-hfw3449t1-as-pv,Dahua,IPC-HFW3449T1-AS-PV,bullet,4MP,4,"1/2.7"" CMOS",103 (2.8mm),hybrid,IP67,,true,,0
dahua-ipc-hfw3449t1-as-pv-pro,Dahua,IPC-HFW3449T1-AS-PV-PRO,bullet,4MP,4,"1/1.8"" CMOS",111 (2.8mm),hybrid,IP67,,true,,0
dahua-ipc-hfw3449t1-as-pv-pro-atc,Dahua,IPC-HFW3449T1-AS-PV-PRO-ATC,bullet,4MP,4,"1/1.8"" CMOS",111 (2.8mm),hybrid,IP67,,true,,0
dahua-ipc-hfw3449t1-zas-pv,Dahua,IPC-HFW3449T1-ZAS-PV,bullet,4MP,4,"1/2.7"" CMOS",103-33 (H),hybrid,IP67,,true,,0
dahua-ipc-hfw3449t1-zas-pv-pro,Dahua,IPC-HFW3449T1-ZAS-PV-PRO,bullet,4MP,4,"1/1.8"" CMOS",114-48 (H),hybrid,IP67,,true,,0
dahua-ipc-hfw3449t1-zas-pv-pro-atc,Dahua,IPC-HFW3449T1-ZAS-PV-PRO-ATC,bullet,4MP,4,"1/1.8"" CMOS",114-48 (H),hybrid,IP67,,true,,0
dahua-ipc-hfw3467e-as-il,Dahua,IPC-HFW3467E-AS-IL,bullet,4MP,4,"1/2.9"" CMOS",100/83/51,hybrid,IP67,,false,,0
dahua-ipc-hfw3549e-as-led,Dahua,IPC-HFW3549E-AS-LED,bullet,5MP,5,"1/2.7"" CMOS",98 (2.8mm) / 77 (3.6mm),color,IP67,,false,,0
dahua-ipc-hfw3549t1-as-pv,Dahua,IPC-HFW3549T1-AS-PV,bullet,5MP,5,"1/2.7"" CMOS",106 (2.8mm),color,IP67,,true,,0
dahua-ipc-hfw3649t1-as-pv-s2,Dahua,IPC-HFW3649T1-AS-PV-S2,bullet,6MP,6,"1/2.7"" CMOS",97 (2.8mm) / 78 (3.6mm),hybrid,IP67,,true,2024,0
dahua-ipc-hfw3667e-as-il,Dahua,IPC-HFW3667E-AS-IL,bullet,6MP,6,"1/2.7"" CMOS",110,hybrid,IP67,,false,,0
dahua-ipc-hfw3667t-zas-il,Dahua,IPC-HFW3667T-ZAS-IL,bullet,6MP,6,"1/2.7"" CMOS",114-32,hybrid,IP67,,false,,0
dahua-ipc-hfw3841t-zas-s2,Dahua,IPC-HFW3841T-ZAS-S2,bullet,4K UHD,8,,106-30h,ir,IP67,IK10,false,2023,0
dahua-ipc-hfw3841tp-zas,Dahua,IPC-HFW3841TP-ZAS,bullet,4K/8MP,8,"1/2.8"" CMOS",113-31,ir,IP67,IK10,false,,0
dahua-ipc-hfw3849e-as-il,Dahua,IPC-HFW3849E-AS-IL,bullet,4K UHD,8,"1/2.7"" CMOS",110 (2.8mm) / 86 (3.6mm),hybrid,IP67,,false,,0
dahua-ipc-hfw3849e-s-il,Dahua,IPC-HFW3849E-S-IL,bullet,4K UHD,8,"1/2.7"" CMOS",110 (2.8mm) / 86 (3.6mm),hybrid,IP67,,false,,0
dahua-ipc-hfw3849t-zas-il,Dahua,IPC-HFW3849T-ZAS-IL,bullet,4K,8,"1/2.7"" CMOS",114 to 32 (2.7-13.5mm),hybrid,IP67,IK10,false,,0
dahua-ipc-hfw3849t-zs-il,Dahua,IPC-HFW3849T-ZS-IL,bullet,4K,8,"1/2.7"" CMOS",114 to 32 (2.7-13.5mm),hybrid,IP67,IK10,false,,0
dahua-ipc-hfw3849t1-as-pv,Dahua,IPC-HFW3849T1-AS-PV,bullet,4K UHD,8,"1/2.8"" CMOS",106 (2.8mm) / 85 (3.6mm),hybrid,IP67,,true,,0
dahua-ipc-hfw3849t1-as-pv-pro,Dahua,IPC-HFW3849T1-AS-PV-PRO,bullet,4K UHD,8,"1/1.8"" CMOS",108 (2.8mm),hybrid,IP67,,true,,0
dahua-ipc-hfw3849t1-zas-pv,Dahua,IPC-HFW3849T1-ZAS-PV,bullet,4K UHD,8,"1/2.8"" CMOS",108,hybrid,IP67,,true,,0
dahua-ipc-hfw3849t1-zas-pv-pro,Dahua,IPC-HFW3849T1-ZAS-PV-PRO,bullet,4K,8,"1/2.8"" CMOS",112-48h,hybrid,IP67,,true,,0
dahua-ipc-hfw3866ep-as,Dahua,IPC-HFW3866EP-AS,bullet,4K,8,"1/2.8"" CMOS",107 (2.8mm) / 84 (3.6mm),ir,IP67,,true,,0
dahua-ipc-hfw3866tp-zas,Dahua,IPC-HFW3866TP-ZAS,bullet,4K,8,"1/2.8"" CMOS",109,ir,IP67,IK10,false,,0
dahua-ipc-hfw3867e-as-il,Dahua,IPC-HFW3867E-AS-IL,bullet,4K,8,"1/2.7"" CMOS",110,hybrid,IP67,,false,,0
dahua-ipc-hfw3867t-zas-il,Dahua,IPC-HFW3867T-ZAS-IL,bullet,4K,8,"1/2.7"" CMOS",114,hybrid,IP67,,false,,0
dahua-ipc-hfw5442e-ze,Dahua,IPC-HFW5442E-ZE,bullet,4MP,4,"1/1.8"" Progressive Scan CMOS",114,ir,IP67,IK10,false,,0
dahua-ipc-hfw5442e-ze-s3,Dahua,IPC-HFW5442E-ZE-S3,bullet,4MP,4,,110-30h,ir,IP67,IK10,false,2023,0
dahua-ipc-hfw5842e-ze,Dahua,IPC-HFW5842E-ZE,bullet,4K UHD,8,"1/1.8"" CMOS",113,ir,IP67,IK10,false,,0
dahua-ipc-hfw5842h-z4he,Dahua,IPC-HFW5842H-Z4HE,bullet,4K UHD,8,"1/1.8"" CMOS",42,ir,IP67,IK10,false,,0
dahua-ipc-hfw5849t1-ase-led,Dahua,IPC-HFW5849T1-ASE-LED,bullet,4K UHD,8,"1/1.2"" CMOS",113 (2.8mm),color,IP67,IK10,true,2023,0
dahua-ipc-hfw71242h-z,Dahua,IPC-HFW71242H-Z,bullet,12MP,12,"1/1.7"" CMOS",98,ir,IP67,IK10,true,,0
dahua-ipc-hfw7442h-z4-x,Dahua,IPC-HFW7442H-Z4-X,bullet,4MP,4,,83-15h,ir,IP67,IK10,false,2022,0
dahua-ipc-hfw7842h-z-x,Dahua,IPC-HFW7842H-Z-X,bullet,4K UHD,8,"1/1.8"" CMOS",105-48 horizontal (wide-tele),ir,IP67,IK10,false,2022,0
dahua-ipc-hfw7842h-z4-x,Dahua,IPC-HFW7842H-Z4-X,bullet,4K UHD,8,"1/1.8"" CMOS",42-15,ir,IP67,IK10,false,,0
dahua-ipc-pdbw5831-b360,Dahua,IPC-PDBW5831-B360,panoramic,4x2MP 360deg,8,"4x 1/2.8"" CMOS",360,ir,IP67,IK10,false,,0
dahua-ipc-pdw2849-a180-s-pv,Dahua,IPC-PDW2849-A180-S-PV,panoramic,8MP,8,"1/2.7"" CMOS",180,hybrid,IP67,,true,,0
dahua-ipc-pdw31259-a180-as-pv-atc,Dahua,IPC-PDW31259-A180-AS-PV-ATC,panoramic,12MP,12,"2 x 1/2.5"" CMOS",180,hybrid,IP67,,true,,0
dahua-ipc-pdw3859-a180-as-pv-atc,Dahua,IPC-PDW3859-A180-AS-PV-ATC,panoramic,8MP,8,"Dual 1/2.7"" CMOS",180,hybrid,IP67,,true,,0
dahua-ipc-pf83230-a180,Dahua,IPC-PF83230-A180,panoramic,4x8MP 180deg,32,"4x 1/1.8"" CMOS",180,none,IP67,IK10,false,,0
dahua-ipc-pfw2849s-a180-s-pv,Dahua,IPC-PFW2849S-A180-S-PV,panoramic,8MP,8,"1/2.7"" CMOS (x2)",180,hybrid,IP67,,true,,0
dahua-ipc-pfw31259s-a180-as-pv-atc,Dahua,IPC-PFW31259S-A180-AS-PV-ATC,panoramic,12MP,12,"1/2.5"" CMOS",180,hybrid,IP67,,true,,0
dahua-ipc-pfw3859s-a180-as-pv-atc,Dahua,IPC-PFW3859S-A180-AS-PV-ATC,panoramic,8MP,8,"1/2.7"" CMOS",180,hybrid,IP67,,true,,0
dahua-ipc-pfw5849-a180-e2-aste,Dahua,IPC-PFW5849-A180-E2-ASTE,panoramic,2x4MP 180°,8,"2x 1/2.8"" CMOS",180 horizontal,hybrid,IP67,,true,2024,0
dahua-ipc-pfw81642-a180,Dahua,IPC-PFW81642-A180,panoramic,16MP,16,"4 x 1/1.8"" CMOS",180,ir,IP67,IK10,false,,0
dahua-ipc-pfw83242-a180-s2,Dahua,IPC-PFW83242-A180-S2,panoramic,32MP,32,"1/1.8"" CMOS",180,ir,IP67,IK10,false,,0
dahua-ipc-pfw8802-a180,Dahua,IPC-PFW8802-A180,panoramic,8MP 180deg,8,"4x 1/1.9"" Progressive Scan CMOS",180,ir,IP67,IK10,false,,0
dahua-ipc-pts2249b-e2-s-pv-pro,Dahua,IPC-PTS2249B-E2-S-PV-PRO,ptz,1080p,2,"1/2.9"" CMOS",81,color,IP66,,true,,0
dahua-itc237-pw1b-irz-lr,Dahua,ITC237-PW1B-IRZ-LR,bullet,2MP LPR,2,"1/2.8"" CMOS",,ir,IP67,IK10,false,2023,0
dahua-mptz1100-2030ra,Dahua,MPTZ1100-2030RA,ptz,1080p,2.42,"1/2.8"" CMOS",2.77-67.8,ir,IP66,,true,,0
dahua-ptz19245u-irb-n,Dahua,PTZ19245U-IRB-N,ptz,1080p,2,"1/2.8"" STARVIS CMOS",1.8-70.3 (H),ir,IP68,,true,,0
dahua-ptz1a225-hnr-gb,Dahua,PTZ1A225-HNR-GB,ptz,1080p,2,"1/2.8"" CMOS",58.5-2.8 horizontal,ir,IP67,,false,,0
dahua-ptz37225-hnp-gb-a,Dahua,PTZ37225-HNP-GB-A,ptz,1080p,2,"1/2.8"" CMOS",58.5-2.8 horizontal,hybrid,IP67,,false,,0
dahua-ptz4m231-hnr-ga,Dahua,PTZ4M231-HNR-GA,ptz,1080p,2,"1/1.8"" CMOS",2.8-59.8,ir,IP66,,true,,0
dahua-ptz83440-hnf-pa,Dahua,PTZ83440-HNF-PA,ptz,4MP,4,"1/1.8"" CMOS",61.8-2.2 horizontal,ir,IP67,,true,,0
dahua-ptz83440-hnr-ga-s,Dahua,PTZ83440-HNR-GA-S,ptz,4MP,4,"1/1.8"" CMOS",57.74-2.42 horizontal,ir,IP67,,false,,0
dahua-ptz85260-hnf-pa,Dahua,PTZ85260-HNF-PA,ptz,1080p,2,"1/1.8"" CMOS",56.4-1.2 horizontal,ir,IP67,,true,,0
dahua-ptz85260-hnf-pa-fl,Dahua,PTZ85260-HNF-PA-FL,ptz,1080p,2,"1/1.8"" CMOS",56.4-1.2 horizontal,ir,IP67,,true,,0
dahua-ptz85448-hnf-pa,Dahua,PTZ85448-HNF-PA,ptz,4MP,4,"1/1.8"" CMOS",62.4-1.7,ir,IP67,,true,,0
dahua-ptz85448-hnf-pa-fl,Dahua,PTZ85448-HNF-PA-FL,ptz,4MP,4,"1/1.8"" CMOS",62.4-1.7,ir,IP67,,true,,0
dahua-ptz85848-hnf-pa,Dahua,PTZ85848-HNF-PA,ptz,4K,8,"1/1.8"" CMOS",64.9-1.8 horizontal,ir,IP67,,true,,0
dahua-ptz85848-hnf-pa-fl,Dahua,PTZ85848-HNF-PA-FL,ptz,4K,8,"1/1.8"" CMOS",H: 64.9–1.8; V: 38–1.3,ir,IP67,,true,,0
dahua-sd22404db-gny,Dahua,SD22404DB-GNY,ptz,4MP,4,"1/2.8"" CMOS",90.3-29.4 horizontal,none,IP66,IK10,,2023,0
dahua-sd3d216nb-gny,Dahua,SD3D216NB-GNY,ptz,1080p,2,"1/2.8"" CMOS",54.4-4.1 horizontal,ir,IP66,,,,0
dahua-sd3d416nb-gny,Dahua,SD3D416NB-GNY,ptz,4MP,4,"1/2.8"" CMOS",50.56-3.84 horizontal,ir,IP66,,,,0
dahua-sd49216db-hny,Dahua,SD49216DB-HNY,ptz,1080p,2,"1/2.8"" CMOS",53.9-4.6 horizontal,ir,IP66,,false,,0
dahua-sd49225db-hny,Dahua,SD49225DB-HNY,ptz,1080p,2,"1/2.8"" CMOS",58.5-2.8 horizontal,ir,IP66,,false,,0
dahua-sd49225xa-hnr-mena,Dahua,SD49225XA-HNR,ptz,1080p HD,2,"1/2.8"" STARVIS CMOS",60-2.5 horizontal,ir,IP66,,false,2022,0
dahua-sd49425db-hny,Dahua,SD49425DB-HNY,ptz,4MP,4,"1/2.8"" CMOS",51.9-3.0h,ir,IP66,,false,,0
dahua-sd49425db-hny-gq,Dahua,SD49425DB-HNY-GQ,ptz,4MP,4,"1/2.8"" CMOS",51.9-3.0 horizontal,ir,IP66,,true,,0
dahua-sd49825gb-hnr,Dahua,SD49825GB-HNR,ptz,4K UHD,8,"1/2.8"" CMOS",60-2.5h,ir,IP66,,false,2023,0
dahua-sd4a216db-hny,Dahua,SD4A216DB-HNY,ptz,1080p,2,"1/2.8"" CMOS",53.9-4.6 horizontal,ir,IP66,,false,,0
dahua-sd4a425db-hny,Dahua,SD4A425DB-HNY,ptz,4MP,4,"1/2.8"" CMOS",51.9-3.0 horizontal,ir,IP66,,false,,0
dahua-sd4a425db-hny-r,Dahua,SD4A425DB-HNY-R,ptz,4MP,4,"1/2.8"" CMOS",H: 51.9-3.0; V: 39.7-2.2; D: 63.1-3.7,ir,IP66,,false,,0
dahua-sd4d225mb-hnr,Dahua,SD4D225MB-HNR,ptz,1080p,2,"1/2.8"" CMOS",57.5-3.2h,hybrid,IP67,,false,,0
dahua-sd4d425mb-hnr,Dahua,SD4D425MB-HNR,ptz,4MP,4,"1/2.8"" CMOS",54.1-3.4h,hybrid,IP67,,false,,0
dahua-sd4d825mb-hnr,Dahua,SD4D825MB-HNR,ptz,4K,8,"1/2.8"" CMOS",57.7-3.7h,hybrid,IP67,,false,,0
dahua-sd4e225gb-hnr-a-pv1,Dahua,SD4E225GB-HNR-A-PV1,ptz,1080p,2,"1/2.8"" CMOS",58.5-2.8 horizontal,hybrid,IP66,,true,,0
dahua-sd4e225mb-hnr-a-pv1,Dahua,SD4E225MB-HNR-A-PV1,ptz,1080p,2,"1/2.8"" CMOS",58.5-2.8 horizontal,hybrid,IP67,,true,,0
dahua-sd4e425gb-hnr-a-pv1,Dahua,SD4E425GB-HNR-A-PV1,ptz,4MP,4,"1/2.8"" CMOS",51.9-3.0 horizontal,hybrid,IP66,,true,,0
dahua-sd4e425mb-hnr-a-pv1,Dahua,SD4E425MB-HNR-A-PV1,ptz,4MP,4,"1/2.8"" CMOS",51.9-3.0 horizontal,hybrid,IP67,,true,,0
dahua-sd4e825gb-hnr-a-pv1,Dahua,SD4E825GB-HNR-A-PV1,ptz,4K,8,"1/2.8"" CMOS",53.1-3.4 horizontal,hybrid,IP66,,true,,0
dahua-sd4e825mb-hnr-a-pv1,Dahua,SD4E825MB-HNR-A-PV1,ptz,4K,8,"1/2.8"" CMOS",53.1-3.4 horizontal,hybrid,IP67,,true,,0
dahua-sd4f420da-hny,Dahua,SD4F420DA-HNY,ptz,4MP,4,"1/1.8"" CMOS",7-105,color,IP66,,false,,0
dahua-sd50432gb-hnr,Dahua,SD50432GB-HNR,ptz,4MP,4,"1/2.8"" CMOS",55.8-2.3,ir,IP67,IK10,false,,0
dahua-sd52c225db-hny,Dahua,SD52C225DB-HNY,ptz,1080p,2,"1/2.8"" CMOS",58.5-2.8 horizontal,color,,IK10,false,,0
dahua-sd52c232gb-hnr,Dahua,SD52C232GB-HNR,ptz,1080p,2,"1/2.8"" STARVIS CMOS",58.4-3.0 (H),,,IK10,false,,0
dahua-sd52c432gb-hnr,Dahua,SD52C432GB-HNR,ptz,4MP,4,"1/2.8"" CMOS",55.8-2.3 horizontal,none,,IK10,false,,0
dahua-sd5a245gb-hnr,Dahua,SD5A245GB-HNR,ptz,1080p,2,"1/2.8"" CMOS",65.7-1.9 horizontal,ir,IP67,IK10,true,,0
dahua-sd5a425ma-hnr,Dahua,SD5A425MA-HNR,ptz,4MP,4,"1/1.8"" CMOS",61.6-3.6 horizontal,ir,IP67,IK10,false,,0
dahua-sd5a425mb-hnr,Dahua,SD5A425MB-HNR,ptz,4MP,4,"1/2.8"" CMOS",51.9-3.0 horizontal,ir,IP67,IK10,false,,0
dahua-sd5a432gb-hnr,Dahua,SD5A432GB-HNR,ptz,4MP,4,"1/2.8"" CMOS",55.8-2.4 horizontal,ir,IP66,IK10,false,,0
dahua-sd5a432mb-hnr,Dahua,SD5A432MB-HNR,ptz,4MP,4,"1/2.8"" CMOS",55.81-2.37 horizontal,ir,IP67,IK10,false,,0
dahua-sd5a445gb-hnr,Dahua,SD5A445GB-HNR,ptz,4MP,4,"1/2.8"" CMOS",65.7-1.9 horizontal,ir,IP67,IK10,true,,0
dahua-sd5a445mb-hnr,Dahua,SD5A445MB-HNR,ptz,4MP,4,"1/2.8"" CMOS",65.7-1.9 horizontal,ir,IP67,IK10,false,,0
dahua-sd5a825gb-hnr,Dahua,SD5A825GB-HNR,ptz,4K,8,"1/2.8"" CMOS","H: 55.6-3.2, V: 32.2-1.8",ir,IP67,IK10,false,,0
dahua-sd5a825ma-hnr,Dahua,SD5A825MA-HNR,ptz,4K,8,"1/1.8"" CMOS",61.6-3.6 horizontal,ir,IP67,IK10,false,,0
dahua-sd5r404ga-hnf,Dahua,SD5R404GA-HNF,ptz,4MP,4,"1/1.8"" CMOS",114.9-50.3 horizontal,hybrid,IP67,IK10,true,,0
dahua-sd60432db-hny,Dahua,SD60432DB-HNY,ptz,4MP,4,"1/2.8"" CMOS",H: 55.8-2.3; V: 31.9-1.3,color,IP67,IK10,false,,0
dahua-sd6al245gb-hnv,Dahua,SD6AL245GB-HNV,ptz,1080p,2,"1/2.8"" CMOS",68-2.3 horizontal,hybrid,IP67,,false,,0
dahua-sd6al445gb-hnv,Dahua,SD6AL445GB-HNV,ptz,4MP,4,"1/2.8"" CMOS",63.2-1.8 horizontal,hybrid,IP67,,false,,0
dahua-sd6al445gb-hnv-ir,Dahua,SD6AL445GB-HNV-IR,ptz,4MP,4,"1/2.8"" CMOS",63.2-1.8 horizontal,ir,IP67,,false,,0
dahua-sd6c3432gb-hnr-a-pv1,Dahua,SD6C3432GB-HNR-A-PV1,ptz,4MP,4,"1/2.8"" STARVIS CMOS",55.8-2.3 (wide-tele),hybrid,IP66,,true,,0
dahua-sd6c3432gb-hnr-agq-pv1,Dahua,SD6C3432GB-HNR-AGQ-PV1,ptz,4MP,4,"1/2.8"" CMOS",55.8-2.3 horizontal,hybrid,IP66,,true,,0
dahua-sd6e232mb-hnr-a-pv1,Dahua,SD6E232MB-HNR-A-PV1,ptz,1080p,2,"1/2.8"" CMOS",58.4-3.0 horizontal,hybrid,IP67,IK10,false,,0
dahua-sd6e245mb-hnr-a-pv1,Dahua,SD6E245MB-HNR-A-PV1,ptz,1080p,2,"1/2.8"" CMOS",65.7-1.9 horizontal,hybrid,IP67,IK10,false,,0
dahua-sd6e425mb-hnr-a-pv1,Dahua,SD6E425MB-HNR-A-PV1,ptz,4MP,4,"1/2.8"" CMOS",51.9-3.0 horizontal,hybrid,IP67,IK10,false,,0
dahua-sd6e432mb-hnr-a-pv1,Dahua,SD6E432MB-HNR-A-PV1,ptz,4MP,4,"1/2.8"" CMOS",55.8-2.3 horizontal,hybrid,IP67,IK10,false,,0
dahua-sd6e445mb-hnr-a-pv1,Dahua,SD6E445MB-HNR-A-PV1,ptz,4MP,4,"1/2.8"" CMOS",70.3-1.8 horizontal,hybrid,IP67,IK10,true,,0
dahua-sd6e825ma-hnr-a-pv1,Dahua,SD6E825MA-HNR-A-PV1,ptz,4K,8,"1/1.8"" CMOS",61.6-3.6 horizontal,hybrid,IP67,IK10,true,,0
dahua-sd7a440fa-hnf,Dahua,SD7A440FA-HNF,ptz,4MP,4,"1/1.8"" CMOS",60.82-2.26 horizontal,ir,IP67,IK10,false,,0
dahua-sd7a440fa-hnf-atc,Dahua,SD7A440FA-HNF-ATC,ptz,4MP,4,"1/1.8"" CMOS",60.82-2.26 horizontal,ir,IP67,IK10,false,,0
dahua-sd7a840fa-hnf,Dahua,SD7A840FA-HNF,ptz,4K,8,"1/1.8"" CMOS",60.82-2.26 horizontal,ir,IP67,IK10,false,,0
dahua-sd7a840fa-hnf-atc,Dahua,SD7A840FA-HNF-ATC,ptz,4K,8,"1/1.8"" CMOS",60.82-2.26 horizontal,ir,IP67,IK10,false,,0
dahua-sd8a3440ga-hnv,Dahua,SD8A3440GA-HNV,ptz,4MP,4,"1/1.8"" CMOS",63.9-2.1 horizontal,ir,IP67,IK10,false,,0
dahua-sd8a3833ga-hnv,Dahua,SD8A3833GA-HNV,ptz,4K,8,"1/1.8"" CMOS",63.9-2.1 horizontal,ir,IP67,IK10,false,,0
dahua-sd8a440-hnf-pa,Dahua,SD8A440-HNF-PA,ptz,4MP,4,"1/1.8"" CMOS",61.8-2.2 horizontal,ir,IP67,,true,,0
dahua-sd8a440fa-hnp-aid,Dahua,SD8A440FA-HNP-AID,ptz,4MP,4,"1/1.8"" CMOS",61.8-2.2 horizontal,ir,IP67,,false,,0
dahua-sd8a440fa-hnt,Dahua,SD8A440FA-HNT,ptz,4MP,4,"1/1.8"" CMOS",61.8-2.2 horizontal,ir,IP67,,true,,0
dahua-sd8a440ga-hnv,Dahua,SD8A440GA-HNV,ptz,4MP,4,"1/1.8"" CMOS",63.9-2.1,ir,IP67,,false,,0
dahua-sd8a440pa-hnf-5g,Dahua,SD8A440PA-HNF-5G,ptz,4MP,4,"1/1.8"" CMOS",61.8-2.2 horizontal,ir,IP67,,false,,0
dahua-sd8a840-hnf-pa,Dahua,SD8A840-HNF-PA,ptz,4K,8,"1/1.8"" CMOS",63.9-2.0 horizontal,ir,IP67,,false,,0
dahua-sd8a840fa-hnt,Dahua,SD8A840FA-HNT,ptz,4K,8,"1/1.8"" CMOS","H: 61.8-2.2, V: 36.3-1.3",ir,IP67,,true,,0
dahua-sd8a840pa-hnf-5g,Dahua,SD8A840PA-HNF-5G,ptz,4K,8,"1/1.8"" CMOS",63.9-2.1 horizontal,ir,IP67,,true,,0
dahua-sd8a840xa-hnp-wp,Dahua,SD8A840XA-HNP-WP,ptz,4K,8,"1/1.8"" CMOS",63.9-2.0 horizontal,ir,IP67,,true,,0
dahua-sd8a845qa-hnf,Dahua,SD8A845QA-HNF,ptz,4K,8,"1/1.8"" CMOS","H: 64.4-2.0, V: 38.4-1.1, D: 69.6-2.3",ir,IP67,,false,,0
dahua-sd8c260pa-hnf,Dahua,SD8C260PA-HNF,ptz,1080p,2,"1/1.8"" CMOS",56.4-1.2 horizontal,hybrid,IP67,,true,,0
dahua-sd8c260pa1-hnf,Dahua,SD8C260PA1-HNF,ptz,1080p,2,"1/1.8"" CMOS",56.4-1.2 horizontal,ir,IP67,,false,,0
dahua-sd8c440fd-hnf,Dahua,SD8C440FD-HNF,ptz,4MP,4,"1/1.8"" CMOS",63.5-1.8 horizontal,hybrid,IP67,,false,,0
dahua-sd8c448pa-hnf,Dahua,SD8C448PA-HNF,ptz,4MP,4,"1/1.8"" CMOS",62.4-1.7 horizontal,hybrid,IP67,,true,,0
dahua-sd8c448pa1-hnf,Dahua,SD8C448PA1-HNF,ptz,4MP,4,"1/1.8"" CMOS",62.4-1.7 horizontal,ir,IP67,,false,,0
dahua-sd8c848pa-hnf,Dahua,SD8C848PA-HNF,ptz,4K,8,"1/1.8"" CMOS",64.9-1.8 horizontal,hybrid,IP67,,false,,0
dahua-sd8c848pa1-hnf,Dahua,SD8C848PA1-HNF,ptz,4K,8,"1/1.8"" CMOS",64.6-1.5 horizontal,ir,IP67,,false,,0
dahua-sd8x442fa-hnf,Dahua,SD8X442FA-HNF,ptz,4MP,4,"1/1.8"" CMOS",61.4-2.3 (H),hybrid,IP67,IK10,true,,0
dahua-sd8x842fa-hnf,Dahua,SD8X842FA-HNF,ptz,4K,8,"1/1.8"" CMOS",66.1-2.2 horizontal,hybrid,IP67,IK10,false,,0
dahua-sdt3a400-ga-hnp-bx,Dahua,SDT3A400-GA-HNP-BX,ptz,4MP (2560x1440),4,"1/1.8"" CMOS",90.35 (H) / 49.03 (V) / 105.95 (D),color,IP66,,true,,0
dahua-sdt3e410-8p-mb-a-pv1,Dahua,SDT3E410-8P-MB-A-PV1,ptz,8MP panoramic (5376×1520) + 4MP PTZ (2560×1440),8,"Overview 1/2.8"" + PTZ 1/2.8"" CMOS",180 horizontal (panoramic) / 58-11.3 (PTZ),hybrid,IP66,,true,,0
dahua-sdt4a404-4f-qa,Dahua,SDT4A404-4F-QA,ptz,Dual 4MP (panorama + 4x PTZ detail),8,"1/2.8"" panorama + 1/1.8"" PTZ CMOS",122 horizontal (panoramic) / 42-15 (PTZ),,IP66,,false,,0
dahua-sdt4e225-4f-gb-a-pv1,Dahua,SDT4E225-4F-GB-A-PV1,ptz,4MP panorama + 2MP 25x PTZ,6,"1/2.8"" panorama + 1/2.8"" PTZ CMOS",101 (panorama) / 51.9-3.0 (detail),hybrid,IP66,,true,,0
dahua-sdt4e425-4f-gb-a-pv1,Dahua,SDT4E425-4F-GB-A-PV1,ptz,Dual 4MP (panorama + 25x PTZ detail),8,"Dual 1/2.8"" CMOS (overview + PTZ)",101 horizontal (panoramic) / 51.9-3.0 (PTZ),hybrid,IP66,,true,,0
dahua-sdt4e425-4f-mb-agq-pv1,Dahua,SDT4E425-4F-MB-AGQ-PV1,ptz,4MP,4,"1/1.8"" CMOS (overview) + 1/2.8"" CMOS (detail)",95 horizontal (panoramic) / 51.9-3.0 (PTZ),hybrid,IP67,,true,,0
dahua-sdt4e425-8p-gb-a-pv1-sl,Dahua,SDT4E425-8P-GB-A-PV1-SL,ptz,8MP panorama + 4MP 25x PTZ,12,"1/2.7"" 8MP panorama + 1/2.8"" 4MP PTZ CMOS",180 (panorama) / detail 25x zoom,hybrid,IP66,,true,,0
dahua-sdt4e425-8p-gb-apv1,Dahua,SDT4E425-8P-GB-APV1,ptz,8MP panoramic + 4MP PTZ,8,STARVIS CMOS,180,hybrid,,,true,,0
dahua-sdt5x2425-4z4-fa,Dahua,SDT5X2425-4Z4-FA,ptz,Dual 4MP (4x overview + 4MP 25x PTZ),8,"Dual 1/1.8"" CMOS",overview 4x zoom / detail 25x zoom,hybrid,IP67,IK10,false,,0
dahua-sdt5x425-4z4-fa-0832,Dahua,SDT5X425-4Z4-FA-0832,ptz,Dual 4MP (panorama + 25x PTZ detail),8,"Dual 1/1.8"" CMOS (panorama + PTZ)",42-15 horizontal (panorama) / 58-3.5 (PTZ),hybrid,IP67,IK10,true,,0
dahua-sdt5x425-4z4-fa-2812,Dahua,SDT5X425-4Z4-FA-2812,ptz,Dual 4MP (4MP panorama + 4MP 25x PTZ),8,"Dual 1/1.8"" CMOS (panorama + PTZ)",99.2-45.8 (panorama) / 58-3.5 (detail),hybrid,IP67,IK10,true,,0
dahua-sdt5x425-4z4-fajg-2812,Dahua,SDT5X425-4Z4-FAJG-2812,ptz,Dual 4MP (4x panorama + 25x PTZ detail),8,"Dual 1/1.8"" CMOS (4MP panorama + 4MP PTZ)",99.2-45.8 H (panorama) / 58-3.5 H (detail),hybrid,IP67,IK10,false,,0
dahua-sdt5x425-4z4-fajg-pv-0832,Dahua,SDT5X425-4Z4-FAJG-PV-0832,ptz,Dual 4MP (4MP panorama + 4MP 25x PTZ),8,"Dual 1/1.8"" CMOS (panorama + PTZ)",42-15 horizontal (panorama) / 58-3.5 (PTZ),hybrid,IP67,IK10,false,,0
dahua-sdt6e425-8p-mb-a-pv1,Dahua,SDT6E425-8P-MB-A-PV1,ptz,8MP panorama + 4MP 25x PTZ,12,"1/2.7"" panorama + 1/2.8"" PTZ CMOS",180 horizontal (panoramic) / 51.9-3.0 (PTZ),hybrid,IP67,IK10,false,,0
dahua-sdt6e432-8p-mb-a-pv1,Dahua,SDT6E432-8P-MB-A-PV1,ptz,8MP panorama + 4MP 32x PTZ,12,"1/2.7"" 8MP panorama + 1/2.8"" 4MP PTZ CMOS",180 (panorama) / 55.8-2.3 (detail),hybrid,IP67,IK10,true,,0
dahua-sdt8c842-8p-fa-apv-0280,Dahua,SDT8C842-8P-FA-APV-0280,ptz,Dual 8MP (panorama + 4K detail),16,"Dual 1/1.8"" CMOS",200 (panorama) / 61.8-2.2 (detail),hybrid,IP67,,false,,0
dahua-sdz4032-hnr-zb,Dahua,SDZ4032-HNR-ZB,ptz,4MP,4,"1/2.8"" CMOS",H: 55.8-2.3; V: 31.9-1.3; D: 63.7-2.7,ir,,,false,,0
dallmeier-ddf6050dn-fl,Dallmeier,DDF6050DN-FL Picoline,dome,5MP,5,,,ir,IP66,,,,0
dallmeier-ddf6050dn-vl,Dallmeier,DDF6050DN-VL Picoline,dome,5MP,5,,,ir,IP66,,,,0
dallmeier-panomera-s4-33-12-stadium,Dallmeier,Panomera S4 33/12 Stadium,panoramic,33MP,33,,12,none,IP69,,,,0
dallmeier-panomera-s4-33-13-dn-stadium,Dallmeier,Panomera S4 33/13 DN Stadium,panoramic,33MP,33,,13,none,IP69,,,,0
dallmeier-panomera-s4-33-19-dn-stadium,Dallmeier,Panomera S4 33/19 DN Stadium,panoramic,33MP,33,,19,none,IP69,,,,0
dallmeier-panomera-s4-33-20-dn-stadium,Dallmeier,Panomera S4 33/20 DN Stadium,panoramic,33MP,33,,20,none,IP69,,,,0
dallmeier-panomera-s4-33-27-dn-stadium,Dallmeier,Panomera S4 33/27 DN Stadium,panoramic,33MP,33,,27,none,IP69,,,,0
dallmeier-panomera-s4-33-29-dn-stadium,Dallmeier,Panomera S4 33/29 DN Stadium,panoramic,33MP,33,,29,none,IP69,,,,0
dallmeier-panomera-s4-33-41-dn-stadium,Dallmeier,Panomera S4 33/41 DN Stadium,panoramic,33MP,33,,41,none,IP69,,,,0
dallmeier-panomera-s4-70-15-dn-area,Dallmeier,Panomera S4 70/15 DN Area,panoramic,70 MPe,70,,15,none,IP69,,,,0
dallmeier-panomera-s4-70-30-dn-area,Dallmeier,Panomera S4 70/30 DN Area,panoramic,70 MPe,70,,30,none,IP69,,,,0
dallmeier-panomera-s8-145-45-dn-area,Dallmeier,Panomera S8 145/45 DN Area,panoramic,145 MPe,145,,45,none,IP69,,,,0
dallmeier-panomera-s8-192-30-dn-area,Dallmeier,Panomera S8 192/30 DN Area,panoramic,192 MPe,192,,30,none,IP69,,,,0
dallmeier-panomera-s8-304-22-dn-area,Dallmeier,Panomera S8 304/22 DN Area,panoramic,304 MPe,304,,22,none,IP69,,,,0
dallmeier-panomera-s8-66-13-stadium,Dallmeier,Panomera S8 66/13 Stadium,panoramic,66MP,66,,180,none,IP69,,,,0
dallmeier-panomera-s8-66-20-dn-stadium,Dallmeier,Panomera S8 66/20 DN Stadium,panoramic,66MP,66,,180,none,IP69,,,,0
dallmeier-panomera-s8-66-29-dn-stadium,Dallmeier,Panomera S8 66/29 DN Stadium,panoramic,66MP,66,,180,none,IP69,,,,0
dallmeier-panomera-s8-66-30-dn-stadium,Dallmeier,Panomera S8 66/30 DN Stadium,panoramic,66MP,66,,30,none,IP69,,,,0
dallmeier-panomera-s8-66-41-dn-stadium,Dallmeier,Panomera S8 66/41 DN Stadium,panoramic,66MP,66,,41,none,IP69,,,,0
dallmeier-panomera-s8-66-45-dn-stadium,Dallmeier,Panomera S8 66/45 DN Stadium,panoramic,66MP,66,,45,none,IP69,,,,0
dallmeier-panomera-s8-66-61-dn-stadium,Dallmeier,Panomera S8 66/61 DN Stadium,panoramic,66MP,66,,61,none,IP69,,,,0
dallmeier-panomera-s8-74-90-dn-area,Dallmeier,Panomera S8 74/90 DN Area,panoramic,74 MPe,74,,90,none,IP69,,,,0
dallmeier-panomera-v8-150-180-dn,Dallmeier,Panomera V8 150/180 DN,panoramic,150 MPe,150,,180,none,IP69,,,,0
dallmeier-panomera-w4-45-180-dn-area,Dallmeier,Panomera W4 45/180 DN Area,panoramic,45 MPe,45,,180,none,IP69,,,,0
dallmeier-panomera-w8-95-360-dn-area,Dallmeier,Panomera W8 95/360 DN Area,panoramic,95 MPe,95,,360,none,IP69,,,,0
dallmeier-rdf6120dn,Dallmeier,RDF6120DN,dome,2MP,2,,,ir,,,,,0
dallmeier-rdf6140dn,Dallmeier,RDF6140DN,dome,5MP,5,,,ir,,,,,0
dallmeier-rdf6400dn,Dallmeier,RDF6400DN,dome,4MP,4,,,ir,,,,,0
dallmeier-rdf6800dn,Dallmeier,RDF6800DN,dome,4K,8,,,ir,,,,,0
dallmeier-sdf6800dn,Dallmeier,SDF6800DN,fisheye,8MP,8,,360,ir,IP55,,,,0
digital-watchdog-dwc-mb45ialprtx,Digital Watchdog,DWC-MB45iALPRTX,box,5MP,5,"1/2.8"" CMOS",40.8-6.9,ir,IP66,IK09,true,2026,0
digital-watchdog-dwc-mb45wi650tw,Digital Watchdog,DWC-MB45Wi650TW,bullet,5MP,5,"1/2.8"" 5MP CMOS","H: 6.9-40.8, V: 5.2-30.2",ir,IP66,,true,2024,0
digital-watchdog-dwc-mb45wiatx,Digital Watchdog,DWC-MB45WiATX,bullet,5MP,5,"1/2.8"" CMOS","H: 31-85, V: 24-62",ir,IP66,,true,2026,0
digital-watchdog-dwc-mb48wiatw,Digital Watchdog,DWC-MB48WiATW,bullet,4K,8.3,"1/2.8"" CMOS","H: 33.1-90.3, V: 18.9-49",ir,IP67,IK10,true,2026,0
digital-watchdog-dwc-mb62divtw,Digital Watchdog,DWC-MB62DiVTW,bullet,1080p,2.1,,"H: 89.6-27, V: 49.9-15.2",ir,IP66,,,2022,0
digital-watchdog-dwc-mb72wi4tw,Digital Watchdog,DWC-MB72Wi4TW,bullet,1080p,2.1,"1/2.8"" Progressive Scan CMOS","86 (H), 46 (V)",ir,IP67,,,2025,0
digital-watchdog-dwc-mb75wi4tw,Digital Watchdog,DWC-MB75Wi4TW,bullet,5MP,5,"1/2.8"" CMOS",82.3 H / 58.8 V,ir,IP67,IK10,,2024,0
digital-watchdog-dwc-mb75wi4twdmp,Digital Watchdog,DWC-MB75Wi4TWDMP,bullet,4MP,4,"1/2.8"" CMOS",82.3 H / 58.8 V,ir,IP67,,false,,0
digital-watchdog-dwc-mb95wi28tw,Digital Watchdog,DWC-MB95Wi28TW,bullet,5MP,5,"1/2.7"" CMOS",98.5,ir,IP67,,false,2025,0
digital-watchdog-dwc-mb95wi36tw,Digital Watchdog,DWC-MB95Wi36TW,bullet,5MP,5,"1/2.7"" CMOS",98.5,ir,IP67,,false,2025,0
digital-watchdog-dwc-mbw8wi2tx,Digital Watchdog,DWC-MBW8Wi2TX,bullet,4K,8,"1/1.8"" CMOS",175H / 80V,ir,IP67,,true,,0
digital-watchdog-dwc-mf2wi28tw,Digital Watchdog,DWC-MF2Wi28TW,dome,1080p,2.1,"1/2.8"" CMOS",111,ir,IP66,IK10,true,2025,0
digital-watchdog-dwc-mf2wi4tw,Digital Watchdog,DWC-MF2Wi4TW,dome,1080p,2.1,"1/2.8"" CMOS",86,ir,IP66,IK10,true,2025,0
digital-watchdog-dwc-mf2wi4twdmp,Digital Watchdog,DWC-MF2Wi4TWDMP,dome,1080p,2.1,"1/2.8"" CMOS",86,ir,IP66,IK10,false,2021,0
digital-watchdog-dwc-mf5wi4tw,Digital Watchdog,DWC-MF5Wi4TW,turret,5MP,5,"1/2.8"" CMOS",82.3,hybrid,IP66,IK10,true,2025,0
digital-watchdog-dwc-mf5wi4twdmp,Digital Watchdog,DWC-MF5Wi4TWDMP,dome,4MP,4,"1/2.8"" CMOS",82.3,ir,IP66,IK10,false,2021,0
digital-watchdog-dwc-mf5wi6tw,Digital Watchdog,DWC-MF5Wi6TW,turret,5MP,5,"1/2.8"" CMOS",51.9,hybrid,IP66,IK10,true,2025,0
digital-watchdog-dwc-mf5wi8tw,Digital Watchdog,DWC-MF5Wi8TW,turret,5MP,5,"1/2.8"" CMOS",37.8,hybrid,IP66,IK10,true,2025,0
digital-watchdog-dwc-mpb45wi650tw,Digital Watchdog,DWC-MPB45Wi650TW,bullet,5MP,5,"1/2.8"" CMOS",40.8-6.9H x 30.2-5.2V,ir,IP66,IK09,true,2026,0
digital-watchdog-dwc-mpf2wi28tw,Digital Watchdog,DWC-MPF2Wi28TW,dome,1080p,2.1,"1/2.8"" CMOS",111,ir,IP66,IK10,true,2025,0
digital-watchdog-dwc-mpf2wi4tw,Digital Watchdog,DWC-MPF2Wi4TW,dome,1080p,2.1,"1/2.8"" CMOS",86,ir,IP66,IK10,true,2025,0
digital-watchdog-dwc-mpf5wi4tw,Digital Watchdog,DWC-MPF5Wi4TW,turret,5MP,5,"1/2.8"" CMOS",82.3,hybrid,IP66,IK10,true,2025,0
digital-watchdog-dwc-mpf5wi6tw,Digital Watchdog,DWC-MPF5Wi6TW,turret,5MP,5,"1/2.8"" CMOS",51.9,hybrid,IP66,IK10,true,2025,0
digital-watchdog-dwc-mpf5wi8tw,Digital Watchdog,DWC-MPF5Wi8TW,turret,5MP,5,"1/2.8"" CMOS",37.8,hybrid,IP66,IK10,true,2025,0
digital-watchdog-dwc-mptz20x,Digital Watchdog,DWC-MPTZ20X,ptz,1080p,2.1,"1/2.8"" Progressive Scan CMOS",,none,IP66,,true,,0
digital-watchdog-dwc-mpv72wi28atw,Digital Watchdog,DWC-MPV72Wi28ATW,dome,1080p,2.1,"1/2.8"" CMOS",111H x 62V,ir,IP67,IK10,false,2025,0
digital-watchdog-dwc-mpv72wi28tw,Digital Watchdog,DWC-MPV72Wi28TW,dome,1080p,2.1,"1/2.8"" CMOS",111H x 62V,ir,IP67,IK10,false,2023,0
digital-watchdog-dwc-mpv75wi28tw,Digital Watchdog,DWC-MPV75Wi28TW,dome,5MP,5,"1/2.8"" CMOS",102.4H x 37.6V,ir,IP67,IK10,false,2025,0
digital-watchdog-dwc-mt95wi28tw,Digital Watchdog,DWC-MT95Wi28TW,turret,5MP,5,"1/2.7"" CMOS",98.5H,ir,IP67,IK10,false,2025,0
digital-watchdog-dwc-mt95wi36tw,Digital Watchdog,DWC-MT95Wi36TW,turret,5MP,5,"1/2.7"" CMOS",81.4H,ir,IP67,IK10,false,2025,0
digital-watchdog-dwc-mt95wiatw,Digital Watchdog,DWC-MT95WiATW,turret,5MP,5,"1/2.7"" CMOS",95.1-30 (H),ir,IP67,,,2025,0
digital-watchdog-dwc-mt95ww28tw,Digital Watchdog,DWC-MT95WW28TW,turret,5MP,5,"1/2.7"" CMOS",94.8,color,IP67,IK10,true,2025,0
digital-watchdog-dwc-mv72di28t,Digital Watchdog,DWC-MV72Di28T,dome,1080p,2.1,"1/2.9"" CMOS",109 H / 53.2 V,ir,IP67,IK10,,2021,0
digital-watchdog-dwc-mv72di4tw,Digital Watchdog,DWC-MV72Di4TW,dome,1080p,2.1,"1/2.9"" CMOS","84 H, 46 V",ir,IP67,IK10,,2021,0
digital-watchdog-dwc-mv72wi28atw,Digital Watchdog,DWC-MV72Wi28ATW,dome,1080p,2.1,"1/2.8"" CMOS",111H x 62V,ir,IP67,IK10,false,2025,0
digital-watchdog-dwc-mv72wi28tw,Digital Watchdog,DWC-MV72Wi28TW,dome,1080p,2.1,"1/2.8"" CMOS",111H x 62V,ir,IP67,IK10,false,2025,0
digital-watchdog-dwc-mv75wi28tw,Digital Watchdog,DWC-MV75Wi28TW,dome,5MP,5,"1/2.8"" CMOS",102.4H x 37.6V,ir,IP67,IK10,false,2025,0
digital-watchdog-dwc-mv95wi28tw,Digital Watchdog,DWC-MV95Wi28TW,dome,5MP,5,"1/2.7"" CMOS",98.5,ir,IP67,IK10,false,2021,0
digital-watchdog-dwc-mv95wi36tw,Digital Watchdog,DWC-MV95Wi36TW,dome,5MP,5,"1/2.7"" CMOS",81.4,ir,IP67,IK10,false,2021,0
digital-watchdog-dwc-mv95wiatw,Digital Watchdog,DWC-MV95WiATW,dome,5MP,5,"1/2.7"" CMOS",95.1-30,ir,IP67,IK10,true,2021,0
digital-watchdog-dwc-pds10wi28a,Digital Watchdog,DWC-PDS10Wi28A,dual-lens,10MP (2x5MP),10,"1/2.8"" Progressive Scan CMOS (x2)",102.4 H / 77.4 V (per lens),ir,IP67,IK10,true,2026,0
digital-watchdog-dwc-pvx20watx,Digital Watchdog,DWC-PVX20WATX,dome,20MP (4x 5MP),20,"4x 1/2.8"" CMOS",4x 51-93H x 4x 39-68V,color,IP67,IK10,true,2021,0
digital-watchdog-dwc-vsbd04bi,Digital Watchdog,DWC-VSBD04Bi,bullet,4MP,4,"1/3"" CMOS",94 H / 50 V,ir,IP67,IK10,false,2025,0
digital-watchdog-dwc-vsbd04mi,Digital Watchdog,DWC-VSBD04Mi,bullet,4MP,4,"1/3"" CMOS","H: 92-31, V: 48-17.2",ir,IP67,IK10,false,2025,0
digital-watchdog-dwc-vsdg04bi,Digital Watchdog,DWC-VSDG04Bi,panoramic,4MP,4,"1/3"" CMOS (x4)",94x50,ir,IP67,IK10,false,2024,0
digital-watchdog-dwc-vsdg04mi,Digital Watchdog,DWC-VSDG04Mi,dome,4MP,4,"1/3"" CMOS","92-31 (H), 48-17.2 (V)",ir,IP67,IK10,false,2025,0
digital-watchdog-dwc-vstb04bi,Digital Watchdog,DWC-VSTB04Bi,turret,4MP,4,"1/3"" CMOS",94 (H) x 50 (V),ir,IP67,IK10,true,2024,0
digital-watchdog-dwc-vstb04bib,Digital Watchdog,DWC-VSTB04BiB,bullet,4MP,4,"1/3"" CMOS",94 (H) x 50 (V),ir,IP67,IK10,false,2025,0
digital-watchdog-dwc-vstb04mi,Digital Watchdog,DWC-VSTB04Mi,turret,4MP,4,"1/3"" CMOS","H: 92-31, V: 48-17.2",ir,IP67,IK10,false,2025,0
digital-watchdog-dwc-xdbj10mi,Digital Watchdog,DWC-XDBJ10Mi,dual-lens,5MP,5,"1/2.8"" Progressive Scan CMOS (x2)","H: 98.3-31.6, V: 23.5-70.8",ir,IP67,IK10,true,2026,0
digital-watchdog-dwc-xffa12ai,Digital Watchdog,DWC-XFFA12Ai,fisheye,12MP,12,"1/2.3"" CMOS Star-Light Plus",185,ir,IP67,IK10,true,2026,0
digital-watchdog-dwc-xffa12aic1,Digital Watchdog,DWC-XFFA12AiC1,fisheye,12MP,12,"1/2.3"" CMOS Star-Light Plus",185,ir,IP67,IK10,true,2026,0
digital-watchdog-dwc-xmdf32h,Digital Watchdog,DWC-XMDF32H,panoramic,32MP,32,"4x 1/1.8"" 8.48MP Star-Light Plus CMOS",180,none,IP67,IK10,false,2026,0
digital-watchdog-dwc-xmds20mi,Digital Watchdog,DWC-XMDS20Mi,panoramic,20MP,20,"4x 1/2.8"" 5.69MP Star-Light Plus Progressive Scan CMOS",51-93 (H) x 39-68 (V) per sensor,ir,IP67,IK10,true,,0
digital-watchdog-dwc-xpza03mi,Digital Watchdog,DWC-XPZA03Mi,ptz,3MP,3,"1/1.8"" CMOS",64.1-1.6,ir,IP66,IK10,true,2023,0
digital-watchdog-dwc-xpza08mi,Digital Watchdog,DWC-XPZA08Mi,ptz,4K,8,"1/1.8"" CMOS","64.1-1.6 (H), 33.4-0.83 (V)",ir,IP66,IK10,true,2023,0
digital-watchdog-dwc-xsba05lip,Digital Watchdog,DWC-XSBA05LiP,bullet,5MP,5,"1/2.8"" Progressive Scan CMOS","H: 40.8-6.9, V: 5.2-30.2",ir,IP67,IK10,true,2026,0
digital-watchdog-dwc-xsba05lipc1,Digital Watchdog,DWC-XSBA05LiPC1,bullet,5MP,5,"1/2.8"" Progressive Scan CMOS Star-Light Plus","H: 6.9-40.8, V: 5.2-30.2",ir,IP67,IK10,true,2026,0
digital-watchdog-dwc-xsba08mi,Digital Watchdog,DWC-XSBA08Mi,bullet,4K,8,"1/2.8"" CMOS","H: 90.3-33.1, V: 18.9-49",ir,IP67,IK10,true,2026,0
digital-watchdog-dwc-xsba08mic1,Digital Watchdog,DWC-XSBA08MiC1,bullet,4K,8,"1/2.8"" Progressive Scan CMOS","H: 90.3-33.1, V: 18.9-49",ir,IP67,IK10,true,2026,0
digital-watchdog-dwc-xsbc08bi,Digital Watchdog,DWC-XSBC08Bi,bullet,4K,8.3,"1/1.8"" Progressive Scan CMOS","175 (H), 80 (V)",ir,IP67,IK09,true,2026,0
digital-watchdog-dwc-xsbc08bic1,Digital Watchdog,DWC-XSBC08BiC1,bullet,4K,8,"8MP 1/1.8"" CMOS Star-Light Plus",175 (H) x 80 (V),ir,IP67,IK09,true,2026,0
digital-watchdog-dwc-xsbe05li,Digital Watchdog,DWC-XSBE05Li,bullet,5MP,5,"1/2.8"" CMOS","H: 7.7-46.2, V: 5.7-34.1",ir,IP67,IK10,true,2026,0
digital-watchdog-dwc-xsbe05mi,Digital Watchdog,DWC-XSBE05Mi,bullet,5MP,5,"1/2.8"" Progressive Scan CMOS","98.3-31.6 (H), 23.5-70.8 (V)",ir,IP67,IK10,true,,0
digital-watchdog-dwc-xsbf08lif,Digital Watchdog,DWC-XSBF08LiF,bullet,4K,8,"1/2.8"" CMOS (Star-Light Plus)","49.3-18.1 (H), 10.2-24.3 (V)",ir,IP66,IK10,true,2026,0
digital-watchdog-dwc-xsbj08mi,Digital Watchdog,DWC-XSBJ08Mi,bullet,4K,8,"1/2.8"" Progressive Scan CMOS","90.3-33.1 (H), 18.9-49 (V)",ir,IP67,IK10,false,2026,0
digital-watchdog-dwc-xstd05mi,Digital Watchdog,DWC-XSTD05Mi,turret,5MP,5,"1/2.8"" CMOS",98.3H to 31.6H (varifocal),ir,IP67,IK10,,2026,0
digital-watchdog-dwc-xstd08mf,Digital Watchdog,DWC-XSTD08MF,turret,4K,8,"1/1.8"" CMOS",98.4-45.7H x 54.6-25.9V,color,IP67,IK10,true,2026,0
digital-watchdog-dwc-xswa08bi,Digital Watchdog,DWC-XSWA08Bi,panoramic,4K,8.3,"1/1.8"" Progressive Scan CMOS",175x80,ir,IP67,IK10,true,2025,0
digital-watchdog-dwc-xtbg05dit,Digital Watchdog,DWC-XTBG05DiT,dual-lens,5MP,5,5.69M CMOS,82.3 H / 58.8 V (visible); 56 H / 42 V (thermal),ir,IP66,IK09,true,2026,0
dits-vision-dv-2346-bwf,DITS Vision,DV-2346-BWF,bullet,1080P,2,"1/2.7"" Progressive Scan CMOS",,ir,IP66,,true,,0
dits-vision-dv-a22-smd2b,DITS Vision,DV-A22-SMD2B,bullet,1080p,2,"1/2.7"" Progressive Scan CMOS",,ir,IP66,,,,0
dits-vision-dv-a22-smd2b6,DITS Vision,DV-A22-SMD2B6,bullet,1080p,2,"1/2.7"" Progressive Scan CMOS",,ir,IP66,,,,0
dits-vision-dv-a22-smd2d,DITS Vision,DV-A22-SMD2D,dome,1080p,2,"1/2.7"" Progressive Scan CMOS",,ir,,,,,0
dits-vision-dv-a30-wf2b,DITS Vision,DV-A30-WF2B,bullet,1080p,2,"1/2.7"" Progressive Scan CMOS",,color,IP66,,,,0
dits-vision-dv-a30-wf2d,DITS Vision,DV-A30-WF2D,dome,1080p,2,"1/2.7"" Progressive Scan CMOS",,color,,,,,0
dits-vision-dv-a33-os2b,DITS Vision,DV-A33-OS2B,bullet,1080p,2,"1/2.7"" Progressive Scan CMOS",,ir,IP66,,,,0
dits-vision-dv-a33-os2b8,DITS Vision,DV-A33-OS2B8,bullet,1080p,2,"1/2.7"" Progressive Scan CMOS",,ir,IP66,,,,0
dits-vision-dv-a33-os2d,DITS Vision,DV-A33-OS2D,dome,1080p,2,"1/2.7"" Progressive Scan CMOS",,ir,,,,,0
dits-vision-dv-cap960,DITS Vision,DV-CAP960,ptz,960P,1.3,,,ir,,,true,,0
dits-vision-dv-k3-m5b,DITS Vision,DV-K3-M5B,bullet,5MP,5,"1/2.7"" Progressive Scan CMOS",,ir,IP66,,,,0
dits-vision-dv-k3-m5b8,DITS Vision,DV-K3-M5B8,bullet,5MP,5,"1/2.7"" Progressive Scan CMOS",,ir,IP66,,,,0
dits-vision-dv-k3-sm5d,DITS Vision,DV-K3-SM5D,dome,5MP,5,"1/2.7"" Progressive Scan CMOS",,ir,,,,,0
dits-vision-dv-k30-wf5b,DITS Vision,DV-K30-WF5B,bullet,5MP,5,"1/2.7"" Progressive Scan CMOS",,color,IP66,,,,0
dits-vision-dv-k30-wf5d,DITS Vision,DV-K30-WF5D,dome,5MP,5,"1/2.7"" Progressive Scan CMOS",,color,,,,,0
dits-vision-dv-k5-os5b,DITS Vision,DV-K5-OS5B,bullet,5MP,5,"1/2.7"" Progressive Scan CMOS",,ir,IP66,,,,0
dits-vision-dv-k5-os5d,DITS Vision,DV-K5-OS5D,dome,5MP,5,"1/2.7"" Progressive Scan CMOS",,ir,,,,,0
dits-vision-dv-k5-sm5b6,DITS Vision,DV-K5-SM5B6,bullet,5MP,5,"1/2.7"" Progressive Scan CMOS",,ir,IP66,,,,0
dits-vision-dv-n790-hd,DITS Vision,DV-N790-HD,ptz,1080P,2,,,ir,,,true,,0
dits-vision-dv-pn180-mini,DITS Vision,DV-PN180-MINI,fisheye,960P,1.3,,,ir,,,true,,0
dits-vision-dv-pn360f,DITS Vision,DV-PN360F,fisheye,1080P,2,,,ir,,,true,,0
dits-vision-dvc-3623-op,DITS Vision,DVC-3623-OP,ptz,1080P,2,,,ir,IP66,,true,,0
dits-vision-dvc-4053-b4p,DITS Vision,DVC-4053-B4P,bullet,4MP,4,"1/2.9"" Progressive Scan CMOS",,ir,IP66,,,,0
dits-vision-dvc-4053-d4p,DITS Vision,DVC-4053-D4P,dome,4MP,4,"1/2.9"" Progressive Scan CMOS",,ir,,,,,0
dits-vision-dvc-535-b3p,DITS Vision,DVC-535-B3P,bullet,3MP,3,"1/2.9"" Progressive Scan CMOS",,ir,IP66,,,,0
dits-vision-dvc-535-d3p,DITS Vision,DVC-535-D3P,dome,3MP,3,"1/2.9"" Progressive Scan CMOS",,ir,,,,,0
dits-vision-dvc-535-wf3b-pm,DITS Vision,DVC-535-WF3B/PM,bullet,3MP,3,"1/2.9"" Progressive Scan CMOS",,color,IP66,,false,,0
dits-vision-dvc-535-wf3d-pm,DITS Vision,DVC-535-WF3D/PM,dome,3MP,3,"1/2.9"" Progressive Scan CMOS",,color,,,false,,0
dits-vision-dvc-hs4053-wf4b-pm,DITS Vision,DVC-HS4053-WF4B/PM,bullet,4MP,4,"1/2.9"" Progressive Scan CMOS",,color,IP66,,false,,0
dits-vision-dvc-hs4053-wf4d-pm,DITS Vision,DVC-HS4053-WF4D/PM,dome,4MP,4,"1/2.9"" Progressive Scan CMOS",,color,,,false,,0
dits-vision-dvc-s05-b5p,DITS Vision,DVC-S05-B5P,bullet,5MP,5,"1/2.9"" Progressive Scan CMOS",,ir,IP66,,,,0
dits-vision-dvc-s05-d5p,DITS Vision,DVC-S05-D5P,dome,5MP,5,"1/2.9"" Progressive Scan CMOS",,ir,,,,,0
dits-vision-dvc-s05-wf5b-pm,DITS Vision,DVC-S05-WF5B/PM,bullet,5MP,5,"1/2.9"" Progressive Scan CMOS",,color,IP66,,false,,0
dits-vision-dvc-s05-wf5d-pm,DITS Vision,DVC-S05-WF5D/PM,dome,5MP,5,"1/2.9"" Progressive Scan CMOS",,color,,,false,,0
eagle-eye-networks-db10,Eagle Eye Networks,DB10,bullet,4MP,4,"1/2.8"" progressive scan CMOS",98.7 H / 53.3 V,ir,IP67,,,,0
eagle-eye-networks-db11,Eagle Eye Networks,DB11,bullet,4MP,4,"1/2.8"" progressive scan CMOS",34.3-103,ir,IP67,IK10,,,0
eagle-eye-networks-db12,Eagle Eye Networks,DB12,bullet,8MP,8,"1/2.8"" progressive scan CMOS",102 H / 55.6 V,ir,IP67,,,,0
eagle-eye-networks-db13,Eagle Eye Networks,DB13,bullet,8MP,8,"1/2.8"" progressive scan CMOS",103-34 H / 55-34 V,ir,IP67,,,,0
eagle-eye-networks-db14,Eagle Eye Networks,DB14,bullet,4MP,4,"1/1.8"" progressive scan CMOS",,ir,IP66,IK10,true,,0
eagle-eye-networks-dd07,Eagle Eye Networks,DD07,dome,4MP,4,"1/2.8"" progressive scan CMOS",100,ir,IP67,IK10,,,0
eagle-eye-networks-dd08,Eagle Eye Networks,DD08,dome,4MP,4,"1/2.8"" progressive scan CMOS",34.3-103,ir,IP66,IK10,,,0
eagle-eye-networks-dd09,Eagle Eye Networks,DD09,dome,4MP,4,"1/3"" progressive scan CMOS",34.3-103,ir,IP66,IK10,true,,0
eagle-eye-networks-dd10,Eagle Eye Networks,DD10,dome,8MP,8,"1/2.8"" progressive scan CMOS","H: 102, V: 55.6",ir,IP67,IK10,,,0
eagle-eye-networks-dd11,Eagle Eye Networks,DD11,dome,8MP,8,"1/2.5"" progressive scan CMOS",35-108.6,ir,IP66,IK10,,,0
eagle-eye-networks-df04,Eagle Eye Networks,DF04,fisheye,12MP,12,"1/1.7"" progressive scan CMOS",180 x 180,ir,IP66,,true,,0
eagle-eye-networks-dm08,Eagle Eye Networks,DM08,dome,4MP,4,"1/3"" progressive scan CMOS",100,ir,IP66,IK08,,,0
eagle-eye-networks-dt01,Eagle Eye Networks,DT01,turret,4MP,4,"1/2.8"" progressive scan CMOS",,ir,IP66,,,,0
eagle-eye-networks-dt02,Eagle Eye Networks,DT02,turret,4MP,4,"1/2.8"" progressive scan CMOS",,ir,IP66,,true,,0
eagle-eye-networks-dt03,Eagle Eye Networks,DT03,turret,4MP,4,"1/1.8"" progressive scan CMOS",,ir,IP66,,true,,0
eagle-eye-networks-dx01,Eagle Eye Networks,DX01,panoramic,8MP,8,"Dual 1/2.8"" progressive scan CMOS",180 stitched,,IP66,,true,,0
eagle-eye-networks-dx02,Eagle Eye Networks,DX02,panoramic,20MP (4 x 5MP),20,"4 x 1/2.8"" progressive scan CMOS",360 panoramic,ir,IP67,IK10,true,,0
eagle-eye-networks-dz05,Eagle Eye Networks,DZ05,ptz,5MP,5,"1/2.7"" progressive scan CMOS",355 pan / -20 to +90 tilt,ir,IP66,,true,,0
eagle-eye-networks-dz06,Eagle Eye Networks,DZ06,ptz,5MP,5,"1/2.8"" progressive scan CMOS",355 pan / -20 to +90 tilt,ir,IP66,,true,,0
eagle-eye-networks-pb01,Eagle Eye Networks,PB01,bullet,4MP (2560×1440),4,"1/2.7"" Progressive Scan CMOS","133 diagonal, 111 horizontal, 59 vertical",ir,IP66,IK10,,,0
eagle-eye-networks-pb02,Eagle Eye Networks,PB02,bullet,4MP (2560×1440),4,"1/2.7"" Progressive Scan CMOS","136-37 diagonal, 111-32 horizontal, 57-18 vertical",ir,IP67,IK10,,,0
eagle-eye-networks-pd01,Eagle Eye Networks,PD01,dome,4MP (2560×1440),4,"1/2.7"" Progressive Scan CMOS","133 diagonal, 111 horizontal, 59 vertical",ir,IP66,IK10,,,0
eagle-eye-networks-pd02,Eagle Eye Networks,PD02,dome,4MP (2560×1440),4,"1/2.7"" Progressive Scan CMOS","136–37 diagonal, 111–32 horizontal, 57–18 vertical",ir,IP66,IK10,,,0
eagle-eye-networks-pt01,Eagle Eye Networks,PT01,turret,4MP (2560×1440),4,"1/2.7"" Progressive Scan CMOS","133 diagonal, 111 horizontal, 59 vertical",ir,IP66,IK10,,,0
eagle-eye-networks-pt02,Eagle Eye Networks,PT02,turret,4MP (2560×1440),4,"1/2.7"" Progressive Scan CMOS","136–37 diagonal, 111–32 horizontal, 57–18 vertical",ir,IP66,IK10,,,0
eneo-inb-52m2812m0a,eneo,INB-52M2812M0A,bullet,1080p,2,"1/2.8"" Sony STARVIS IMX307",101 - 33,ir,IP67,,true,,0
eneo-inb-55m2713m0a,eneo,INB-55M2713M0A,bullet,5MP,5,"1/2.7"" OmniVision OS05A20",102 - 31,ir,IP67,,true,,0
eneo-inb-58f0002m0pa,eneo,INB-58F0002M0PA,panoramic,4K,8,"1/2.8"" Sony IMX415",180,hybrid,IP67,,,,0
eneo-inb-58m2713m0a,eneo,INB-58M2713M0A,bullet,4K,8,"1/2.8"" Sony STARVIS IMX415",111 - 33,ir,IP67,,true,,0
eneo-inb-65m2812mfa,eneo,INB-65M2812MFA,bullet,5MP,5,"1/2.7"" SmartSens SC500AI",112.6 - 35.4,hybrid,IP67,,true,,0
eneo-inb-68m2812mfa,eneo,INB-68M2812MFA,bullet,4K,8,"1/2.8"" Sony STARVIS IMX415",107 - 34,hybrid,IP67,,true,,0
eneo-inb-75m0550m0a,eneo,INB-75M0550M0A,bullet,5MP,5,"1/2.7"" OmniVision OS05A20",45 - 7,ir,IP67,,true,,0
eneo-inb-78m0550m0a,eneo,INB-78M0550M0A,bullet,4K,8,"1/2.8"" Sony STARVIS IMX415",49 - 7,ir,IP67,,true,,0
eneo-ind-32f0016p0a,eneo,IND-32F0016P0A,dome,12MP,12,"1/2.3"" OmniVision",360,ir,IP66,,true,,0
eneo-ind-42m2808m0a,eneo,IND-42M2808M0A,dome,1080p,2,"1/2.8"" Sony STARVIS IMX307",107 - 45,ir,IP66,IK10,true,,0
eneo-ind-45f0022m0a,eneo,IND-45F0022M0A,dome,5MP,5,"1/2.7"" SmartSens SC500AI",156,ir,IP66,,,,0
eneo-ind-55m2812mta,eneo,IND-55M2812MTA,dome,5MP,5,"1/2.7"" SmartSens SC500AI",113-35,hybrid,IP67,,true,,0
eneo-ind-58f0028mtla,eneo,IND-58F0028MTLA,turret,4K,8,"1/1.8"" Sony IMX678 CMOS",112,color,IP67,,true,,0
eneo-ind-58m2812mta,eneo,IND-58M2812MTA,dome,4K,8,"1/2.8"" Sony STARVIS IMX415",107-34,hybrid,IP67,,true,,0
eneo-ind-62m2812m0a,eneo,IND-62M2812M0A,dome,1080p,2,"1/2.8"" Sony STARVIS IMX307",101-33,ir,IP67,IK10,true,,0
eneo-ind-65m2713m0a,eneo,IND-65M2713M0A,dome,5MP,5,"1/2.7"" OmniVision OS05A20",102 - 31,ir,IP67,IK10,true,,0
eneo-ind-65m2812mfa,eneo,IND-65M2812MFA,dome,5MP,5,"1/2.7"" SmartSens SC500AI",112.6 - 35.4,hybrid,IP67,IK10,true,,0
eneo-ind-68m2713m0a,eneo,IND-68M2713M0A,dome,4K,8,"1/2.8"" Sony STARVIS IMX415",111 - 33,ir,IP67,IK10,true,,0
eneo-ind-68m2812mfa,eneo,IND-68M2812MFA,dome,4K,8,"1/2.8"" Sony STARVIS IMX415",107 - 34,hybrid,IP67,IK10,true,,0
eneo-inm-78m2812m0a,eneo,INM-78M2812M0A,panoramic,4x 4K (32MP total),32,"1/1.8"" progressive scan CMOS (x4)",360,hybrid,IP67,IK10,true,,0
eneo-inp-54m2812m0a,eneo,INP-54M2812M0A,ptz,4MP,4,"1/1.8"" SmartSens SC4210",114.6 - 48.3,ir,IP66,IK10,true,,0
eneo-inp-58m2812m0a,eneo,INP-58M2812M0A,ptz,4K,8,"1/2.7"" SmartSens SC8238",113 - 31.4,ir,IP66,,true,,0
eneo-inp-72a0018mia,eneo,INP-72A0018MIA,ptz,1080p,2,"1/2.7"" SmartSens SC200AI",53.3 - 3.8,ir,IP66,,true,,0
eneo-inp-75a0033mia,eneo,INP-75A0033MIA,ptz,5MP,5,"1/2.7"" OmniVision OS05A20",55 - 2.3,ir,IP66,,true,,0
eneo-inp-75a0033mib,eneo,INP-75A0033MIB,ptz,5MP,5,"1/2.7"" OmniVision OS05A20",55 - 2.3,ir,IP66,,true,,0
eneo-int-8sf0003m0a,eneo,INT-8SF0003M0A,turret,5MP,5,"1/2.7"" optical CMOS + 256x192 thermal",81,hybrid,IP66,,,,0
esp-hdvc2812vfb,ESP,HDVC2812VFB,bullet,720p,1,"1/3"" SONY CMOS",,ir,IP66,,,2015,0
esp-hdvc2812vfd,ESP,HDVC2812VFD,dome,720p,1,"1/3"" SONY CMOS",,ir,IP66,,,2015,0
esp-hdvc36fb,ESP,HDVC36FB,bullet,720p,1,"1/3"" SONY CMOS",,ir,IP66,,,2015,0
esp-hdvc36fd,ESP,HDVC36FD,dome,720p,1,"1/3"" SONY CMOS",,ir,IP66,,,2015,0
esp-hdvc36fdl,ESP,HDVC36FDL,dome,720p,1,"1/3"" SONY CMOS",,ir,IP66,,,2015,0
esp-hdvc36fdw,ESP,HDVC36FDW,dome,720p,1,"1/3"" SONY CMOS",,ir,IP66,,,2015,0
esp-hdvc550vfb,ESP,HDVC550VFB,bullet,720p,1,"1/3"" SONY CMOS",,ir,IP66,,,2015,0
esp-hdvc622vfb,ESP,HDVC622VFB,bullet,720p,1,"1/3"" SONY CMOS",,ir,IP66,,,2015,0
esp-hdvc622vfd,ESP,HDVC622VFD,dome,720p,1,"1/3"" SONY CMOS",,ir,IP66,,,2015,0
esp-rc228bb,ESP,RC228BB,bullet,1080p,2,"1/2.8"" CMOS",106,hybrid,IP67,,,,0
esp-rc228bw,ESP,RC228BW,bullet,1080p,2,"1/2.8"" CMOS",106,hybrid,IP67,,,,0
esp-rc228tw,ESP,RC228TW,turret,1080p,2,"1/2.8"" CMOS",106,hybrid,IP67,,,,0
eufy-4g-lte-cam-s330,Eufy,4G LTE Cam S330,ptz,4K,8,,130 diagonal (344 pan / 70 tilt),hybrid,IP65,,true,2024,0
eufy-eufycam-2,Eufy,eufyCam 2,bullet,1080p,2,,140,ir,IP67,,true,2019,0
eufy-eufycam-2-pro,Eufy,EufyCam 2 Pro,bullet,2K QHD,4,,140 diagonal,ir,IP67,,true,2020,0
eufy-eufycam-2c,Eufy,EufyCam 2C,bullet,1080p HD,2,,135 diagonal,ir,IP67,,true,2020,0
eufy-eufycam-2c-pro,Eufy,eufyCam 2C Pro,bullet,2K,4,,135,hybrid,IP67,,true,2021,0
eufy-eufycam-3,Eufy,eufyCam 3,bullet,4K UHD,8,,135 diagonal,color,IP67,,true,2022,0
eufy-eufycam-3c,Eufy,eufyCam 3C,bullet,4K UHD,8,,135 diagonal,color,IP67,,true,2022,0
eufy-eufycam-e,Eufy,eufyCam E,bullet,1080p,2,,140,ir,IP65,,true,2018,0
eufy-eufycam-e330-pro,Eufy,EufyCam E330 (Pro),bullet,4K UHD,8,,135 diagonal,color,IP67,,true,2024,0
eufy-eufycam-e40,Eufy,eufyCam E40,bullet,2K,4,,130,hybrid,IP66,,true,,0
eufy-eufycam-s3-pro,Eufy,eufyCam S3 Pro,bullet,4K UHD,8,"1/1.8"" Stacked CMOS",112 horizontal / 60 vertical (135 diagonal),color,IP67,,true,2024,0
eufy-eufycam-s4,Eufy,eufyCam S4,dual-lens,4K (bullet) + 2K (PTZ),8,"1/2.8"" Stacked CMOS (bullet) + 1/3"" CMOS (PTZ)",bullet 107 horizontal / 57 vertical (130 diagonal); PTZ 360 pan / 70 tilt,color,IP65,,true,2025,0
eufy-floodlight-cam-1080p,Eufy,Floodlight Cam 1080p,floodlight,1080p,2,,130 horizontal,hybrid,IP65,,true,2019,0
eufy-floodlight-cam-2-pro,Eufy,Floodlight Cam 2 Pro,bullet,2K,3,,130 lens; 360 pan / 130 tilt,color,IP65,,true,2022,0
eufy-floodlight-cam-2k,Eufy,Floodlight Cam 2K,floodlight,2K,4,,130 horizontal,hybrid,IP65,,true,,0
eufy-floodlight-cam-e220,Eufy,Floodlight Cam E220,bullet,2K QHD,4,,130 horizontal,color,IP65,,true,2022,0
eufy-floodlight-cam-e30,Eufy,Floodlight Cam E30,floodlight,2K QHD,4,,102 horizontal / 70 vertical per lens (355 pan coverage),color,IP65,,true,2024,0
eufy-floodlight-cam-e340,Eufy,Floodlight Cam E340,dual-lens,Dual-lens: 3K wide-angle + telephoto (3x optical / 8x hybrid zoom),6,,130 wide lens; 360 pan / 70 tilt,color,IP65,,true,2024,0
eufy-garage-cam-s330,Eufy,Garage-Control Cam E110,box,2K QHD,4,,130 diagonal,ir,,,true,2024,0
eufy-indoor-cam-2k-pan-tilt,Eufy,Indoor Cam 2K Pan & Tilt,ptz,2K,3,,360 pan / 96 tilt,ir,IP20,,true,2020,0
eufy-indoor-cam-c120,Eufy,Indoor Cam C120,dome,2K,3,,105 horizontal / 57 vertical,ir,IP20,,true,2022,0
eufy-indoor-cam-c210,Eufy,Indoor Cam C210,ptz,1080p,2,,,ir,IP20,,true,2023,0
eufy-indoor-cam-c220,Eufy,Indoor Cam C220,ptz,2K,3.7,,125,ir,,,true,2024,0
eufy-indoor-cam-e220,Eufy,Indoor Cam E220,ptz,2K,3,,360 pan / 96 tilt,ir,IP20,,true,2022,0
eufy-indoor-cam-e30,Eufy,Indoor Cam E30,ptz,4K UHD,8,,125 diagonal (360 pan / motorized tilt),hybrid,,,true,,0
eufy-indoor-cam-mini,Eufy,Indoor Cam Mini 2K,ptz,2K,4,,125 diagonal (360 pan / 100 tilt),ir,,,true,2023,0
eufy-indoor-cam-s350,Eufy,Indoor Cam S350,ptz,4K UHD (dual-lens),8,,130 diagonal (355 pan / 75 tilt),hybrid,IP20,,true,2024,0
eufy-outdoor-cam-e210,Eufy,Outdoor Cam E210,bullet,1080p,2,,130 diagonal,color,IP67,,true,2024,0
eufy-outdoor-cam-e220,Eufy,Outdoor Cam E220,bullet,2K,3,,130 diagonal,color,IP67,,true,,0
eufy-s220-solocam,Eufy,SoloCam S220,bullet,2K,3,,135,ir,IP67,,true,2023,0
eufy-solocam-c210,Eufy,SoloCam C210,bullet,2K QHD,4,,135 diagonal,ir,IP67,,true,2023,0
eufy-solocam-e30,Eufy,SoloCam E30,ptz,2K,3,,360 pan / 70 tilt,ir,IP65,,true,,0
eufy-solocam-e40,Eufy,SoloCam E40,bullet,2K,4,,90 diagonal,ir,IP65,,true,2022,0
eufy-solocam-e42,Eufy,SoloCam E42,ptz,4K,8,,130,hybrid,IP65,,true,2025,0
eufy-solocam-l20,Eufy,SoloCam L20,bullet,1080p HD,2,,130 diagonal,color,IP67,,true,2022,0
eufy-solocam-l40,Eufy,SoloCam L40,bullet,2K QHD,4,,135 diagonal,color,IP67,,true,2022,0
eufy-solocam-s230,Eufy,SoloCam S230,bullet,2K,3,"1/2.8"" CMOS",130,hybrid,IP67,,true,2023,0
eufy-solocam-s340,Eufy,SoloCam S340,dual-lens,3K wide + 2K telephoto dual-lens,5,,135,color,IP67,,true,2024,0
eufy-solocam-s40,Eufy,SoloCam S40,bullet,2K QHD,4,,140 diagonal,color,IP67,,true,2022,0
eufy-video-doorbell-c30,Eufy,Video Doorbell C30,doorbell,2K,3.7,,140,ir,IP65,,true,2025,0
eufy-video-doorbell-c31,Eufy,Video Doorbell C31,doorbell,2K,4.9,,,ir,IP65,,true,2025,0
eufy-video-doorbell-dual,Eufy,Video Doorbell Dual (E8213),doorbell,2K (dual),4,,front + downward package view,ir,IP65,,true,2022,0
eufy-video-doorbell-e340,Eufy,Video Doorbell E340,doorbell,Dual: 2K front (2048x1536) + 1080p package (1600x1200),4,,wide front + downward package view,color,IP65,,true,2023,0
eufy-video-doorbell-s220,Eufy,Video Doorbell S220,doorbell,2K,4,,head-to-toe 4:3,ir,IP65,,true,2024,0
eufy-video-doorbell-s330,Eufy,Video Doorbell S330,doorbell,2K front (2560x1920) + 1080p package (1600x1200),4,,160 front + 97 package,ir,IP65,,true,2023,0
eufy-wall-light-cam-s100,Eufy,Wall Light Cam S100,floodlight,2K,3.1,,160,color,IP65,,,,0
everfocus-eba1241,EverFocus,EBA1241,bullet,2MP 1920x1080,2,"1/3"" 2.0 Megapixel Progressive scan CMOS",88.24 horizontal,ir,IP66,,false,,0
everfocus-eba1541,EverFocus,EBA1541,bullet,5MP 2608x1960,5,"1/2.7"" Progressive scan CMOS",58.8 horizontal,ir,IP66,,false,,0
everfocus-ebn1240,EverFocus,EBN1240-SG,bullet,1080p,2,"1/2.7"" progressive scan CMOS",86.1,ir,IP66,,,,0
everfocus-ebn2240,EverFocus,EBN2240-SG,bullet,1080p,2,"1/2.8"" progressive scan CMOS",87.55,ir,IP66,,,,0
everfocus-ebn2540,EverFocus,EBN2540-SG,bullet,5MP,5,"1/2.7"" progressive scan CMOS",79.9,ir,IP66,,,,0
everfocus-efn1980,EverFocus,EFN1980-SG,fisheye,12MP,12,12 MP progressive scan CMOS,360 panoramic,ir,IP66,,true,,0
everfocus-eha2580,EverFocus,EHA2580,dome,5MP 2608x1960,5,5MP CMOS,107 to 34 horizontal,ir,IP66,,,,0
everfocus-ehn1250,EverFocus,EHN1250-SG,dome,2MP 1920x1080,2,"1/2.7"" CMOS",107.85 to 34.6 horizontal,ir,IP66,IK10,false,,0
everfocus-ehn2550,EverFocus,EHN2550-SG,dome,5MP 2592x1944,5,"1/2.7"" CMOS",101 to 32 horizontal,ir,IP66,IK10,false,,0
everfocus-emn2560,EverFocus,EMN2560-SG,dome,5MP,5,"1/2.7"" progressive scan CMOS",110.6,ir,IP66,,,,0
everfocus-eza1281,EverFocus,EZA1281,bullet,2MP 1920x1080,2,"1/2.8"" 2.1 Mega-pixel Sony CMOS",106 to 40 horizontal,ir,IP66,,,,0
everfocus-eza2580,EverFocus,EZA2580,bullet,5MP 2592x1944,5,5MP CMOS,106.6 to 34.6 horizontal,ir,IP66,,false,,0
everfocus-ezn1240,EverFocus,EZN1240-SG,bullet,2MP 1920x1080,2,"1/2.7"" CMOS",86.1 horizontal,ir,IP66,,false,,0
everfocus-ezn1250,EverFocus,EZN1250-SG,bullet,2MP 1920x1080,2,"1/2.7"" CMOS",107.85 to 34.6 horizontal,ir,IP66,,false,,0
everfocus-ezn1540,EverFocus,EZN1540-SG,bullet,5MP 2592x1944,5,"1/2.7"" CMOS",81 horizontal,ir,IP66,,false,,0
everfocus-ezn2540,EverFocus,EZN2540-SG,bullet,5MP 2592x1944,5,"1/2.7"" CMOS",79.9 horizontal,ir,IP66,,false,,0
ezviz-bc1c-4k,EZVIZ,BC1c 4K,bullet,4K,8,"1/2.7"" CMOS",113 horizontal / 60 vertical / 135 diagonal,hybrid,IP65,,true,,0
ezviz-bc1c-elife,EZVIZ,BC1C eLife,bullet,1080p HD,2,CMOS,107 horizontal / 125 diagonal,color,IP66,,true,2022,0
ezviz-bc1c-elife-2k,EZVIZ,eLife 2K+,bullet,2K+,4,"1/2.8"" CMOS",100 horizontal / 52 vertical / 116 diagonal,hybrid,IP66,,true,,0
ezviz-bc2,EZVIZ,BC2,dome,1080p HD,2,"1/2.8"" CMOS",46 horizontal / 85 diagonal,ir,,,true,,0
ezviz-c1c-b,EZVIZ,C1C-B,box,1080p HD,2,"1/3"" CMOS",91 horizontal / 50 vertical / 108 diagonal,ir,,,true,,0
ezviz-c1c-pir,EZVIZ,C1C PIR,dome,1080p HD,2,CMOS,106 horizontal / 130 diagonal,ir,,,true,2020,0
ezviz-c2c-h265,EZVIZ,C2C H.265,box,1080p HD,2,"1/3"" CMOS",91 horizontal / 50 vertical / 108 diagonal,ir,,,true,,0
ezviz-c3tn,EZVIZ,C3TN,bullet,1080p HD,2,"1/2.7"" CMOS",106 horizontal / 122 diagonal,ir,IP67,,,,0
ezviz-c3tn-2k,EZVIZ,C3TN 2K,bullet,2K,3,"1/2.7"" CMOS",109 horizontal / 126 diagonal,hybrid,IP67,,true,,0
ezviz-c3w-pro,EZVIZ,C3W Pro,bullet,4MP (2K),4,"1/2.7"" CMOS",100 horizontal / 121 diagonal,color,IP67,,true,2021,0
ezviz-c3x,EZVIZ,C3X,bullet,1080p HD,2,Dual CMOS,2.8mm: 105 horizontal / 120 diagonal; 4mm: 89 horizontal / 106 diagonal,hybrid,IP67,,true,2020,0
ezviz-c60p-dual-mix-2k,EZVIZ,C60p Dual Mix 2K,dual-lens,2K (dual lens),3,"1/2.7"" CMOS",108 horizontal / 103 vertical optical (both lenses); 340 pan / 96 tilt mechanical,ir,,,true,,0
ezviz-c6c-2k,EZVIZ,C6c 2K,ptz,2K,3,"1/2.7"" CMOS",340 pan / 130 tilt,ir,,,true,,0
ezviz-c6n,EZVIZ,C6N,ptz,1080p HD,2,"1/4"" CMOS",340 pan / 55 tilt,ir,,,true,2021,0
ezviz-c6n-g1-4k,EZVIZ,C6N G1 4K,ptz,4K,8,"1/3"" CMOS",350 pan / 85 tilt,hybrid,,,true,,0
ezviz-c6n-pro-2k,EZVIZ,C6N Pro 2K,ptz,2K,3,"1/2.7"" CMOS",340 pan / 55 tilt,hybrid,,,true,,0
ezviz-c7-dual,EZVIZ,C7 Dual,dual-lens,2K+ (dual lens),4,"1/3"" CMOS","Fixed lens: 92 horizontal/50 vertical/108 diagonal; PT lens: 51 horizontal/28 vertical/60 diagonal, 360 horizontal rotation",ir,,,true,,0
ezviz-c8c,EZVIZ,C8C,ptz,1080p HD,2,"1/2.7"" CMOS",352 pan / 95 tilt,color,IP65,,true,2022,0
ezviz-c8c-4k,EZVIZ,C8c 4K (R210),ptz,4K,8,"1/2.7"" CMOS",350 pan / 90 tilt,hybrid,,,true,,0
ezviz-c8pf,EZVIZ,C8PF,dual-lens,"1080p HD (dual-lens, 8x combined optical+digital zoom)",2,,340 pan / 80 tilt (wide + tele simultaneous),color,,,true,,0
ezviz-c8w-pro-2k,EZVIZ,C8W Pro 2K,ptz,2K QHD,4,"1/2.7"" CMOS",340 pan / 80 tilt,color,IP65,,true,2023,0
ezviz-c90-dual-2k-plus,EZVIZ,C90 Dual 2K+,dual-lens,2K+ (dual lens),5,"1/3"" CMOS","Top lens: 220 pan/10 tilt, 110 diagonal/96 horizontal/54 vertical optical; Bottom lens: 324 pan/90 tilt, 60 diagonal/52 horizontal/28 vertical optical",hybrid,IP65,,true,,0
ezviz-c9c-dual-3k,EZVIZ,C9c Dual 3K,dual-lens,3K (dual lens),5,"1/3"" CMOS","Top lens: 0-240 pan (manual)/15 fixed tilt, 110 diagonal/96 horizontal/54 vertical optical; Bottom lens: 350 pan/80 tilt, 60 diagonal/52 horizontal/28 vertical optical",hybrid,,,true,,0
ezviz-cb1,EZVIZ,CB1,dome,1080p HD,2,"1/3"" CMOS",90 horizontal / 50 vertical / 113 diagonal,ir,,,true,,0
ezviz-cb2,EZVIZ,CB2,dome,1080p HD,2,"1/2.8"" CMOS",46 horizontal / 85 diagonal,ir,,,true,,0
ezviz-cb2-4g,EZVIZ,CB2 4G,dome,2K,3,"1/2.8"" CMOS",90 horizontal / 48 vertical / 106 diagonal,ir,,,true,,0
ezviz-cb3-4g,EZVIZ,CB3 4G,bullet,2K,3,"1/2.8"" CMOS",108 horizontal / 56 vertical / 130 diagonal,hybrid,IP65,,true,,0
ezviz-cb3-aov,EZVIZ,CB3 (AOV Version),bullet,2K,3,"1/2.8"" CMOS",108 horizontal / 56 vertical / 130 diagonal,hybrid,IP65,,true,,0
ezviz-cb5-4k,EZVIZ,CB5 4K,bullet,4K,8,"1/2.7"" CMOS",113 horizontal / 60 vertical / 135 diagonal,hybrid,IP65,,true,,0
ezviz-cb8,EZVIZ,CB8,ptz,2K,3,"1/2.8"" CMOS",340 pan / 65 tilt,hybrid,,,true,,0
ezviz-cb8-lite-4g,EZVIZ,CB8 Lite 4G,ptz,2K+,4,"1/3"" CMOS",340 pan / 80 tilt,hybrid,IP65,,true,,0
ezviz-cb8-lite-4k,EZVIZ,CB8 Lite 4K,ptz,4K,8,"1/2.45"" CMOS",350 pan / 80 tilt,hybrid,IP65,,true,,0
ezviz-cb8-pro,EZVIZ,CB8 Pro,ptz,4K,8,"1/2.8"" CMOS",340 pan / 75 tilt,hybrid,IP65,,true,,0
ezviz-cb90-dual-kit,EZVIZ,CB90 Dual Kit,dual-lens,2K+ (dual lens),4,"1/3"" CMOS","Top lens: 220 pan/10 tilt, 110 diagonal/96 horizontal/54 vertical optical; Bottom lens: 324 pan/90 tilt, 60 diagonal/52 horizontal/28 vertical optical",hybrid,IP65,,true,,0
ezviz-cb90x-dual-4g-kit,EZVIZ,CB90x Dual 4G Kit,dual-lens,2K+ (dual lens),4,"1/2.8"" CMOS","Top lens: 220 pan/10 tilt, 122 diagonal/105 horizontal/58 vertical optical; Bottom lens: 324 pan/90 tilt, 65 diagonal/56 horizontal/30 vertical optical",hybrid,IP65,,true,,0
ezviz-cp1-pro,EZVIZ,CP1 Pro,ptz,1080p HD,2,"1/3"" CMOS",340 pan / 55 tilt,hybrid,,,true,,0
ezviz-db2-doorbell,EZVIZ,DB2,doorbell,3MP,3,"1/2.7"" CMOS",176 diagonal (head-to-toe),ir,IP65,,true,2022,0
ezviz-db2c-doorbell,EZVIZ,DB2C,doorbell,"1536x1536 (square, full-body view)",2,,160 vertical,ir,,,true,2021,0
ezviz-e4p,EZVIZ,E4p,fisheye,3K+ Panoramic,5,"1/2.8"" CMOS",360 panoramic,ir,,,true,,0
ezviz-e6,EZVIZ,E6 3K,ptz,3K,5,"1/2.7"" CMOS",350 pan / 75 tilt,ir,,,true,,0
ezviz-eb3-4g,EZVIZ,EB3 4G,bullet,2K,3,"1/2.8"" CMOS",108 horizontal / 56 vertical / 130 diagonal,hybrid,IP65,,true,,0
ezviz-eb3-aov,EZVIZ,EB3 (AOV Version),bullet,2K,3,"1/2.8"" CMOS",108 horizontal / 56 vertical / 130 diagonal,hybrid,IP65,,true,,0
ezviz-eb5-4k,EZVIZ,EB5 4K,bullet,4K,8,"1/2.7"" CMOS",113 horizontal / 60 vertical / 135 diagonal,hybrid,IP65,,true,,0
ezviz-eb8-4g,EZVIZ,EB8 4G,ptz,2K,3,"1/2.8"" CMOS",340 pan / 65 tilt,hybrid,IP65,,true,,0
ezviz-eb8-pro-4g,EZVIZ,EB8 Pro 4G,ptz,4K,8,"1/2.8"" CMOS",340 pan / 75 tilt,hybrid,IP65,,true,,0
ezviz-eb8-pro-ranger-kit,EZVIZ,EB8 Pro Ranger Kit,ptz,4K,8,"1/2.8"" CMOS",340 pan / 75 tilt,hybrid,IP65,,true,,0
ezviz-el3,EZVIZ,EL3,floodlight,3MP,3,,99 horizontal / 71 vertical / 130 diagonal,color,IP65,,true,,0
ezviz-h1c,EZVIZ,H1c,box,1080p HD,2,"1/3"" CMOS",91 horizontal / 50 vertical / 108 diagonal,ir,,,true,,0
ezviz-h3-2k,EZVIZ,H3 2K,bullet,2K,3,"1/2.7"" CMOS",2.8mm: 106 horizontal/56 vertical/122 diagonal; 4mm: 86 horizontal/44 vertical/102 diagonal,hybrid,IP67,,true,,0
ezviz-h3c-2k,EZVIZ,H3c 2K,bullet,3MP (2K),3,,82 horizontal,ir,IP67,,true,,0
ezviz-h3c-color,EZVIZ,H3c Color,bullet,1080p HD,2,"1/2.7"" CMOS",82 horizontal / 98 diagonal,hybrid,IP67,,,,0
ezviz-h3k-poe-4k,EZVIZ,H3K PoE 4K,bullet,4K,8,"1/2.7"" CMOS",113 horizontal / 62 vertical / 134 diagonal,hybrid,IP67,,true,,0
ezviz-h4,EZVIZ,H4,dome,2K,3,"1/2.7"" CMOS",2.8mm: 106 horizontal/122 diagonal; 4mm: 86 horizontal/102 diagonal; 6mm: 52 horizontal/62 diagonal,hybrid,IP67,,true,,0
ezviz-h4-poe-2k,EZVIZ,H4 PoE 2K,bullet,2K,3,"1/2.8"" CMOS",2.8mm: 106 horizontal; 4mm: 86 horizontal,hybrid,IP67,,true,,0
ezviz-h5-4g,EZVIZ,H5 4G,bullet,2K,3,"1/2.8"" CMOS",4mm: 86 horizontal/46 vertical/102 diagonal; 6mm: 52 horizontal/28 vertical/62 diagonal,hybrid,IP67,,true,,0
ezviz-h5-poe-2k,EZVIZ,H5 PoE 2K,bullet,2K,3,"1/2.8"" CMOS",4mm: 86 horizontal/46 vertical/102 diagonal; 6mm: 52 horizontal/28 vertical/62 diagonal,hybrid,IP67,,true,,0
ezviz-h6,EZVIZ,H6,ptz,3K,5,"1/2.7"" CMOS",353 pan / 133 tilt,ir,,,true,,0
ezviz-h6c,EZVIZ,H6c,ptz,1080p HD,2,"1/3"" CMOS",75 horizontal / 45 vertical / 85 diagonal (optical),ir,,,true,,0
ezviz-h6c-g1-4k,EZVIZ,H6c G1 4K,ptz,4K,8,"1/3"" CMOS",350 pan / 85 tilt,hybrid,,,true,,0
ezviz-h6c-pro,EZVIZ,H6c Pro,ptz,1080p HD,2,"1/3"" CMOS",340 pan / 55 tilt,hybrid,,,true,,0
ezviz-h7c-dual-2k-plus,EZVIZ,H7c Dual 2K+,dual-lens,2K+ (dual lens),4,"1/3"" CMOS",Fixed lens: 92 horizontal/50 vertical/108 diagonal; PT lens: 51 horizontal/28 vertical/60 diagonal,hybrid,,,true,,0
ezviz-h8-pro-3k,EZVIZ,H8 Pro 3K,ptz,3K 5MP,5,"1/2.7"" CMOS",340 pan / 80 tilt,color,,,true,2023,0
ezviz-h80f-multi-2k-plus,EZVIZ,H80f Multi 2K+,ptz,"2K+ (triple-lens, 3x independent 2K+ sensors)",4,"1/3"" CMOS (x3)",2.8mm: 96 horizontal/54 vertical/110 diagonal; 6mm: 52 horizontal/28 vertical/60 diagonal; 12mm: 25 horizontal/14 vertical/29 diagonal; mechanical 340 pan / 70 tilt,hybrid,IP67,,true,,0
ezviz-h80x-dual,EZVIZ,H80x Dual,dual-lens,"4K + 1080p (dual lens, asymmetric resolution)",8,"1/2.7"" (4K lens) + 1/2.9"" (1080p lens) CMOS",87 horizontal / 46 vertical / 103 diagonal (per lens); mechanical 340 pan / 70 tilt,hybrid,IP65,,true,,0
ezviz-h8c,EZVIZ,H8c,ptz,1080p HD,2,,350 pan / 80 tilt,color,,,true,2022,0
ezviz-h8c-4g,EZVIZ,H8c 4G,ptz,2K,3,"1/2.8"" CMOS",350 pan / 80 tilt,hybrid,,,true,,0
ezviz-h8c-poe-2k,EZVIZ,H8c PoE 2K,ptz,2K,3,"1/2.8"" CMOS",350 pan / 80 tilt,hybrid,,,true,,0
ezviz-h8c-pro-2k,EZVIZ,H8c Pro 2K,ptz,2K,3,"1/2.8"" CMOS",350 pan / 80 tilt,hybrid,,,true,,0
ezviz-h8c-pro-2k-plus,EZVIZ,H8c Pro 2K+,ptz,2K QHD,4,"1/2.7"" CMOS",350 pan / 80 tilt,color,,,true,2024,0
ezviz-h8c-pro-4g,EZVIZ,H8c Pro 4G,ptz,3K,5,"1/3"" CMOS",350 pan / 90 tilt,hybrid,IP66,,true,,0
ezviz-h8c-pro-4k,EZVIZ,H8c Pro 4K,ptz,4K UHD,8,"1/2.7"" CMOS",350 pan / 80 tilt,color,,,true,2024,0
ezviz-h8c-pro-4k-r210,EZVIZ,H8c Pro 4K (R210),ptz,4K,8,"1/2.7"" CMOS",350 pan / 90 tilt,hybrid,,,true,,0
ezviz-h8x-2k-plus,EZVIZ,H8x 2K+,ptz,2K+,4,"1/1.8"" CMOS",340 pan / 70 tilt,color,IP65 + 2h rainstorm,,true,,0
ezviz-h90-dual-2k-plus,EZVIZ,H90 Dual 2K+,dual-lens,2K+ (dual lens),4,"1/3"" CMOS","Top lens: 220 pan/10 tilt, 110 diagonal/96 horizontal/54 vertical optical; Bottom lens: 324 pan/90 tilt, 60 diagonal/52 horizontal/28 vertical optical",hybrid,IP65 + 2h rainstorm,,true,,0
ezviz-h9c-dual-3k,EZVIZ,H9c Dual 3K,dual-lens,3K (dual lens),5,"1/2.7"" CMOS",Fixed lens: 110 horizontal/58 vertical/132 diagonal; PT lens: 56 horizontal/29 vertical/64 diagonal; mechanical 350 pan / 80 tilt,hybrid,,,true,,0
ezviz-h9c-dual-4g,EZVIZ,H9c Dual 4G,dual-lens,3K (dual lens),5,"1/3"" CMOS","Top lens: 0-240 pan (manual)/15 fixed tilt, 110 diagonal/96 horizontal/54 vertical optical; Bottom lens: 350 pan/80 tilt, 60 diagonal/52 horizontal/28 vertical optical",hybrid,,,true,,0
ezviz-hb8,EZVIZ,HB8,ptz,2K+,4,"1/3"" CMOS",340 pan / 65 tilt,hybrid,,,true,,0
ezviz-hb8-lite-4g,EZVIZ,HB8 Lite 4G,ptz,2K+,4,"1/3"" CMOS",340 pan / 80 tilt,hybrid,IP65,,true,,0
ezviz-hb8-lite-4k,EZVIZ,HB8 Lite 4K,ptz,4K,8,"1/2.45"" CMOS",350 pan / 80 tilt,hybrid,IP65,,true,,0
ezviz-hb8-pro,EZVIZ,HB8 Pro,ptz,4K,8,"1/2.8"" CMOS",340 pan / 75 tilt,hybrid,IP65,,true,,0
ezviz-hb90-dual-kit,EZVIZ,HB90 Dual Kit,dual-lens,2K+ (dual lens),4,"1/3"" CMOS","Top lens: 220 pan/10 tilt, 110 diagonal optical; Bottom lens: 324 pan/90 tilt, 60 diagonal optical",hybrid,IP65,,true,,0
ezviz-hb90x-dual-4g,EZVIZ,HB90X Dual 4G,dual-lens,2K+ (dual lens),4,"1/2.8"" CMOS","Top lens: 220 pan/10 tilt, 122 diagonal/105 horizontal/58 vertical optical; Bottom lens: 324 pan/90 tilt, 65 diagonal/56 horizontal/30 vertical optical",color,IP65,,true,,0
ezviz-lc3,EZVIZ,LC3,floodlight,2K+,4,,140 horizontal / 75 vertical / 157 diagonal,hybrid,IP67 (camera) / IP65 (light),,true,,0
ezviz-s10,EZVIZ,S10,ptz,2K+,4,,340 pan / 37 tilt,ir,,,true,,0
ezviz-ty1-g1-2k,EZVIZ,TY1 G1 2K,ptz,2K,3,"1/2.8"" CMOS",350 pan / 85 tilt,hybrid,,,true,,0
ezviz-ty1-pro,EZVIZ,TY1 Pro,ptz,1080p HD,2,"1/3"" CMOS",340 pan / 55 tilt,hybrid,,,true,,0
ezviz-ty7-dual-2k-plus,EZVIZ,TY7 Dual 2K+,dual-lens,2K+ (dual lens),4,"1/3"" CMOS",Fixed lens: 92 horizontal/50 vertical/108 diagonal; PT lens: 51 horizontal/28 vertical/60 diagonal,hybrid,,,true,,0
flir-elara-fb-324t,FLIR,Elara FB-324T,bullet,Thermal 320x240,0.1,Uncooled VOx Microbolometer,24 horizontal,ir,IP67,IK10,false,2019,0
flir-elara-fb-632t,FLIR,Elara FB-632T,bullet,Thermal 640x480,0.3,Uncooled VOx Microbolometer,32 horizontal,ir,IP67,IK10,false,2020,0
flir-elara-fc-324t,FLIR,Elara FC-324T,bullet,Thermal 320x240,0.1,Uncooled VOx Microbolometer,24 horizontal,ir,IP66,,false,2019,0
flir-elara-fc-632t,FLIR,Elara FC-632T,bullet,Thermal 640x480,0.3,Uncooled VOx Microbolometer,44 horizontal,ir,IP66,,false,2020,0
flir-elara-fc-648t,FLIR,Elara FC-648T,bullet,Thermal 640x480,0.3,Uncooled VOx Microbolometer,25 horizontal,ir,IP67,,false,2021,0
flir-quasar-cp-6302-11-i,FLIR,Quasar CP-6302-11-I,dome,1080p Full HD,2,"1/2.8"" CMOS",110-30 horizontal,ir,IP66,IK10,false,2019,0
flir-quasar-cp-6308-31-i,FLIR,Quasar CP-6308-31-I,bullet,5MP,5,"1/2.7"" CMOS",93-32 horizontal,ir,IP67,,false,2020,0
flir-quasar-cp-6404-31-i,FLIR,Quasar CP-6404-31-I,dome,4MP QHD,4,"1/3"" CMOS",95-29 horizontal,ir,IP66,IK10,false,2021,0
flir-saros-dh-390,FLIR,Saros DH-390,dual-lens,5MP Visible + Thermal,5,"1/2.7"" CMOS + Uncooled VOx Microbolometer",90 horizontal (visible),hybrid,IP66,,true,2020,0
flir-saros-dm-390,FLIR,Saros DM-390,dual-lens,5MP Visible + Thermal,5,"1/2.7"" CMOS + Uncooled VOx Microbolometer",90 horizontal (visible),hybrid,IP66,IK10,true,2020,0
foscam-c5m,Foscam,C5M,box,3K/5MP,5,CMOS,"Diagonal 135, Horizontal 111.4, Vertical 60",ir,,,true,,0
foscam-c8m,Foscam,C8M,box,4K/8MP,8,CMOS,"Horizontal 108, Vertical 59.8",ir,,,true,,0
foscam-d2ep,Foscam,D2EP,dome,1080p/2MP,2,"1/2.7"" CMOS",118,ir,IP66,IK10,true,,0
foscam-d4z,Foscam,D4Z,ptz,2K/4MP QHD,4,High Definition Color CMOS,Pan 350 / Tilt 90,ir,,IK10,true,,0
foscam-d8et,Foscam,D8ET,dome,4K/8MP,8,Color CMOS,,ir,IP66,IK10,true,,0
foscam-d8t,Foscam,D8T,dome,4K/8MP,8,Color CMOS,106 diagonal / 89 horizontal / 47 vertical,ir,IP66,IK10,true,,0
foscam-g4c,Foscam,G4C,bullet,2K/4MP,4,Starlight CMOS,,color,,,true,,0
foscam-pd5,Foscam,PD5,ptz,3K/5MP,5,CMOS,,hybrid,IP65,,true,,0
foscam-pd8,Foscam,PD8,ptz,4K/8MP,8,High Definition Color CMOS,"Diagonal 114.2, Horizontal 99.5, Vertical 56.8",hybrid,IP66,,true,,0
foscam-r8m,Foscam,R8M,ptz,4K/8MP,8,CMOS,124.5 diagonal; Pan 350 / Tilt 150,ir,,,true,,0
foscam-sd4,Foscam,SD4,ptz,2K/4MP,4,CMOS,,ir,IP66,,true,,0
foscam-sd4h,Foscam,SD4H,ptz,2K/4MP,4,High Definition Color CMOS,"Horizontal 5.2-52.7, Vertical 3-30.5, Diagonal 5.7-60.8",ir,IP66,,true,,0
foscam-sd8ep,Foscam,SD8EP,ptz,4K/8MP,8,High Definition Color CMOS,"Diagonal 47.6-111.3, Horizontal 42.7-95.5, Vertical 23-51.1",hybrid,IP66,,true,,0
foscam-sd8p,Foscam,SD8P,ptz,4K/8MP,8,High Definition Color CMOS,"Diagonal 47.6-111.3, Horizontal 42.7-95.5, Vertical 23-51.1",hybrid,IP66,,true,,0
foscam-t5ep,Foscam,T5EP,turret,3K/5MP,5,High Definition Color CMOS,"94 (approx., viewing angle)",hybrid,IP66,,true,,0
foscam-t8ep,Foscam,T8EP,turret,4K/8MP,8,High Definition Color CMOS,"Horizontal 90.1, Vertical 46.2, Diagonal 108.5",hybrid,IP66,,true,,0
foscam-v4ec,Foscam,V4EC,bullet,2K QHD/4MP,4,Starlight CMOS,,color,,,true,,0
foscam-v5ep,Foscam,V5EP,bullet,3K/5MP QHD,5,High Definition Color CMOS,"Diagonal 94, Horizontal 78, Vertical 43.6",hybrid,IP66,,true,,0
foscam-v8ep,Foscam,V8EP,bullet,4K/8MP,8,High Definition Color CMOS,"Horizontal 90.1, Vertical 46.2, Diagonal 108.5",hybrid,IP66,,true,,0
foscam-v8p,Foscam,V8P,bullet,4K/8MP,8,CMOS,120,hybrid,IP66,,true,,0
foscam-w5ep,Foscam,W5EP,bullet,3K/5MP QHD,5,High Definition Color CMOS,108,hybrid,IP66,,true,,0
foscam-x5,Foscam,X5,dome,5MP,5,CMOS,100 diagonal; Pan 350 / Tilt 70,ir,,,true,,0
ganz-z8-d2m-2,Ganz,Z8-D2M-2,dome,1080p,2,"1/2.8"" Progressive Scan CMOS",90 ~ 35,ir,,,,,0
ganz-z8-d2v-2,Ganz,Z8-D2V-2,dome,1080p,2,"1/2.8"" Progressive Scan CMOS","H 110 to 39.3, V 60.5 to 23.1",ir,,,,,0
ganz-z8-vd2m-2,Ganz,Z8-VD2M-2,dome,1080p,2,"1/2.8"" Progressive Scan CMOS",105 ~ 35,ir,IP67,IK10,,,0
ganz-z8-vd2v-2,Ganz,Z8-VD2V-2,dome,1080p,2,"1/2.8"" Progressive Scan CMOS",110 ~ 39.3,ir,IP67,IK10,,,0
ganz-zc-d5025nxa,Ganz,ZC-D5025NXA,dome,700 TVL,0.4,"1/3"" Interline transfer color CCD",114.8-56.1,ir,,,,,0
ganz-zc-d8312nba,Ganz,ZC-D8312NBA,dome,600 TVL,0.4,"1/3"" Sony HAD II CCD",,ir,,,,,0
ganz-zc-d8550nba,Ganz,ZC-D8550NBA,dome,600 TVL,0.4,"1/3"" DPS Sensor",,ir,,,,,0
ganz-zc-dn5212nxa,Ganz,ZC-DN5212NXA,dome,700 TVL,0.4,"1/3"" Interline transfer color CCD",98.2-23.8,ir,,,,,0
ganz-zc-dnt8312nba-ir,Ganz,ZC-DNT8312NBA-IR,dome,690 TVL,0.4,"1/3"" Sony HAD II CCD",,ir,IP67,,,,0
ganz-zc-dt8312nba,Ganz,ZC-DT8312NBA,dome,600 TVL,0.4,"1/3"" Sony HAD II CCD",,ir,IP67,,,,0
ganz-zc-dt8550nba,Ganz,ZC-DT8550NBA,dome,600 TVL,0.4,"1/3"" Sony HAD II CCD",,ir,IP67,,,,0
ganz-zc-dw8312nxa,Ganz,ZC-DW8312NXA,dome,700 TVL,0.4,"1/3"" Sony HAD II CCD",,ir,,,,,0
ganz-zc-dwnt8312nba,Ganz,ZC-DWNT8312NBA,dome,690 TVL,0.4,"1/3"" Sony HAD II CCD",,ir,IP67,,,,0
ganz-zn-b2mtp,Ganz,ZN-B2MTP,bullet,1080p,2,"1/2.8"" Sony CMOS IMX-122",104.2 to 35.5,ir,IP66,,,,0
ganz-zn-b5dmp58he,Ganz,ZN-B5DMP58HE,bullet,3MP,3,"1/2.8"" Sony ExmorR CMOS",84 (wide) 30 (tele),ir,IP66,,true,,0
ganz-zn-b5m212dp,Ganz,ZN-B5M212DP,bullet,5MP,5,"1/2.8"" Progressive scan CMOS",95.9 ~ 29.8,ir,IP67,IK10,,,0
ganz-zn-b6dmp55he,Ganz,ZN-B6DMP55HE,bullet,5MP,5,"1/1.8"" Sony ExmorR CMOS",81 (wide) 37 (tele),ir,IP66,,true,,0
ganz-zn-c6dhe,Ganz,ZN-C6DHE,box,5MP,5,"1/1.8"" Sony ExmorR CMOS",,,,,true,,0
ganz-zn-d1mtp,Ganz,ZN-D1MTP,dome,720p,1,"1/2.8"" SONY CMOS IMX-122",90 ~ 31.8,,,,true,,0
ganz-zn-d1mtp-ir,Ganz,ZN-D1MTP-IR,dome,720p,1,"1/2.8"" SONY CMOS IMX-122",90 ~ 31.8,ir,,,true,,0
ganz-zn-d2mtp,Ganz,ZN-D2MTP,dome,1080p,2,"1/2.8"" SONY CMOS IMX-122",90 ~ 31.8,,,,true,,0
ganz-zn-d2mtp-ir,Ganz,ZN-D2MTP-IR,dome,1080p,2,"1/2.8"" SONY CMOS IMX-122",90 ~ 31.8,ir,,,true,,0
ganz-zn-d5dmp58lhe,Ganz,ZN-D5DMP58LHE,dome,3MP,3,"1/2.8"" Sony ExmorR CMOS",84 (wide) 30 (tele),ir,,,,,0
ganz-zn-d5dtmp58lhe,Ganz,ZN-D5DTMP58LHE,dome,3MP,3,"1/2.8"" Sony ExmorR CMOS",84 (wide) 30 (tele),ir,IP66,,,,0
ganz-zn-d6dmp55lhe,Ganz,ZN-D6DMP55LHE,dome,5MP,5,"1/1.8"" Sony ExmorR CMOS",81 (wide) 37 (tele),ir,,,,,0
ganz-zn-d6dtmp55lhe,Ganz,ZN-D6DTMP55LHE,dome,5MP,5,"1/1.8"" Sony ExmorR CMOS",84 (wide) 30 (tele),ir,IP66,,,,0
ganz-zn-dt1mtp,Ganz,ZN-DT1MTP,turret,720p,1,"1/2.8"" SONY CMOS",90 ~ 31.8,,IP66,,true,,0
ganz-zn-dt1mtp-ir,Ganz,ZN-DT1MTP-IR,turret,720p,1,"1/2.8"" SONY CMOS",90 ~ 31.8,ir,IP66,,true,,0
ganz-zn-dt2mtp,Ganz,ZN-DT2MTP,turret,1080p,2,"1/2.8"" SONY CMOS",90 ~ 31.8,,IP66,,true,,0
ganz-zn-dt2mtp-ir,Ganz,ZN-DT2MTP-IR,turret,1080p,2,"1/2.8"" SONY CMOS",90 ~ 31.8,ir,IP66,,true,,0
ganz-zn-m4nfn3l,Ganz,ZN-M4NFN3L,dome,1080p,2,"1/2.9"" Sony Exmor CMOS",109,ir,,,,,0
ganz-zn-m4nfn9l,Ganz,ZN-M4NFN9L,dome,1080p,2,"1/2.9"" Sony Exmor CMOS",43 / 28 / 60,ir,,,,,0
ganz-zn-m4ntfn3l,Ganz,ZN-M4NTFN3L,dome,1080p,2,"1/2.8"" Sony ExmorR CMOS",109,ir,IP66,,,,0
ganz-zn-m4ntfn4l,Ganz,ZN-M4NTFN4L,dome,1080p,2,"1/2.8"" Sony ExmorR CMOS",86,ir,IP66,,,,0
ganz-zn-m4ntfn9l,Ganz,ZN-M4NTFN9L,dome,1080p,2,"1/2.8"" Sony ExmorR CMOS",43,ir,IP66,,,,0
ganz-zn-mb243m,Ganz,ZN-MB243M,bullet,1080p,2,"1/2.8"" Progressive Scan CMOS",84.4,ir,IP66,,,,0
ganz-zn-mb260m,Ganz,ZN-MB260M,bullet,1080p,2,"1/2.8"" Progressive Scan CMOS",53.3,ir,IP66,,,,0
ganz-zn-mdi243m-ir,Ganz,ZN-MDI243M-IR,dome,1080p,2,"1/2.8"" Sony Exmor CMOS",84.4,ir,,,,,0
ganz-zn-mdi260m-ir,Ganz,ZN-MDI260M-IR,dome,1080p,2,"1/2.8"" Sony Exmor CMOS",53.3,ir,,,,,0
ganz-zn-n4nfn5,Ganz,ZN-N4NFN5,bullet,1080p,2,"1/2.9"" Sony ExmorR CMOS",81,ir,IP66,,,,0
ganz-zn-n4nfn9,Ganz,ZN-N4NFN9,bullet,1080p,2,"1/2.9"" Sony ExmorR CMOS",51,ir,IP66,,,,0
ganz-zn-n4nvd56,Ganz,ZN-N4NVD56,bullet,1080p,2,"1/2.8"" Sony Exmor CMOS",96 (wide) 34 (tele),ir,IP66,,,,0
ganz-zn-nh22xe,Ganz,ZN-NH22XE,box,1080p,2,"1/2.7"" CMOS",,,,,true,,0
ganz-zn-vd5m212-dlp,Ganz,ZN-VD5M212-DLP,dome,5MP,5,"1/2.8"" Progressive Scan CMOS",95.9 ~ 29.8,ir,IP67,IK10,true,,0
ganz-zn-vd8m213dlp,Ganz,ZN-VD8M213DLP,dome,4K,8,"1/2.8"" CMOS Progressive scan",94.9 ~ 28.5,ir,IP67,IK10,,,0
ganz-zn1a-c4,Ganz,ZN1A-C4,box,1080p,2,"1/2.9"" Sony Exmor CMOS",,none,,,true,,0
ganz-zn1a-d4dtmz56u,Ganz,ZN1A-D4DTMZ56U,dome,1080p,2,"1/2.8"" Sony STARVIS Exmor CMOS",96 ~ 35,ir,IP67,,true,,0
ganz-zn1a-d4fn5,Ganz,ZN1A-D4FN5,dome,1080p,2,"1/2.9"" CMOS",84.4,,,,,,0
ganz-zn1a-d4fn7,Ganz,ZN1A-D4FN7,dome,1080p,2,"1/2.9"" CMOS",104.5,,,,,,0
ganz-zn1a-d4nmz43l,Ganz,ZN1A-D4NMZ43L,dome,1080p,2,"1/2.9"" CMOS",133.5 ~ 40.8,ir,,,,,0
ganz-zn1a-d6dtmz56u,Ganz,ZN1A-D6DTMZ56U,dome,5MP,5,"1/2.8"" Sony STARVIS Exmor CMOS",96 ~ 35,ir,IP67,,true,,0
ganz-zn1a-dn312xe,Ganz,ZN1A-DN312XE,dome,1080p,2,"1/2.7"" CMOS",,,,,,,0
ganz-zn1a-dn312xe-m,Ganz,ZN1A-DN312XE-M,dome,1080p,2,"1/2.7"" CMOS",93.0 ~ 31.7,,,,,,0
ganz-zn8-2d8wtfn3,Ganz,ZN8-2D8WTFN3,panoramic,8MP,8,"Dual 1/2.8"" Progressive Scan CMOS","H 180, V 63",ir,IP66,,true,,0
ganz-zn8-2p5x30dl-h,Ganz,ZN8-2P5X30DL-H,ptz,5MP,5,"1/2.8"" Progressive Scan CMOS (Detail) + 1/1.8"" Progressive Scan CMOS (Panoramic)","Detail: H 56.8 to 2.6, V 42.7 to 2.0; Panoramic: H 112, V 60",ir,IP66,,true,,0
ganz-zn8-4d6dtmz71,Ganz,ZN8-4D6DTMZ71,dome,5MP,5,"4 x 1/2.8"" Progressive Scan CMOS","H 95.6 to 26.9, V 65.4 to 20.5",ir,IP67,IK10,,,0
ganz-zn8-80f12f18nl,Ganz,ZN8-80F12F18NL,fisheye,12MP,12,"1/1.7"" Progressive Scan CMOS",180 x 180,ir,IP66,,true,,0
ganz-zn8-b4nvf56,Ganz,ZN8-B4NVF56,bullet,1080p,2,"1/3"" CMOS",89 ~ 35,ir,IP66,,,,0
ganz-zn8-b6zf71,Ganz,ZN8-B6ZF71,bullet,5MP,5,"1/2.8"" Progressive Scan CMOS","H 87.5 to 26, V 64.8 to 19.9",ir,IP67,,,,0
ganz-zn8-d4ntfn4l-e,Ganz,ZN8-D4NTFN4L-E,dome,1080p,2,"1/2.7"" Progressive Scan CMOS",85,ir,IP66,,,,0
ganz-zn8-f7ntfn10l,Ganz,ZN8-F7NTFN10L,fisheye,6MP,6,"1/1.8"" CMOS",360,ir,IP65,,true,,0
ganz-zn8-m4ntfn4l,Ganz,ZN8-M4NTFN4L,dome,1080p,2,"1/3"" CMOS",75,ir,IP65,,,,0
ganz-zn8-n4nfn4,Ganz,ZN8-N4NFN4,bullet,1080p,2,"1/3"" CMOS",75,ir,IP66,,,,0
ganz-zn8-p5ntaf61l,Ganz,ZN8-P5NTAF61L,ptz,3MP,3,"1/2.8"" Progressive Scan CMOS",70.5 ~ 3.2,ir,IP66,,,,0
ganz-zn8-p5ntaf62l,Ganz,ZN8-P5NTAF62L,ptz,3MP,3,"1/2.8"" Progressive Scan CMOS",69.7 ~ 7.56,ir,IP66,IK10,,,0
ganz-zn8-t6tzf71,Ganz,ZN8-T6TZF71,turret,5MP,5,"1/2.8"" Progressive Scan CMOS",87.5 ~ 26,ir,IP66,,true,,0
ganz-zn8-vd4m212-nir,Ganz,ZN8-VD4M212-NIR,dome,4MP,4,"1/3"" Progressive Scan CMOS",90 ~ 35,ir,IP67,IK10,,,0
ganz-znt8-b1f09-1,Ganz,ZNT8-B1F09-1,bullet,720p,0.9,"Vanadium Oxide Uncooled Focal Plane Array, 384x288, 17 um pixel pitch","H 37, V 28",,IP66,,,,0
ganz-znt8-b1f15-1,Ganz,ZNT8-B1F15-1,bullet,720p,0.9,"Vanadium Oxide Uncooled Focal Plane Array, 384x288, 17 um pixel pitch","H 28, V 21",,IP66,,,,0
ganz-znt8-b1f25-1,Ganz,ZNT8-B1F25-1,bullet,720p,0.9,"Vanadium Oxide Uncooled Focal Plane Array, 384x288, 17 um pixel pitch","H 14, V 11",,IP66,,,,0
ganz-znt8-b1f35-1,Ganz,ZNT8-B1F35-1,bullet,720p,0.9,"Vanadium Oxide Uncooled Focal Plane Array, 384x288, 17 um pixel pitch","H 10, V 8",,IP66,,,,0
ganz-znt8-b1f50-1,Ganz,ZNT8-B1F50-1,bullet,720p,0.9,"Vanadium Oxide Uncooled Focal Plane Array, 384x288, 17 um pixel pitch","H 7.4, V 5.6",,IP66,,,,0
geovision-gv-abl2702,GeoVision,GV-ABL2702,bullet,1080p,2,"1/2.8"" Progressive Scan CMOS",108 horizontal,ir,IP67,,false,2021,0
geovision-gv-abl4701,GeoVision,GV-ABL4701,bullet,4MP,4,"1/3"" progressive scan super low lux CMOS",78 / 49 horizontal,ir,IP66,,,,0
geovision-gv-abl4712,GeoVision,GV-ABL4712,bullet,4MP,4,"1/2.7"" Progressive Scan CMOS",102-30 horizontal,ir,IP67,,false,2022,0
geovision-gv-abl8712,GeoVision,GV-ABL8712,bullet,4K UHD,8,"1/1.8"" Progressive Scan CMOS",107-30 horizontal,ir,IP67,,false,2023,0
geovision-gv-adr2702,GeoVision,GV-ADR2702,dome,1080p,2,"1/2.8"" Progressive Scan CMOS",108 horizontal,ir,IP67,IK10,false,2021,0
geovision-gv-adr4702,GeoVision,GV-ADR4702,dome,4MP,4,"1/2.7"" Progressive Scan CMOS",102 horizontal,ir,IP67,IK10,false,2022,0
geovision-gv-avd2700,GeoVision,GV-AVD2700,dome,1080p,2,"1/2.8"" progressive scan low lux CMOS",30-108 horizontal,ir,IP67,IK10,false,,0
geovision-gv-bl2702,GeoVision,GV-BL2702,bullet,1080p,2,"1/2.8"" Progressive Scan CMOS",84 horizontal,ir,IP66,,false,2020,0
geovision-gv-blfc5800,GeoVision,GV-BLFC5800,bullet,5MP,5,"1/2.7"" progressive scan CMOS",80.2 horizontal,hybrid,IP67,IK10,true,,0
geovision-gv-ebd2705,GeoVision,GV-EBD2705,dome,1080p,2,"1/2.7"" progressive scan CMOS",112.9 horizontal,ir,IP67,,false,,0
geovision-gv-ebd4701,GeoVision,GV-EBD4701,dome,4MP,4,"1/3"" progressive scan super low lux CMOS",107 horizontal,ir,IP67,,false,,0
geovision-gv-ebd4813,GeoVision,GV-EBD4813,dome,4MP,4,"1/3"" progressive scan super low lux CMOS",98-31 horizontal,ir,IP67,IK10,false,,0
geovision-gv-ebd8800,GeoVision,GV-EBD8800,dome,4K,8,"1/2.7"" progressive scan low lux CMOS",112 horizontal,ir,IP67,,false,,0
geovision-gv-ebd8813,GeoVision,GV-EBD8813,dome,4K,8,"1/2.8"" progressive scan super low lux CMOS",107-29 horizontal,ir,IP67,IK10,false,,0
geovision-gv-ebdp8800,GeoVision,GV-EBDP8800,panoramic,8MP,8,"1/2.7"" progressive scan (super low lux) CMOS",180 horizontal,ir,IP67,IK10,false,,0
geovision-gv-ebfc5800,GeoVision,GV-EBFC5800,dome,5MP,5,"1/2.7"" progressive scan CMOS",102 horizontal,hybrid,IP67,,false,,0
geovision-gv-efd4700,GeoVision,GV-EFD4700,dome,4MP,4,"1/3"" progressive scan super low lux CMOS",96 horizontal,ir,,,false,,0
geovision-gv-efer3700,GeoVision,GV-EFER3700,fisheye,3MP,3,"1/2.8"" Progressive Scan CMOS",360 horizontal,ir,IP66,IK10,false,2021,0
geovision-gv-fer12700,GeoVision,GV-FER12700,fisheye,12MP,12,"1/1.7"" progressive scan CMOS",180 horizontal,ir,IP67,IK10,true,,0
geovision-gv-fer5702,GeoVision,GV-FER5702,fisheye,5MP,5,"1/2.8"" progressive scan CMOS",180 horizontal,ir,IP66,IK10,true,,0
geovision-gv-gbl12811,GeoVision,GV-GBL12811,bullet,12MP,12,"1/1.7"" progressive scan CMOS",96-46 horizontal,ir,IP67,IK10,true,,0
geovision-gv-gbl4900,GeoVision,GV-GBL4900,bullet,4MP,4,"1/3"" progressive scan CMOS",95.3 horizontal,ir,IP67,IK10,true,,0
geovision-gv-gbl4911,GeoVision,GV-GBL4911,bullet,4MP,4,"1/3"" progressive scan CMOS",100-28.9 horizontal,ir,IP67,IK10,true,,0
geovision-gv-gblf2802,GeoVision,GV-GBLF2802,bullet,1080p,2,"1/2.8"" progressive scan CMOS",107 horizontal,hybrid,IP67,IK10,false,,0
geovision-gv-gblf4802,GeoVision,GV-GBLF4802,bullet,4MP,4,"1/3"" progressive scan CMOS",94 horizontal,hybrid,IP67,IK10,false,,0
geovision-gv-gblf4813,GeoVision,GV-GBLF4813,bullet,4MP,4,"1/3"" progressive scan CMOS",92-31 horizontal,hybrid,IP67,IK10,false,,0
geovision-gv-gbln4800,GeoVision,GV-GBLN4800,bullet,4MP,4,"1/1.79"" progressive scan CMOS",112 horizontal,color,IP67,IK10,false,,0
geovision-gv-gblp8900,GeoVision,GV-GBLP8900,dual-lens,8MP dual-lens,8,"1/2.7"" progressive scan (super low lux) CMOS",180 horizontal,hybrid,IP67,,true,,0
geovision-gv-gdr2801,GeoVision,GV-GDR2801,dome,1080p,2,"1/2.8"" progressive scan CMOS",107 horizontal,ir,IP67,IK10,false,,0
geovision-gv-gdr4900,GeoVision,GV-GDR4900,dome,4MP,4,"1/3"" progressive scan CMOS",95.3 horizontal,ir,IP67,IK10,true,,0
geovision-gv-gdrf4800,GeoVision,GV-GDRF4800,dome,4MP,4,"1/3"" progressive scan CMOS",94 horizontal,hybrid,IP67,IK10,false,,0
geovision-gv-gdrn4800,GeoVision,GV-GDRN4800,dome,4MP,4,"1/1.79"" progressive scan CMOS",112 horizontal,color,IP67,IK10,false,,0
geovision-gv-geb4900,GeoVision,GV-GEB4900,dome,4MP,4,"1/3"" Progressive Scan CMOS",95.3 horizontal,ir,IP67,IK10,true,,0
geovision-gv-gebf2802,GeoVision,GV-GEBF2802,dome,1080p,2,"1/2.8"" Progressive Scan CMOS",107 horizontal,hybrid,IP67,IK10,false,,0
geovision-gv-gebf4802,GeoVision,GV-GEBF4802,dome,4MP,4,"1/3"" Progressive Scan CMOS",94 horizontal,hybrid,IP67,IK10,false,,0
geovision-gv-gebf4813,GeoVision,GV-GEBF4813,dome,4MP,4,"1/3"" Progressive Scan CMOS",92-31 horizontal,hybrid,IP67,IK10,false,,0
geovision-gv-gebf4911,GeoVision,GV-GEBF4911,dome,4MP,4,"1/3"" Progressive Scan CMOS",96-32.33 horizontal,hybrid,IP66,IK10,true,,0
geovision-gv-gebn4800,GeoVision,GV-GEBN4800,dome,4MP,4,"1/1.79"" Progressive Scan CMOS",112 horizontal,color,IP67,IK10,false,,0
geovision-gv-gebp8900,GeoVision,GV-GEBP8900,dual-lens,8MP dual-lens,8,"1/2.7"" progressive scan (super low lux) CMOS",180 horizontal,hybrid,IP67,,true,,0
geovision-gv-gfer12800,GeoVision,GV-GFER12800,fisheye,12MP,12,"1/1.7"" progressive scan CMOS",180 horizontal,ir,IP67,IK10,true,,0
geovision-gv-gfer6900,GeoVision,GV-GFER6900,fisheye,6MP,6,"1/2.5"" progressive scan CMOS",180 horizontal,ir,IP67,IK10,true,,0
geovision-gv-gptz4810,GeoVision,GV-GPTZ4810,ptz,4MP,4,"1/2.7"" progressive scan CMOS",113.6-44.3 horizontal,ir,IP67,IK10,true,,0
geovision-gv-gvd12810,GeoVision,GV-GVD12810,dome,12MP,12,"1/1.7"" progressive scan CMOS",96-46 horizontal,ir,IP67,IK10,true,,0
geovision-gv-gvd4810,GeoVision,GV-GVD4810,dome,4MP,4,"1/3"" progressive scan CMOS",92-31 horizontal,ir,IP67,IK10,false,,0
geovision-gv-gvd4910,GeoVision,GV-GVD4910,dome,4MP,4,"1/3"" progressive scan CMOS",100-28.9 horizontal,ir,IP67,IK10,true,,0
geovision-gv-md8710-fd,GeoVision,GV-MD8710-FD,dome,4K,8,"1/2"" progressive scan super low lux CMOS",112-61 horizontal,ir,,,true,,0
geovision-gv-pbl8800,GeoVision,GV-PBL8800,panoramic,8MP,8,"1/2.8"" progressive scan CMOS",180 horizontal,ir,IP67,IK10,false,,0
geovision-gv-pdr8800,GeoVision,GV-PDR8800,panoramic,8MP,8,"1/2.8"" progressive scan CMOS",180 horizontal,ir,IP67,IK10,false,,0
geovision-gv-pfer12800,GeoVision,GV-PFER12800,fisheye,12MP,12,"1/1.7"" progressive scan CMOS",180 horizontal,ir,IP67,IK10,true,,0
geovision-gv-ptz5810-ir,GeoVision,GV-PTZ5810-IR,ptz,5MP,5,"1/2.7"" progressive scan CMOS",106.9-30.6 horizontal,ir,,,true,,0
geovision-gv-qfer12700,GeoVision,GV-QFER12700,fisheye,12MP,12,"1/1.7"" progressive scan CMOS",180 horizontal,ir,IP66,IK10,true,,0
geovision-gv-qsd5730-indoor,GeoVision,GV-QSD5730-Indoor,ptz,5MP,5,"1/2.8"" progressive scan low lux CMOS",55.4-1.9 horizontal,ir,,,true,,0
geovision-gv-qsd5731-ir,GeoVision,GV-QSD5731-IR,ptz,5MP,5,"1/2.8"" progressive scan low lux CMOS",55-2 horizontal,ir,IP66,,true,,0
geovision-gv-rbl5811,GeoVision,GV-RBL5811,bullet,5MP,5,"1/2.7"" progressive scan super low lux CMOS",97-32 horizontal,ir,IP67,IK10,true,,0
geovision-gv-reb5800,GeoVision,GV-REB5800,dome,5MP,5,"1/2.7"" Progressive Scan CMOS",97 horizontal,ir,IP67,IK10,false,,0
geovision-gv-rfer12700,GeoVision,GV-RFER12700,fisheye,12MP,12,"1/2.3"" progressive scan CMOS",180 horizontal,ir,IP66,,true,,0
geovision-gv-sd2322-ir,GeoVision,GV-SD2322-IR,ptz,1080p,2,"1/2.8"" Progressive Scan CMOS",57.6-2.8 horizontal,ir,IP66,,false,2021,0
geovision-gv-sd2722-ir,GeoVision,GV-SD2722-IR,ptz,2MP,2,"1/1.8"" progressive scan super low lux CMOS",57.2-3.3 horizontal,ir,IP66,,true,,0
geovision-gv-sd4825-ir,GeoVision,GV-SD4825-IR,ptz,4MP,4,"1/2.5"" Progressive Scan CMOS",58-2.6 horizontal,ir,IP66,,false,2022,0
geovision-gv-sd4834-ir,GeoVision,GV-SD4834-IR,ptz,4MP,4,"1/2.8"" progressive scan CMOS",53-2.3 horizontal,ir,IP66,,true,,0
geovision-gv-tbl2705,GeoVision,GV-TBL2705,bullet,1080p,2,"1/2.7"" progressive scan low lux CMOS",91.2 horizontal,ir,IP67,,false,,0
geovision-gv-tbl2706,GeoVision,GV-TBL2706,bullet,1080p,2,"1/2.7"" progressive scan CMOS",112.9 / 91.2 horizontal,ir,IP67,,false,,0
geovision-gv-tbl2718,GeoVision,GV-TBL2718,bullet,1080p,2,"1/2.7"" progressive scan low lux CMOS",103.6-33.4 horizontal,ir,IP67,,false,,0
geovision-gv-tbl4700,GeoVision,GV-TBL4700,bullet,4MP,4,"1/3"" progressive scan super low lux CMOS",96-32 horizontal,ir,IP67,IK10,false,,0
geovision-gv-tbl4703,GeoVision,GV-TBL4703,bullet,4MP,4,"1/3"" progressive scan super low lux CMOS",80 horizontal,ir,IP67,,false,,0
geovision-gv-tbl4705,GeoVision,GV-TBL4705,bullet,4MP,4,"1/3"" progressive scan super low lux CMOS",83.7 horizontal,ir,IP67,,false,,0
geovision-gv-tbl4711,GeoVision,GV-TBL4711,bullet,4MP,4,"1/3"" progressive scan super low lux CMOS",31-98 horizontal,ir,IP67,IK10,false,,0
geovision-gv-tbl4807,GeoVision,GV-TBL4807,bullet,4MP,4,"1/2.7"" progressive scan CMOS",52.1 horizontal,ir,IP67,,false,,0
geovision-gv-tbl4810,GeoVision,GV-TBL4810,bullet,4MP,4,"1/3"" progressive scan super low lux CMOS",98-31 horizontal,ir,IP67,IK10,false,,0
geovision-gv-tbl8804,GeoVision,GV-TBL8804,bullet,4K,8,"1/2.7"" progressive scan super low lux CMOS",86 horizontal,hybrid,IP67,,true,,0
geovision-gv-tbl8810,GeoVision,GV-TBL8810,bullet,4K,8,"1/2.8"" progressive scan low lux CMOS",29.2-107.4 horizontal,ir,IP67,IK10,false,,0
geovision-gv-tblp8800,GeoVision,GV-TBLP8800,panoramic,8MP,8,"1/2.7"" progressive scan CMOS",180 horizontal,ir,IP67,,false,,0
geovision-gv-tdr2702,GeoVision,GV-TDR2702,dome,1080p,2,"1/2.7"" progressive scan low lux CMOS",110 horizontal,ir,IP67,IK10,false,,0
geovision-gv-tdr2704,GeoVision,GV-TDR2704,turret,1080p,2,"1/2.8"" Progressive Scan CMOS",108 horizontal,ir,IP67,,false,2021,0
geovision-gv-tdr2705,GeoVision,GV-TDR2705,dome,1080p,2,"1/2.7"" progressive scan CMOS",112.9 horizontal,ir,IP67,IK10,false,,0
geovision-gv-tdr4700,GeoVision,GV-TDR4700,dome,4MP,4,"1/3"" progressive scan super low lux CMOS",100 horizontal,ir,IP67,IK10,true,,0
geovision-gv-tdr4702,GeoVision,GV-TDR4702,dome,4MP,4,"1/3"" progressive scan super low lux CMOS",101 horizontal,ir,IP67,IK10,false,,0
geovision-gv-tdr4704,GeoVision,GV-TDR4704,turret,4MP,4,"1/2.7"" Progressive Scan CMOS",102 horizontal,ir,IP67,,false,2022,0
geovision-gv-tdr4803,GeoVision,GV-TDR4803,dome,4MP,4,"1/3"" progressive scan super low lux CMOS",101 horizontal,ir,IP67,IK10,true,,0
geovision-gv-tdr8805,GeoVision,GV-TDR8805,turret,4K UHD,8,"1/1.8"" Progressive Scan CMOS",112 horizontal,ir,IP67,,false,2023,0
geovision-gv-tfd4700,GeoVision,GV-TFD4700,dome,4MP,4,"1/3"" progressive scan super low lux CMOS",95 horizontal,ir,,,true,,0
geovision-gv-tfd4800,GeoVision,GV-TFD4800,dome,4MP,4,"1/2.7"" progressive scan CMOS",101.1 horizontal,ir,,,true,,0
geovision-gv-tmeb5800,GeoVision,GV-TMEB5800,turret,256x192 thermal (1280x720 output),0.05,"Vanadium oxide uncooled focal plane detector, 12 um pixel size (thermal); 1/2.7"" progressive scan CMOS (optical, 2592x1944)",56 horizontal (thermal) / 81 horizontal (optical),ir,IP66,,true,,0
geovision-gv-tms20811,GeoVision,GV-TMS20811,panoramic,20MP (4x5MP),20,"1/2.7"" progressive scan (super low lux) CMOS",360 horizontal,ir,IP67,IK10,true,,0
geovision-gv-tms8800,GeoVision,GV-TMS8800,dual-lens,8MP (2x4MP),8,"1/3"" progressive scan (super low lux) CMOS",97.7 horizontal,ir,IP67,IK10,true,,0
geovision-gv-tvd2712,GeoVision,GV-TVD2712,dome,1080p,2,"1/2.7"" progressive scan low lux CMOS",33.4-103.6 horizontal,ir,IP67,IK10,false,,0
geovision-gv-tvd4700,GeoVision,GV-TVD4700,dome,4MP,4,"1/3"" progressive scan super low lux CMOS",29-97 horizontal,ir,IP67,IK10,false,,0
geovision-gv-tvd4710,GeoVision,GV-TVD4710,dome,4MP,4,"1/3"" progressive scan super low lux CMOS",27-91 horizontal,ir,IP67,IK10,false,,0
geovision-gv-tvd4810,GeoVision,GV-TVD4810,dome,4MP,4,"1/3"" progressive scan super low lux CMOS",31-98 horizontal,ir,IP67,IK10,true,,0
geovision-gv-tvd4811,GeoVision,GV-TVD4811,dome,4MP,4,"1/2.7"" progressive scan CMOS",31.05-103.58 horizontal,ir,IP66,IK10,true,,0
geovision-gv-tvd8810,GeoVision,GV-TVD8810,dome,4K,8,"1/2.8"" progressive scan low lux CMOS",29.2-107.4 horizontal,ir,IP67,IK10,true,,0
geovision-gv-vd2702,GeoVision,GV-VD2702,dome,1080p,2,"1/2.8"" progressive scan super low lux CMOS",110-38 horizontal,ir,IP67,IK10,true,,0
geovision-gv-vd2712,GeoVision,GV-VD2712,dome,1080p,2,"1/2.8"" progressive scan super low lux CMOS",110-38 horizontal,ir,IP67,IK10,true,,0
godrej-eve-cube,Godrej,Eve Cube,dome,1080p HD,2,CMOS,100 diagonal,ir,IP20,,true,2022,0
godrej-eve-mini,Godrej,Eve Mini,dome,1.3MP,1.3,CMOS,110 diagonal,color,IP20,,true,2023,0
godrej-eve-nx-pt,Godrej,Eve Nx PT,ptz,1080p HD,2,CMOS,105 diagonal,ir,IP20,,true,2021,0
godrej-eve-pro-outdoor,Godrej,Eve Pro Outdoor,bullet,3MP 2K,3,CMOS,107 horizontal,color,IP67,,false,2024,0
google-nest-cam-battery-2,Google,Nest Cam (Battery) 2nd Gen,bullet,1080p HD,2,,130h,ir,IP54,,true,2024,0
google-nest-cam-indoor-1st-gen,Google,Nest Cam Indoor (1st Gen),dome,1080p,2,"1/3"" CMOS",130 diagonal,ir,,,true,2015,0
google-nest-cam-indoor-3rd-gen,Google,"Nest Cam Indoor (Wired, 3rd Gen)",dome,2K QHD,4,"CMOS (upgraded, wider aperture)",152 diagonal,ir,IP20,,true,2025,0
google-nest-cam-iq-indoor,Google,Nest Cam IQ Indoor,dome,4K sensor (1080p streaming),8,"1/2.5"" 4K CMOS",130 diagonal,ir,,,true,2017,0
google-nest-cam-iq-outdoor,Google,Nest Cam IQ Outdoor,bullet,4K sensor (1080p streaming),8,"1/2.5"" 4K CMOS",130 diagonal,ir,IP66,,true,2017,0
google-nest-cam-outdoor-2nd-gen,Google,"Nest Cam Outdoor (Wired, 2nd Gen)",bullet,2K QHD,4,CMOS (new wider aperture sensor),152 diagonal,color,IP54,,true,2025,0
google-nest-cam-outdoor-wire,Google,Nest Cam Outdoor (Wired),bullet,1080p HD,2,,130h,ir,IP54,,true,2021,0
google-nest-cam-wired-2021,Google,"Nest Cam (Wired, 2nd Gen)",dome,1080p,2,"1/2.8"" CMOS",130 diagonal,ir,IP54,,true,2021,0
google-nest-cam-with-floodlight,Google,Nest Cam with Floodlight,bullet,1080p HD,2,CMOS,145 diagonal,color,IP54,,true,2022,0
google-nest-doorbell-3rd-gen,Google,"Nest Doorbell (Wired, 3rd Gen)",doorbell,2K HDR (2048x2048),4,CMOS,166 diagonal (wider + taller vs Gen 2),color,IP44,,true,2025,0
google-nest-doorbell-battery,Google,Nest Doorbell (Battery),doorbell,960×1280 HD,2,,135h,ir,IP54,,true,2021,0
google-nest-doorbell-wired-2nd-gen,Google,"Nest Doorbell (Wired, 2nd Gen)",doorbell,960x1280 HD,2,CMOS,145 diagonal,ir,IP44,,true,2022,0
grandstream-gsc3610,Grandstream,GSC3610,dome,1080p,2,"1/2.9"" CMOS",,ir,IP67,,false,2020,0
grandstream-gsc3615,Grandstream,GSC3615,bullet,1080p,2,"1/2.9"" CMOS",,ir,IP67,,,2020,0
grandstream-gsc3620,Grandstream,GSC3620,dome,1080p,2,"1/2.9"" CMOS",,ir,IP67,,false,,0
grandstream-gsc3625,Grandstream,GSC3625,box,1080p,2,"1/2.7"" CMOS",,ir,IP67,,,,0
grundig-gd-ci-ac4637p,Grundig,GD-CI-AC4637P,ptz,4MP,3.7,"1/2.8"" progressive scan CMOS",96.7-31.6,ir,IP66,IK10,,,0
grundig-gd-ci-ac6614e,Grundig,GD-CI-AC6614E,turret,6MP,6,"1/2.4"" progressive scan CMOS",105,ir,IP67,,,,0
grundig-gd-ci-ap2605b,Grundig,GD-CI-AP2605B,box,1080p,2,"1/2.7"" progressive scan CMOS",,,,,,,0
grundig-gd-ci-ap2627t,Grundig,GD-CI-AP2627T,bullet,1080p,2,"1/2.8"" progressive scan CMOS",105-35,ir,IP67,IK10,,,0
grundig-gd-ci-ap2627v,Grundig,GD-CI-AP2627V,dome,1080p,2,"1/2.8"" progressive scan CMOS",105-35,ir,IP66,IK10,,,0
grundig-gd-ci-ap4617c,Grundig,GD-CI-AP4617C,box,4MP,4,"1/3"" progressive scan CMOS",98,ir,,,,,0
grundig-gd-ci-ap4617t,Grundig,GD-CI-AP4617T,bullet,4MP,4,"1/3"" progressive scan CMOS",84,ir,IP67,,,,0
grundig-gd-ci-ap4617v,Grundig,GD-CI-AP4617V,dome,4MP,4,"1/3"" progressive scan CMOS",103,ir,IP67,IK10,,,0
grundig-gd-ci-ap4637t,Grundig,GD-CI-AP4637T,bullet,,3.7,"1/3"" progressive scan CMOS",108 ~ 30,ir,IP66,IK10,,,0
grundig-gd-ci-ap4647p,Grundig,GD-CI-AP4647P,ptz,,3.7,"1/2.8"" progressive scan CMOS",55 ~ 2.4,ir,IP66,,,,0
grundig-gd-ci-ap4747p,Grundig,GD-CI-AP4747P,ptz,4MP,3.7,"1/1.8"" progressive scan CMOS",50.8 ~ 2.6,ir,IP66,IK10,true,,0
grundig-gd-ci-ap6637t,Grundig,GD-CI-AP6637T,bullet,6MP,5.8,"1/2.8"" progressive scan CMOS",106 ~ 32,ir,IP66,IK10,true,,0
grundig-gd-ci-ap6637v,Grundig,GD-CI-AP6637V,dome,6MP,6,"1/2.8"" progressive scan CMOS",106 ~ 32,ir,IP67,IK10,,,0
grundig-gd-ci-ap8617e,Grundig,GD-CI-AP8617E,turret,4K,8,"1/2.8"" progressive scan CMOS",107,ir,IP67,,,,0
grundig-gd-ci-at12637t,Grundig,GD-CI-AT12637T,bullet,4K,12,"1/1.7"" progressive scan CMOS",40.2 ~ 14.4,ir,IP67,IK10,,,0
grundig-gd-ci-at20527q,Grundig,GD-CI-AT20527Q,panoramic,,4.9,"1/2.7"" progressive scan CMOS",101 ~ 30,ir,IP67,IK10,true,,0
grundig-gd-ci-at30516q,Grundig,GD-CI-AT30516Q,fisheye,,29.5,"1/1.8"" progressive scan CMOS",102,ir,IP67,IK10,true,,0
grundig-gd-ci-at4634t,Grundig,GD-CI-AT4634T,bullet,4MP,4.1,"1/1.8"" progressive scan CMOS",115 ~ 42,ir,IP67,IK10,true,,0
grundig-gd-ci-at4634v,Grundig,GD-CI-AT4634V,dome,4MP,4,"1/1.8"" progressive scan CMOS",115 ~ 42,ir,IP67,IK10,true,,0
grundig-gd-ci-at8505b,Grundig,GD-CI-AT8505B,box,4K,8,"1/1.8"" progressive scan CMOS",,none,,,,,0
grundig-gd-ci-at8747p,Grundig,GD-CI-AT8747P,ptz,4K,8.3,"1/1.8"" progressive scan CMOS",56.6 ~ 1.7,ir,IP67,IK10,,,0
grundig-gd-ci-bc2615m,Grundig,GD-CI-BC2615M,box,1080p,2,"1/2.8"" progressive scan CMOS",82,,,,,,0
grundig-gd-ci-bp8637t,Grundig,GD-CI-BP8637T,bullet,4K,8.3,"1/1.8"" progressive scan CMOS",108 ~ 46,ir,IP67,IK10,,,0
grundig-gd-ci-bp8637v,Grundig,GD-CI-BP8637V,dome,4K,8,"1/1.8"" progressive scan CMOS",108 ~ 46,ir,IP66,IK10,,,0
grundig-gd-ci-bt4537vh,Grundig,GD-CI-BT4537VH,dome,4MP,4,"1/1.8"" progressive scan CMOS",115 ~ 42,ir,IP67,IK10,,,0
grundig-gd-ci-bt4747p,Grundig,GD-CI-BT4747P,ptz,4MP,4.1,"1/1.8"" progressive scan CMOS",56.6 ~ 1.7,ir,IP67,,,,0
grundig-gd-ci-bt8537th,Grundig,GD-CI-BT8537TH,bullet,4K,8.3,"1/1.8"" progressive scan CMOS",112 ~ 41,ir,IP67,IK10,,,0
grundig-gd-ci-cc2616t,Grundig,GD-CI-CC2616T,bullet,1080p,2,"1/2.7"" progressive scan CMOS",112.1,ir,IP67,,,,0
grundig-gd-ci-cc2616v,Grundig,GD-CI-CC2616V,dome,1080p,2,"1/2.7"" progressive scan CMOS",112.1,ir,IP67,IK10,,,0
grundig-gd-ci-cc4637t,Grundig,GD-CI-CC4637T,bullet,4MP,4,"1/3"" progressive scan CMOS",96 ~ 29,ir,IP67,,,,0
grundig-gd-ci-cc4637v,Grundig,GD-CI-CC4637V,dome,4MP,4,"1/3"" progressive scan CMOS",98-28,ir,IP67,IK10,,,0
grundig-gd-ci-cp2647p,Grundig,GD-CI-CP2647P,ptz,2MP,2.1,"1/2.8"" progressive scan CMOS",54.9-2.7,ir,IP66,,true,,0
grundig-gd-ci-cp2747p,Grundig,GD-CI-CP2747P,ptz,2MP,2.1,"1/2.8"" progressive scan CMOS",55.6-2.04,ir,IP66,IK10,true,,0
grundig-gd-ci-cp4617w,Grundig,GD-CI-CP4617W,dome,4MP,4,"1/3"" progressive scan CMOS",104.3,ir,IP67,IK08,,,0
grundig-gd-ci-cp4637e,Grundig,GD-CI-CP4637E,turret,4MP,4,"1/3"" progressive scan CMOS",98-28,ir,IP67,IK10,true,,0
grundig-gd-ci-cp4637v,Grundig,GD-CI-CP4637V,dome,4MP,4,"1/3"" progressive scan CMOS",108-30,ir,IP66,IK10,true,,0
grundig-gd-ci-ct12617f,Grundig,GD-CI-CT12617F,fisheye,12MP,12,"1/1.8"" progressive scan CMOS",180,ir,IP67,IK10,,,0
grundig-gd-ci-ct4537t,Grundig,GD-CI-CT4537T,bullet,4MP,4.1,"1/2.5"" progressive scan CMOS",55.8 ~ 2.8,ir,IP67,IK10,,,0
grundig-gd-ci-ct4537th,Grundig,GD-CI-CT4537TH,bullet,4MP,4.1,"1/1.8"" progressive scan CMOS",115 ~ 42,ir,IP67,IK10,,,0
grundig-gd-ci-ct4747p,Grundig,GD-CI-CT4747P,ptz,4MP,3.7,"1/1.8"" progressive scan CMOS",56.6 ~ 1.7,ir,IP67,IK10,,,0
grundig-gd-ci-ct8637t,Grundig,GD-CI-CT8637T,bullet,4K,8.3,"1/1.8"" progressive scan CMOS",42.5 ~ 15.1,ir,IP67,IK10,,,0
grundig-gd-ci-dc2616t,Grundig,GD-CI-DC2616T,bullet,1080p,2,"1/2.7"" progressive scan CMOS",90.2,ir,IP67,,,,0
grundig-gd-ci-dp4617w,Grundig,GD-CI-DP4617W,dome,4MP,4,"1/3"" progressive scan CMOS",84,ir,IP67,IK08,,,0
grundig-gd-ci-dt4637t,Grundig,GD-CI-DT4637T,bullet,4MP,4.1,"1/1.8"" progressive scan CMOS",112 ~ 41,ir,IP67,IK10,,,0
grundig-gd-ci-ec4617t,Grundig,GD-CI-EC4617T,bullet,4MP,4,"1/3"" progressive scan CMOS",100,ir,IP67,,,,0
grundig-gd-ci-ec4617v,Grundig,GD-CI-EC4617V,dome,4MP,4,"1/3"" progressive scan CMOS",100,ir,IP67,IK10,,,0
grundig-gd-ci-et4537th,Grundig,GD-CI-ET4537TH,bullet,4MP,4.1,"1/1.8"" progressive scan CMOS",42.5 ~ 15.1,ir,IP67,IK10,true,,0
grundig-gd-ci-et4637t,Grundig,GD-CI-ET4637T,bullet,4MP,4.1,"1/1.8"" progressive scan CMOS",42.5 ~ 15.1,ir,IP67,IK10,,,0
grundig-gd-ci-fc4617t,Grundig,GD-CI-FC4617T,bullet,4MP,4,"1/3"" progressive scan CMOS",76,ir,IP67,,,,0
grundig-gd-ci-fc4617v,Grundig,GD-CI-FC4617V,dome,4MP,4,"1/3"" progressive scan CMOS",76,ir,IP67,IK10,,,0
grundig-gd-ct-ac2105b,Grundig,GD-CT-AC2105B,box,1080p,2,2 Megapixel progressive scan CMOS,,,,,,,0
grundig-gd-ct-ac2113e,Grundig,GD-CT-AC2113E,turret,1080p,2,2 Megapixel progressive scan CMOS,106,ir,IP66,,,,0
grundig-gd-ct-ap2117e,Grundig,GD-CT-AP2117E,turret,1080p,2,2 Megapixel progressive scan CMOS,103.5,ir,IP67,,,,0
grundig-gd-ct-ap2837t,Grundig,GD-CT-AP2837T,bullet,1080p,2,2 Megapixel progressive scan CMOS,103,ir,IP67,,,,0
grundig-gd-ct-ap2837v,Grundig,GD-CT-AP2837V,dome,1080p,2,2 Megapixel progressive scan CMOS,103,ir,IP50,,,,0
grundig-gd-ct-ap5826v,Grundig,GD-CT-AP5826V,dome,5MP,5,5 Megapixel progressive scan CMOS,102,ir,IP50,,,,0
grundig-gd-ct-bc2116t,Grundig,GD-CT-BC2116T,bullet,1080p,2,2 Megapixel progressive scan CMOS,82.2,ir,IP66,,,,0
grundig-gd-ct-bc2126t,Grundig,GD-CT-BC2126T,bullet,1080p,2,2 Megapixel progressive scan CMOS,100-30,ir,IP67,,,,0
grundig-gd-ct-bp2247p,Grundig,GD-CT-BP2247P,ptz,1080p,2,2 Megapixel progressive scan CMOS,57.6-2.5,ir,IP66,,,,0
grundig-gd-ct-bp5837t,Grundig,GD-CT-BP5837T,bullet,5MP,5,5 Megapixel progressive scan CMOS,95-26,ir,IP67,,,,0
grundig-gd-ct-cc2126v,Grundig,GD-CT-CC2126V,dome,1080p,2,2 Megapixel progressive scan CMOS,100-30,ir,IP67,IK10,,,0
grundig-gd-ct-cp2837v,Grundig,GD-CT-CP2837V,dome,1080p,2,2 Megapixel progressive scan CMOS,103-32.1,ir,IP67,IK10,,,0
grundig-gd-ti-ap1614v,Grundig,GD-TI-AP1614V,dome,4MP,4.1,"1/2.7"" progressive scan CMOS",119.34,ir,IP66,,true,,0
grundig-gd-ti-ap4503t,Grundig,GD-TI-AP4503T,dome,4MP,4.1,"1/2.7"" progressive scan CMOS",84,ir,IP67,,true,,0
grundig-gd-ti-ap4507t,Grundig,GD-TI-AP4507T,dome,4MP,4.1,"1/2.7"" progressive scan CMOS",53,ir,IP67,,true,,0
grundig-gd-ti-ap4510t,Grundig,GD-TI-AP4510T,bullet,4MP,4.1,"1/2.7"" progressive scan CMOS",39.4,ir,IP67,,true,,0
grundig-gd-ti-at2604t,Grundig,GD-TI-AT2604T,bullet,thermal 384 x 288,0.1,Vanadium Oxide Uncooled Focal Plane Array,60,,IP66,,,,0
grundig-gd-ti-at2607t,Grundig,GD-TI-AT2607T,bullet,thermal 384 x 288,0.1,Vanadium Oxide Uncooled Focal Plane Array,42,,IP67,IK10,,,0
grundig-gd-ti-at2610t,Grundig,GD-TI-AT2610T,bullet,thermal 384 x 288,0.1,Vanadium Oxide Uncooled Focal Plane Array,26,,IP66,,,,0
grundig-gd-ti-at3607t,Grundig,GD-TI-AT3607T,bullet,thermal 640 x 512,0.3,Vanadium Oxide Uncooled Focal Plane Array,88.5,,IP66,IK10,,,0
grundig-gd-ti-at3625t,Grundig,GD-TI-AT3625T,bullet,thermal 640 x 512,0.3,Vanadium Oxide Uncooled Focal Plane Array,22.9,,IP66,IK10,,,0
grundig-gd-ti-bp1603t,Grundig,GD-TI-BP1603T,dome,,4.1,"1/2.7"" progressive scan CMOS",84,ir,IP66,,,,0
grundig-gd-ti-bp1603v,Grundig,GD-TI-BP1603V,dome,,4.1,"1/2.7"" progressive scan CMOS",,ir,IP66,,,,0
grundig-gd-ti-bp1606t,Grundig,GD-TI-BP1606T,dome,,4.1,"1/2.7"" progressive scan CMOS",39.4,ir,IP66,,,,0
grundig-gd-ti-bp1610t,Grundig,GD-TI-BP1610T,dome,,4.1,"1/2.7"" progressive scan CMOS",39.4,ir,IP66,,,,0
grundig-gd-ti-ct2510t,Grundig,GD-TI-CT2510T,bullet,,4.1,"1/2.7"" progressive scan CMOS",84,ir,IP67,,,,0
hanwha-ane-l6012r,Hanwha,ANE-L6012R,turret,1080p,2,"1/2.8"" CMOS",108 horizontal / 59 vertical,ir,IP67,IK10,false,2022,0
hanwha-ano-l7082r,Hanwha,ANO-L7082R,bullet,4MP,4,"1/2.8"" CMOS",94.8 (wide) - 28.1 (tele) horizontal,ir,IP66,,false,,0
hanwha-anv-l7082r,Hanwha,ANV-L7082R,dome,4MP,4,"1/2.8"" CMOS",94.8 (wide) - 28.1 (tele) horizontal,ir,IP66,IK10,false,,0
hanwha-pnb-a9001,Hanwha,PNB-A9001,box,4K UHD,8,"1/1.8"" CMOS",,none,,,true,2020,0
hanwha-pnd-9080r,Hanwha,PND-9080R,dome,4K/12MP,12,"1/1.7"" 12.4MP CMOS",100.3-45.6 horizontal / 49.7-24.0 vertical (4K mode),ir,,IK08,false,2019,0
hanwha-pnd-a9081rv,Hanwha,PND-A9081RV,dome,4K UHD,8,"1/1.8"" CMOS",101.4-45.5 horizontal / 53.6-25.5 vertical,ir,IP52,IK10,false,2020,0
hanwha-pnm-9000vq,Hanwha,PNM-9000VQ,panoramic,8-20MP (4x 2MP/5MP modules),20,4x exchangeable CMOS lens modules (2MP or 5MP),up to 360 total (4 repositionable modules),none,IP66,IK10,false,,0
hanwha-pnm-9031rv,Hanwha,PNM-9031RV,panoramic,15MP,15,"1/2.8"" CMOS",195.3-197 horizontal / 63.6 vertical,ir,IP66,IK10,false,2021,0
hanwha-pnm-9322vqp,Hanwha,PNM-9322VQP,ptz,10-22MP total (4x 2MP/5MP modules + 2MP PTZ),22,"4x exchangeable CMOS lens modules (2MP/5MP) + 1/2.8"" CMOS (PTZ channel)",PTZ: 61.8 (wide) - 2.19 (tele) horizontal; modules: per lens option,none,IP66,IK10,false,,0
hanwha-pnm-c16083rvq,Hanwha,PNM-C16083RVQ,panoramic,16MP total (4x 4MP channels),16,"4x 1/2.8"" CMOS",100-53 horizontal / 54-30 vertical / 125-61 diagonal (per channel),ir,IP66,IK10,false,2023,0
hanwha-pnm-c34404rqpz,Hanwha,PNM-C34404RQPZ,ptz,34MP total (4x 4K PTRZ + 2MP 40x PTZ),34,"5x 1/2.8"" CMOS (4 multi-directional + 1 PTZ)",109-56 horizontal / 55-31 vertical per 4K channel; 65.66-1.88 horizontal (PTZ),ir,IP66,IK10,false,2023,0
hanwha-pnm-c9022rv,Hanwha,PNM-C9022RV,panoramic,8MP,8,"1/2.8"" CMOS",209 horizontal / 60 vertical,ir,IP66,IK10,false,2022,0
hanwha-pno-a9081r,Hanwha,PNO-A9081R,bullet,4K UHD,8,"1/1.8"" CMOS",101.4-45.5 horizontal / 53.6-25.5 vertical / 120.7-52.3 diagonal,ir,IP66/IP67/IP6K9K,,false,2020,0
hanwha-pnv-a9081r,Hanwha,PNV-A9081R,dome,4K UHD,8,"1/1.8"" CMOS",101.4-45.5 horizontal / 53.6-25.5 vertical,ir,IP66/IP67/IP6K9K,IK11,false,2020,0
hanwha-qnd-6082r,Hanwha,QND-6082R,dome,1080p,2,"1/2.8"" 2MP CMOS",109.0-33.2 horizontal / 57.4-18.7 vertical,ir,,,false,,0
hanwha-qnd-6082r1,Hanwha,QND-6082R1,dome,1080p,2,"1/2.8"" 2MP CMOS",109-33 horizontal / 58-18 vertical,ir,,,false,,0
hanwha-qnd-8020r,Hanwha,QND-8020R,dome,5MP,5,"1/2.8"" 5MP CMOS",79.8 horizontal / 58.1 vertical,ir,,,false,2019,0
hanwha-qnd-8080r-kr,Hanwha,QND-8080R (Korea),dome,5MP,5,"1/2.8"" 5MP CMOS",100.3-31.2 horizontal / 72.3-23.5 vertical,ir,,,false,2019,0
hanwha-qne-8021r,Hanwha,QNE-8021R,turret,5MP,5,"1/2.8"" 5MP CMOS",80.1 horizontal / 58.0 vertical,ir,IP67,IK10,false,2019,0
hanwha-qne-c8013rl,Hanwha,QNE-C8013RL,turret,5MP,5,"1/2.8"" CMOS",97 horizontal / 71 vertical,hybrid,IP66/IP67,IK10,false,,0
hanwha-qne-c9013rl,Hanwha,QNE-C9013RL,turret,4K UHD,8,"1/2.8"" CMOS",108 horizontal / 59 vertical,hybrid,IP66/IP67,IK10,false,,0
hanwha-qno-6082r1,Hanwha,QNO-6082R1,bullet,1080p,2,"1/2.8"" 2MP CMOS",109.0 horizontal / 57.4 vertical (wide),ir,IP66,IK10,false,,0
hanwha-qno-8030r,Hanwha,QNO-8030R,bullet,5MP,5,"1/2.8"" 5MP CMOS",49.4 horizontal / 37.4 vertical,ir,IP66,IK10,false,2019,0
hanwha-qno-8080r,Hanwha,QNO-8080R,bullet,5MP,5,"1/2.8"" 5MP CMOS",100.3-31.2 horizontal / 72.3-23.5 vertical,ir,IP66,IK10,false,2019,0
hanwha-qno-8080r-mena,Hanwha,QNO-8080R (MENA),bullet,5MP,5,"1/2.8"" 5MP CMOS",100.3-31.2 horizontal / 72.3-23.5 vertical,ir,IP66,IK10,false,2019,0
hanwha-qno-c9083r,Hanwha,QNO-C9083R,bullet,4K UHD,8,"1/2.8"" CMOS",104-31 horizontal / 55-17 vertical,ir,IP66,IK10,false,2023,0
hanwha-qnp-6250r,Hanwha,QNP-6250R,ptz,1080p,2,"1/2.8"" CMOS",64.66-2.99 horizontal / 38.08-1.68 vertical,ir,IP66,IK10,false,2021,0
hanwha-qnv-6082r1,Hanwha,QNV-6082R1,dome,1080p,2,"1/2.8"" 2MP CMOS",109.0-33.2 horizontal / 57.4-18.7 vertical,ir,IP66,IK10,false,,0
hanwha-qnv-8030r,Hanwha,QNV-8030R,dome,5MP,5,"1/2.8"" 5MP CMOS",49.4 horizontal / 37.4 vertical,ir,IP66,IK10,false,2019,0
hanwha-qnv-8080r,Hanwha,QNV-8080R,dome,5MP,5,"1/2.8"" 5MP CMOS",101-31 horizontal / 73-23 vertical,ir,IP66,IK10,false,2019,0
hanwha-qnv-8080r-mena,Hanwha,QNV-8080R (MENA),dome,5MP,5,"1/2.8"" 5MP CMOS",101-31 horizontal / 73-23 vertical,ir,IP66,IK10,false,2019,0
hanwha-qnv-8080rb,Hanwha,QNV-8080RB,dome,5MP,5,"1/2.8"" 5MP CMOS",101-31 horizontal / 73-23 vertical,ir,IP66,IK10,false,,0
hanwha-qnv-c9083r,Hanwha,QNV-C9083R,dome,4K UHD,8,"1/2.8"" CMOS",104-31 horizontal / 55-17 vertical,ir,IP66,IK10,false,2023,0
hanwha-snb-6003,Hanwha,SNB-6003,box,1080p,2,"1/3"" Super HAD progressive scan CCD",,ir,,,true,2013,0
hanwha-snb-6004,Hanwha,SNB-6004,box,1080p,2,"1/3"" Super HAD progressive scan CCD",,ir,,,true,2013,0
hanwha-snd-6083,Hanwha,SND-6083,dome,1080p,2,,,ir,,,true,2013,0
hanwha-snd-6084,Hanwha,SND-6084,dome,1080p,2,,,ir,,,true,2013,0
hanwha-snd-6084r,Hanwha,SND-6084R,dome,1080p,2,,,ir,,,true,2013,0
hanwha-sno-6084r,Hanwha,SNO-6084R,bullet,1080p,2,"1/3"" Super HAD progressive scan CCD",,ir,IP66,,,2013,0
hanwha-sno-7082r,Hanwha,SNO-7082R,bullet,3MP,3,,,ir,IP66,,,2013,0
hanwha-snv-5080,Hanwha,SNV-5080,dome,1.3MP,1.3,,,,IP66,IK10,true,2013,0
hanwha-snv-6084,Hanwha,SNV-6084,dome,1080p,2,,,ir,IP66,,,2013,0
hanwha-snv-6084r,Hanwha,SNV-6084R,dome,1080p,2,,,ir,IP66,IK10,true,2013,0
hanwha-tnv-8011c,Hanwha,TNV-8011C,dome,5MP,5,"1/2.8"" CMOS",131 horizontal / 93.4 vertical,none,IP66,IK10,false,2021,0
hanwha-tnv-c7013rc,Hanwha,TNV-C7013RC,dome,3MP,3,"1/1.8"" CMOS",128 horizontal / 100 vertical,ir,IP66/IP69,IK11,false,2023,0
hanwha-xnd-a9085rv,Hanwha,XND-A9085RV,dome,4K UHD,8,"1/1.8"" CMOS",113-47 horizontal / 58-26 vertical,ir,IP52,IK10,false,2025,0
hanwha-xno-a9084r,Hanwha,XNO-A9084R,bullet,4K UHD,8,"1/1.8"" CMOS",113-47 horizontal,ir,IP66/IP67/NEMA4X,IK10,false,2025,0
hanwha-xno-c7083r,Hanwha,XNO-C7083R,bullet,4MP,4,"1/2.8"" progressive CMOS",109.7-30.4 horizontal,ir,IP66/IP67/NEMA4X,IK10,false,2021,0
hanwha-xno-c9083r,Hanwha,XNO-C9083R,bullet,4K UHD,8,"1/1.8"" progressive CMOS",112.1-47.5 horizontal,ir,IP66/IP67/NEMA4X,IK10,false,2022,0
hanwha-xnp-9300rw,Hanwha,XNP-9300RW,ptz,4K UHD,8,"1/2.8"" CMOS",57.4-2.2 horizontal / 33.5-1.3 vertical,ir,IP66,IK10,false,2023,0
hanwha-xnv-8080r,Hanwha,XNV-8080R,dome,5MP,5,"1/1.8"" 6M CMOS",92.1-38.7 horizontal / 67.2-29.0 vertical / 119.9-48.6 diagonal,ir,IP66/IP67,IK10,true,,0
hanwha-xnv-8093r,Hanwha,XNV-8093R,dome,6MP,6,"1/1.8"" CMOS",42-15 horizontal,ir,IP66/IP67/IP6K9K,IK11,false,,0
hanwha-xnv-9083rz,Hanwha,XNV-9083RZ,dome,4K UHD,8,"1/1.8"" progressive scan CMOS",113-47 horizontal / 58 vertical (wide),ir,IP66/IP67/IP6K9K,IK11,false,,0
hanwha-xnv-a9084r,Hanwha,XNV-A9084R,dome,4K UHD,8,"1/1.8"" CMOS",113-47 horizontal / 58-26 vertical / 138-54 diagonal,ir,IP66/IP67,IK10,false,,0
hanwha-xnv-a9084rs,Hanwha,XNV-A9084RS,dome,4K UHD,8,"1/1.8"" CMOS",113-47 horizontal / 58-26 vertical / 138-54 diagonal,ir,IP66/IP67/IP68,IK11,false,2025,0
hanwha-xnv-c7083r,Hanwha,XNV-C7083R,dome,4MP,4,"1/2.8"" progressive scan CMOS",109.7-30.4 horizontal / 60.8-17.8 vertical / 131.3-35.3 diagonal,ir,IP66/IP67,IK10,false,2022,0
hifocus-hc-ipc-b4262,Hi-Focus,HC-IPC-B4262,dome,5MP,5,"1/2.7"" CMOS",105.6,ir,IP67,IK10,false,,0
hifocus-hc-ipc-d4212du-vf-x,Hi-Focus,HC-IPC-D4212DU-VF-X,dome,1080p,2,"1/2.8"" progressive-scan CMOS",112.7,ir,IP67,IK10,true,,0
hifocus-hc-ipc-d4212w-vf,Hi-Focus,HC-IPC-D4212W-VF,dome,1080p,2,"1/2.8"" progressive-scan CMOS",,ir,IP67,,false,,0
hifocus-hc-ipc-d4214dz-vf,Hi-Focus,HC-IPC-D4214DZ-VF,dome,5MP,5,"1/2.7"" progressive-scan CMOS",106.25-30.42,ir,IP67,IK10,false,,0
hifocus-hc-ipc-d4215da-0280,Hi-Focus,HC-IPC-D4215DA-0280,dome,4K/8MP,8,"1/2.8"" CMOS",107.4-29.2,ir,IP67,IK10,true,,0
hifocus-hc-ipc-d4215dv-0280,Hi-Focus,HC-IPC-D4215DV-0280,dome,5MP,5,"1/2.7"" progressive-scan CMOS",102,ir,IP67,IK10,false,,0
hifocus-hc-ipc-d4215dzs-vf,Hi-Focus,HC-IPC-D4215DZS-VF,dome,5MP,5,"1/2.5"" progressive-scan CMOS",80-38,ir,IP67,IK10,false,,0
hifocus-hc-ipc-d4312dz-vf,Hi-Focus,HC-IPC-D4312DZ-VF,dome,1080p,2,"1/2.8"" CMOS",94-28,ir,IP67,IK10,true,,0
hifocus-hc-ipc-di3212dvzk-n5-o,Hi-Focus,HC-IPC-DI3212DVZK-N5-O,dome,1080p,2,"1/2.8"" Sony Starvis CMOS",98.3-32.2,ir,IP66,IK10,true,,0
hifocus-hc-ipc-di3215dvzk-n5-o,Hi-Focus,HC-IPC-DI3215DVZK-N5-O,dome,5MP,5,"1/2.7"" progressive-scan CMOS",102.9-31.4,ir,IP66,IK10,false,,0
hifocus-hc-ipc-dqa4318l-twl-0280,Hi-Focus,HC-IPC-DQA4318L-TWL-0280,dome,4MP (8MP sensor),4,"1/1.8"" progressive-scan CMOS",110.4-89.4,color,IP67,,false,,0
hifocus-hc-ipc-dt4215-0280,Hi-Focus,HC-IPC-DT4215-0280,dome,5MP,5,"1/2.7"" CMOS",115,ir,IP67,,true,,0
hifocus-hc-ipc-rg31t,Hi-Focus,HC-IPC-RG31T,ptz,3MP,3,"1/3"" color CMOS",105,ir,,,true,,0
hifocus-hc-ipc-rg31tl,Hi-Focus,HC-IPC-RG31TL,ptz,3MP,3,,103,ir,,,true,,0
hifocus-hc-ipc-sd0440t-al,Hi-Focus,HC-IPC-SD0440T-AL,ptz,4MP,4,"1/2.7"" BSI CMOS (NIR+)",97-31,hybrid,IP66,IK10,true,,0
hifocus-hc-ipc-sd3380e,Hi-Focus,HC-IPC-SD3380E,ptz,4K/8MP,8,"1/2.8"" CMOS",,ir,IP67,,false,,0
hifocus-hc-ipc-sd3820sr,Hi-Focus,HC-IPC-SD3820SR,ptz,5MP,5,"1/2.8"" progressive-scan CMOS",,ir,IP67,,true,,0
hifocus-hc-ipc-sd4420-x33-ex,Hi-Focus,HC-IPC-SD4420-X33-EX,ptz,2MP,2,"1/2.8"" CMOS",,ir,IP68,,false,,0
hifocus-hc-ipc-sdbg31t,Hi-Focus,HC-IPC-SDBG31T,ptz,3MP,3,,108,hybrid,,,true,,0
hifocus-hc-ipc-sdbg41t,Hi-Focus,HC-IPC-SDBG41T,ptz,4MP,4,,108,hybrid,,,true,,0
hifocus-hc-ipc-sdq53320s,Hi-Focus,HC-IPC-SDQ53320S,ptz,2MP,2,"1/2.8"" CMOS",,ir,IP66,,true,,0
hifocus-hc-ipc-sdqa20540-s,Hi-Focus,HC-IPC-SDQA20540-S,ptz,5MP,5,"1/2.7"" CMOS",,ir,,,true,,0
hifocus-hc-ipc-t4212er5-0600,Hi-Focus,HC-IPC-T4212ER5-0600,bullet,1080p,2,"1/2.8"" progressive-scan CMOS",106.7,ir,IP67,,false,,0
hifocus-hc-ipc-t4212u-0600,Hi-Focus,HC-IPC-T4212U-0600,bullet,1080p,2,"1/2.8"" CMOS",,ir,IP67,,false,,0
hifocus-hc-ipc-t4213d-vf,Hi-Focus,HC-IPC-T4213D-VF,bullet,1080p,2,"1/2.8"" CMOS",94-28,ir,IP67,,true,,0
hifocus-hc-ipc-t4214a-0600,Hi-Focus,HC-IPC-T4214A-0600,bullet,4MP,4,"1/2.9"" CMOS",,color,IP67,,false,,0
hifocus-hc-ipc-t4214dz-vf,Hi-Focus,HC-IPC-T4214DZ-VF,bullet,4MP,4,"1/3"" progressive-scan CMOS",105-35,ir,IP67,IK10,false,,0
hifocus-hc-ipc-t4214sr5-0600,Hi-Focus,HC-IPC-T4214SR5-0600,bullet,5MP,5,"1/2.7"" progressive-scan CMOS",93.38-28.56,ir,IP67,,true,,0
hifocus-hc-ipc-t4215t12-0400,Hi-Focus,HC-IPC-T4215T12-0400,bullet,5MP,5,"1/2.8"" CMOS",82,ir,IP66,,true,,0
hifocus-hc-ipc-ti4312dvzk-n8-o,Hi-Focus,HC-IPC-TI4312DVZK-N8-O,turret,1080p,2,"1/2.8"" Sony Starvis CMOS",102.9-31.4,ir,IP67,IK10,true,,0
hifocus-hc-ipc-ti4315dvzk-n8-o,Hi-Focus,HC-IPC-TI4315DVZK-N8-O,turret,5MP,5,"1/2.7"" progressive-scan CMOS",98.3-32.2,ir,IP67,IK10,true,,0
hifocus-hc-ipc-tqa4415l-twl-0600,Hi-Focus,HC-IPC-TQA4415L-TWL-0600,bullet,5MP,5,"1/1.8"" CMOS",88.2,color,IP67,,true,,0
hifocus-hc-ipc-tsa3300n3-pe-dl,Hi-Focus,HC-IPC-TSA3300N3-PE-DL,bullet,3MP,3,"1/3"" CMOS",69,hybrid,IP67,,false,,0
hifocus-hc-ipc-tv31e-4g,Hi-Focus,HC-IPC-TV31E-4G,bullet,3MP,3,"1/2.8"" CMOS",,hybrid,IP67,,true,,0
hifocus-hc-lpc-tqa4312l-twl-0400,Hi-Focus,HC-LPC-TQA4312L-TWL-0400,bullet,1080p,2,"1/2.7"" CMOS",77.5,color,IP67,,false,,0
hifocus-hc-lpc-tqa4318l-twl-0400,Hi-Focus,HC-LPC-TQA4318L-TWL-0400,bullet,4K/8MP,8,"1/1.8"" progressive-scan CMOS",99.0-77.5,color,IP67,,false,,0
hifocus-hc-sdg30n3-4g,Hi-Focus,HC-SDG30N3-4G,ptz,3MP,3,,,hybrid,IP66,,true,,0
hifocus-hc-sdg31t-4g,Hi-Focus,HC-SDG31T-4G,ptz,3MP,3,,98.9,hybrid,IP66,,true,,0
hifocus-hc-sdg42t,Hi-Focus,HC-SDG42T,ptz,4MP,4,"1/2.8"" CMOS",104,hybrid,,,true,,0
hifocus-hipc-d3022-dl-i2,Hi-Focus,HIPC-D3022-DL-I2,dome,1080p,2,"1/2.8"" CMOS",,hybrid,IP66,,false,,0
hifocus-hipc-d3022e-i2,Hi-Focus,HIPC-D3022E-I2,dome,1080p,2,"1/2.8"" Sony Starvis CMOS",,hybrid,IP66,,false,,0
hifocus-hipc-d3024-dl-i2,Hi-Focus,HIPC-D3024-DL-I2,dome,4MP,4,"1/2.7"" CMOS",,hybrid,IP67,,false,,0
hifocus-hipc-d3024e-i2,Hi-Focus,HIPC-D3024E-I2,dome,4MP,4,"1/2.8"" CMOS",,ir,IP66,,false,,0
hifocus-hipc-d3112-dls-i2,Hi-Focus,HIPC-D3112-DLS-I2,dome,1080p,2,"1/2.8"" CMOS",,hybrid,IP67,,true,,0
hifocus-hipc-d3115-dls-i2,Hi-Focus,HIPC-D3115-DLS-I2,dome,5MP,5,"1/2.7"" CMOS",,hybrid,IP67,,true,,0
hifocus-hipc-d3304-dls-r1,Hi-Focus,HIPC-D3304-DLS-R1,dome,4MP,4,"1/3"" CMOS",,hybrid,IP66,,true,,0
hifocus-hipc-d3312-dls-i2,Hi-Focus,HIPC-D3312-DLS-I2,dome,1080p,2,"1/2.8"" CMOS",102.9,hybrid,IP66,,true,,0
hifocus-hipc-d3315-dls-i2,Hi-Focus,HIPC-D3315-DLS-I2,dome,5MP,5,"1/2.7"" Sony CMOS",102.9,hybrid,IP66,,true,,0
hifocus-hipc-d3512-kvdl-i2,Hi-Focus,HIPC-D3512-KVDL-I2,dome,1080p,2,"1/2.7"" CMOS",,hybrid,IP67,IK10,false,,0
hifocus-hipc-t4022-dl-i2,Hi-Focus,HIPC-T4022-DL-I2,bullet,1080p,2,"1/2.8"" CMOS",,hybrid,IP67,,false,,0
hifocus-hipc-t4022e-i2,Hi-Focus,HIPC-T4022E-I2,turret,1080p,2,"1/2.8"" Sony Starvis CMOS",,ir,IP67,,false,,0
hifocus-hipc-t4024-dl-i2,Hi-Focus,HIPC-T4024-DL-I2,turret,4MP,4,"1/2.7"" CMOS",,hybrid,IP67,,false,,0
hifocus-hipc-t4024e-i2,Hi-Focus,HIPC-T4024E-I2,turret,4MP,4,"1/2.8"" CMOS",,ir,IP67,,false,,0
hifocus-hipc-t4404-dl-r1,Hi-Focus,HIPC-T4404-DL-R1,bullet,4MP,4,"1/3"" CMOS",,hybrid,IP67,,false,,0
hifocus-hipc-t4504-adl-r1,Hi-Focus,HIPC-T4504-ADL-R1,bullet,4MP,4,"1/3"" CMOS",,hybrid,IP67,,false,,0
hifocus-hipc-t4504-dls-r1,Hi-Focus,HIPC-T4504-DLS-R1,bullet,4MP,4,"1/3"" CMOS",,hybrid,IP67,,true,,0
hifocus-hipc-t4512-adls-i2,Hi-Focus,HIPC-T4512-ADLS-I2,turret,4MP,4,"1/3"" CMOS",,hybrid,IP67,,false,,0
hifocus-hipc-t4515-adls-i2,Hi-Focus,HIPC-T4515-ADLS-I2,turret,5MP,5,"1/2.7"" Sony CMOS",102.9,hybrid,IP67,,true,,0
hifocus-hipc-t4804-dls-r1,Hi-Focus,HIPC-T4804-DLS-R1,bullet,4MP,4,"1/3"" CMOS",,hybrid,IP67,,true,,0
hifocus-hipc-t4815-kdls-i2,Hi-Focus,HIPC-T4815-KDLS-I2,turret,5MP,5,"1/2.7"" Sony CMOS",102.9,hybrid,IP67,,true,,0
hikvision-ds-2ae4215itg,Hikvision,DS-2AE4215ITG,ptz,1080p,2,"1/2.8"" CMOS",57.6h,ir,IP66,,false,,0
hikvision-ds-2ae4215tg,Hikvision,DS-2AE4215TG,ptz,1080p,2,"1/2.8"" CMOS",57.6h,none,IP66,,false,,0
hikvision-ds-2ae4215tg-3,Hikvision,DS-2AE4215TG-3,ptz,1080p,2,"1/2.8"" CMOS",57.6h,none,,,false,,0
hikvision-ds-2ae4225itg,Hikvision,DS-2AE4225ITG,ptz,1080p,2,"1/2.8"" CMOS",57.6h,ir,IP66,,false,,0
hikvision-ds-2ae4225tg,Hikvision,DS-2AE4225TG,ptz,1080p,2,"1/2.8"" CMOS",57.6h,none,IP66,,false,,0
hikvision-ds-2ae4225tg-3,Hikvision,DS-2AE4225TG-3,ptz,1080p,2,"1/2.8"" CMOS",57.6h,none,,,false,,0
hikvision-ds-2ae4425itg,Hikvision,DS-2AE4425ITG,ptz,4MP,4,"1/2.8"" CMOS",55h,ir,IP66,,false,,0
hikvision-ds-2ae5225itg,Hikvision,DS-2AE5225ITG,ptz,1080p,2,"1/2.8"" CMOS",57.6h,ir,IP66,,false,,0
hikvision-ds-2ae5225tg,Hikvision,DS-2AE5225TG,ptz,1080p,2,"1/2.8"" CMOS",57.6h,none,IP66,IK10,false,,0
hikvision-ds-2ae5232itg,Hikvision,DS-2AE5232ITG,ptz,1080p,2,"1/2.8"" CMOS",55h,ir,IP66,,false,,0
hikvision-ds-2ae5232tg,Hikvision,DS-2AE5232TG,ptz,1080p,2,"1/2.8"" CMOS",55h,none,IP66,IK10,false,,0
hikvision-ds-2ae5425itg,Hikvision,DS-2AE5425ITG,ptz,4MP,4,"1/2.8"" CMOS",55h,ir,IP66,,false,,0
hikvision-ds-2ae7232itg,Hikvision,DS-2AE7232ITG,ptz,1080p,2,"1/2.8"" CMOS",55 horizontal/33 vertical/61.5 diagonal (wide end),ir,IP66,,false,,0
hikvision-ds-2cc12d9t-a,Hikvision,DS-2CC12D9T-A,box,1080p,2,"1/3"" 2MP ultra-low-light CMOS",,none,,,false,,0
hikvision-ds-2cc12d9t-ait3ze,Hikvision,DS-2CC12D9T-AIT3ZE,bullet,1080p,2,2MP ultra-low-light CMOS,32.1-98,ir,IP67,,false,,0
hikvision-ds-2cd1021g2-iu,Hikvision,DS-2CD1021G2-IU,bullet,1080p,2,"1/2.9"" Progressive Scan CMOS",94 horizontal (2.8mm) / 80 horizontal (4mm),ir,IP67,,false,2026,0
hikvision-ds-2cd1021g2-liu,Hikvision,DS-2CD1021G2-LIU,bullet,1080p,2,"1/2.9"" Progressive Scan CMOS",101 horizontal (2.8mm) / 80 horizontal (4mm),hybrid,IP67,,false,2026,0
hikvision-ds-2cd1023g0e-i,Hikvision,DS-2CD1023G0E-I,bullet,1080p,2,"1/2.7"" Progressive Scan CMOS",112.1 horizontal (2.8mm) / 90.2 horizontal (4mm),ir,IP67,,false,,0
hikvision-ds-2cd1023g2-iuf,Hikvision,DS-2CD1023G2-IUF,bullet,1080p,2,"1/2.9"" Progressive Scan CMOS",104 (2.8mm)/81 (4mm) horizontal,ir,IP67,,false,2023,0
hikvision-ds-2cd1023g2-liu,Hikvision,DS-2CD1023G2-LIU,bullet,1080p,2,"1/2.8"" Progressive Scan CMOS",107 horizontal,hybrid,IP67,,false,2023,0
hikvision-ds-2cd1023g2-liuf,Hikvision,DS-2CD1023G2-LIUF,bullet,1080p,2,"1/2.9"" Progressive Scan CMOS",103 (2.8mm)/83 (4mm) horizontal,hybrid,IP67,,false,2023,0
hikvision-ds-2cd1027g2h-liu,Hikvision,DS-2CD1027G2H-LIU(F),bullet,1080p,2,"1/2.8"" Progressive Scan CMOS",115 horizontal (2.8mm) / 94 horizontal (4mm),hybrid,IP67,,false,,0
hikvision-ds-2cd1027g2h-liuf,Hikvision,DS-2CD1027G2H-LIUF,bullet,1080p,2,"1/2.8"" Progressive Scan CMOS",115 (2.8mm)/94 (4mm) horizontal,hybrid,IP67,,false,2023,0
hikvision-ds-2cd1043g2-iuf,Hikvision,DS-2CD1043G2-IUF,bullet,4MP (2560x1440),4,"1/3"" Progressive Scan CMOS",99 (2.8mm)/76 (4mm) horizontal,ir,IP67,,false,2023,0
hikvision-ds-2cd1043g2-liu,Hikvision,DS-2CD1043G2-LIU,bullet,4MP,4,"1/3"" Progressive Scan CMOS",106 horizontal,hybrid,IP67,,false,2023,0
hikvision-ds-2cd1043g2-liuf,Hikvision,DS-2CD1043G2-LIUF,bullet,4MP (2560x1440),4,"1/3"" Progressive Scan CMOS",98 (2.8mm)/78 (4mm) horizontal,hybrid,IP67,,false,2023,0
hikvision-ds-2cd1047g0-luf,Hikvision,DS-2CD1047G0-LUF,bullet,4MP (2560x1440),4,"1/3"" Progressive Scan CMOS",96.5 (2.8mm)/75.8 (4mm) horizontal,color,IP67,,false,2023,0
hikvision-ds-2cd1047g2h-liuf,Hikvision,DS-2CD1047G2H-LIUF,bullet,4MP (2560x1440),4,"1/3"" Progressive Scan CMOS",115 (2.8mm)/94 (4mm) horizontal,hybrid,IP67,,false,2023,0
hikvision-ds-2cd1067g2h-liuf,Hikvision,DS-2CD1067G2H-LIUF,bullet,6MP (3200x1800),6,"1/2.4"" Progressive Scan CMOS",115 (2.8mm)/94 (4mm) horizontal,hybrid,IP67,,false,2023,0
hikvision-ds-2cd1123g2-i,Hikvision,DS-2CD1123G2-I,dome,1080p (2MP),2,"1/2.9"" Progressive Scan CMOS",104 (2.8mm)/81 (4mm) horizontal,ir,IP67,IK10,false,2023,0
hikvision-ds-2cd1123g2-liu,Hikvision,DS-2CD1123G2-LIU,dome,1080p,2,"1/2.8"" Progressive Scan CMOS",107 horizontal,hybrid,IP67,IK08,false,2023,0
hikvision-ds-2cd1123g2-liuf,Hikvision,DS-2CD1123G2-LIUF,dome,1080p (2MP),2,"1/2.9"" Progressive Scan CMOS",103 (2.8mm)/83 (4mm) horizontal,hybrid,IP67,IK08,false,2023,0
hikvision-ds-2cd1127g0-luf-d,Hikvision,DS-2CD1127G0-LUF-D,dome,1080p (2MP),2,"1/2.8"" Progressive Scan CMOS",105 (2.8mm)/83 (4mm) horizontal,color,IP67,IK08,false,2023,0
hikvision-ds-2cd1127g2h-liuf,Hikvision,DS-2CD1127G2H-LIUF,dome,1080p (2MP),2,"1/2.8"" Progressive Scan CMOS",106 (2.8mm)/88 (4mm) horizontal,hybrid,IP67,IK08,false,2023,0
hikvision-ds-2cd1143g2-i,Hikvision,DS-2CD1143G2-I,dome,4MP (2560x1440),4,"1/3"" Progressive Scan CMOS",99 (2.8mm)/76 (4mm) horizontal,ir,IP67,IK10,false,2023,0
hikvision-ds-2cd1143g2-iuf,Hikvision,DS-2CD1143G2-IUF,dome,4MP (2560x1440),4,"1/3"" Progressive Scan CMOS",99 (2.8mm)/76 (4mm) horizontal,ir,IP67,IK10,false,2023,0
hikvision-ds-2cd1143g2-liu,Hikvision,DS-2CD1143G2-LIU,dome,4MP,4,"1/3"" Progressive Scan CMOS",106 horizontal,hybrid,IP67,IK08,false,2023,0
hikvision-ds-2cd1143g2-liuf,Hikvision,DS-2CD1143G2-LIUF,dome,4MP (2560x1440),4,"1/3"" Progressive Scan CMOS",98 (2.8mm)/78 (4mm) horizontal,hybrid,IP67,IK08,false,2023,0
hikvision-ds-2cd1143g2-liuf-india,Hikvision,DS-2CD1143G2-LIUF (India),dome,4MP,4,"1/3"" CMOS",106 horizontal,hybrid,IP67,IK10,false,2023,0
hikvision-ds-2cd1147g0-luf-d,Hikvision,DS-2CD1147G0-LUF-D,dome,4MP (2560x1440),4,"1/3"" Progressive Scan CMOS",96 (2.8mm)/76 (4mm) horizontal,color,IP67,IK08,false,2023,0
hikvision-ds-2cd1147g2h-liuf,Hikvision,DS-2CD1147G2H-LIUF,dome,4MP (2560x1440),4,"1/3"" Progressive Scan CMOS",96 (2.8mm)/80 (4mm) horizontal,hybrid,IP67,IK08,false,2023,0
hikvision-ds-2cd1153g2-liuf,Hikvision,DS-2CD1153G2-LIUF,turret,5MP,5,,107h,hybrid,IP67,,false,2023,0
hikvision-ds-2cd1167g2h-liuf,Hikvision,DS-2CD1167G2H-LIUF,dome,6MP (3200x1800),6,"1/2.4"" Progressive Scan CMOS",115 (2.8mm)/94 (4mm) horizontal,hybrid,IP67,IK08,false,2023,0
hikvision-ds-2cd1183g2-liuf,Hikvision,DS-2CD1183G2-LIUF,turret,4K UHD,8,,107h,hybrid,IP67,,false,2023,0
hikvision-ds-2cd1323g2-iuf,Hikvision,DS-2CD1323G2-IUF,turret,1080p (2MP),2,"1/2.9"" Progressive Scan CMOS",104 (2.8mm)/81 (4mm) horizontal,ir,IP67,,false,2023,0
hikvision-ds-2cd1323g2-liuf,Hikvision,DS-2CD1323G2-LIUF,turret,1080p (2MP),2,"1/2.9"" Progressive Scan CMOS",103 (2.8mm)/83 (4mm) horizontal,hybrid,IP67,,false,2023,0
hikvision-ds-2cd1327g2h-liuf,Hikvision,DS-2CD1327G2H-LIUF,turret,1080p (2MP),2,"1/2.8"" Progressive Scan CMOS",106 (2.8mm)/88 (4mm) horizontal,hybrid,IP67,,false,2023,0
hikvision-ds-2cd1343g2-iuf,Hikvision,DS-2CD1343G2-IUF,turret,4MP (2560x1440),4,"1/3"" Progressive Scan CMOS",99 (2.8mm)/76 (4mm) horizontal,ir,IP67,,false,2023,0
hikvision-ds-2cd1343g2-liuf,Hikvision,DS-2CD1343G2-LIUF,turret,4MP (2560x1440),4,"1/3"" Progressive Scan CMOS",98 (2.8mm)/78 (4mm) horizontal,hybrid,IP67,,false,2023,0
hikvision-ds-2cd1347g2h-liuf,Hikvision,DS-2CD1347G2H-LIUF,turret,4MP (2560x1440),4,"1/3"" Progressive Scan CMOS",96 (2.8mm)/80 (4mm) horizontal,hybrid,IP67,,false,2023,0
hikvision-ds-2cd1367g2h-liuf,Hikvision,DS-2CD1367G2H-LIUF,turret,6MP (3200x1800),6,"1/2.4"" Progressive Scan CMOS",115 (2.8mm)/94 (4mm) horizontal,hybrid,IP67,,false,2023,0
hikvision-ds-2cd1623g2-izs,Hikvision,DS-2CD1623G2-IZS,bullet,1080p (2MP),2,"1/2.9"" Progressive Scan CMOS",102.4-31.2 horizontal,ir,IP67,,false,2023,0
hikvision-ds-2cd1643g2-izs,Hikvision,DS-2CD1643G2-IZS,bullet,4MP (2560x1440),4,"1/3"" Progressive Scan CMOS",95.9-29.2 horizontal,ir,IP67,,false,2023,0
hikvision-ds-2cd1723g2-izs,Hikvision,DS-2CD1723G2-IZS,dome,1080p (2MP),2,"1/2.9"" Progressive Scan CMOS",102.4-31.2 horizontal,ir,IP67,IK10,false,2023,0
hikvision-ds-2cd1743g2-izs,Hikvision,DS-2CD1743G2-IZS,dome,4MP (2560x1440),4,"1/3"" Progressive Scan CMOS",95.9-29.2 horizontal,ir,IP67,IK10,false,2023,0
hikvision-ds-2cd1h43g2-izs,Hikvision,DS-2CD1H43G2-IZS,turret,4MP (2560x1440),4,"1/3"" Progressive Scan CMOS",95.9-29.2 horizontal,ir,IP67,,false,2023,0
hikvision-ds-2cd1t27g0-luf-c,Hikvision,DS-2CD1T27G0-LUF-C,bullet,1080p (2MP),2,"1/2.8"" Progressive Scan CMOS",83.6 (4mm)/54.6 (6mm) horizontal,color,IP67,,false,2023,0
hikvision-ds-2cd20126g3-iuy-srb,Hikvision,DS-2CD20126G3-IUY/SRB,turret,12MP,12,"1/1.8"" Progressive Scan CMOS","94.2 horizontal (2.8mm), 73.1 horizontal (4mm)",ir,IP67,,true,2025,0
hikvision-ds-2cd20126g3-iy,Hikvision,DS-2CD20126G3-IY,bullet,12MP,12,"1/1.8"" Progressive Scan CMOS","94.2 horizontal (2.8mm), 73.1 (4mm), 47 (6mm)",ir,IP67,,false,2025,0
hikvision-ds-2cd20166g3-iuy,Hikvision,DS-2CD20166G3-IUY,bullet,16MP,16,"1/1.8"" Progressive Scan CMOS","94.5 horizontal (2.8mm), 73.3 horizontal (4mm), 47.1 horizontal (6mm)",ir,IP67,,false,,0
hikvision-ds-2cd20166g3-iuy-sl,Hikvision,DS-2CD20166G3-IUY/SL,bullet,16MP,16,"1/1.8"" Progressive Scan CMOS","94.5 horizontal (2.8mm), 73.3 horizontal (4mm), 47.1 horizontal (6mm)",ir,IP67,IK10,true,2025,0
hikvision-ds-2cd2021g1-i,Hikvision,DS-2CD2021G1-I,bullet,1080p (2MP),2,"1/2.7"" Progressive Scan CMOS",111.6 (2.8mm)/91.5 (4mm)/56 (6mm) horizontal,ir,IP67,,false,2023,0
hikvision-ds-2cd2023g0-i,Hikvision,DS-2CD2023G0-I,bullet,1080p HD,2,,103h,ir,IP67,,false,2019,0
hikvision-ds-2cd2023g2-iu,Hikvision,DS-2CD2023G2-I(U),bullet,1080p HD,2,,103h,ir,IP67,,false,2021,0
hikvision-ds-2cd2025fwd-i,Hikvision,DS-2CD2025FWD-I,bullet,1080p HD,2,,103h,ir,IP67,,false,2019,0
hikvision-ds-2cd2026g2-iu,Hikvision,DS-2CD2026G2-IU,bullet,1080p (2MP),2,"1/2.8"" Progressive Scan CMOS",107 (2.8mm)/86 (4mm)/55 (6mm) horizontal,ir,IP67,,false,2023,0
hikvision-ds-2cd2027g2-lu,Hikvision,DS-2CD2027G2-LU,bullet,1080p,2,"1/2.8"" Progressive Scan CMOS",103 horizontal (2.8mm),color,IP67,,false,,0
hikvision-ds-2cd2027g2h-liu,Hikvision,DS-2CD2027G2H-LI(U),bullet,1080p,2,"1/2.8"" CMOS",103 horizontal (2.8mm),hybrid,IP67,,false,2024,0
hikvision-ds-2cd2043g2-i,Hikvision,DS-2CD2043G2-I,bullet,4MP,4,"1/3"" Progressive Scan CMOS",103 horizontal (2.8mm) / 84 horizontal (4mm),ir,IP67,,false,,0
hikvision-ds-2cd2043g2-iu,Hikvision,DS-2CD2043G2-IU,bullet,4MP (2688x1520),4,"1/3"" Progressive Scan CMOS",103 (2.8mm)/84 (4mm)/52 (6mm) horizontal,ir,IP67,,false,2023,0
hikvision-ds-2cd2043g2-l,Hikvision,DS-2CD2043G2-L,bullet,4MP (2688x1520),4,"1/3"" Progressive Scan CMOS",102 (2.8mm) horizontal,color,IP67,,false,2023,0
hikvision-ds-2cd2043g2-li,Hikvision,DS-2CD2043G2-LI,bullet,4MP,4,"1/3"" CMOS",103 horizontal (2.8mm),hybrid,IP67,,false,,0
hikvision-ds-2cd2043g2-li2u,Hikvision,DS-2CD2043G2-LI2U,bullet,4MP (2688x1520),4,"1/3"" Progressive Scan CMOS",104 (2.8mm)/84 (4mm)/52 (6mm) horizontal,hybrid,IP67,,false,2023,0
hikvision-ds-2cd2046g2-iu,Hikvision,DS-2CD2046G2-IU,bullet,4MP (2688x1520),4,"1/3"" Progressive Scan CMOS",103 (2.8mm)/83 (4mm)/53 (6mm) horizontal,ir,IP67,,false,2023,0
hikvision-ds-2cd2046g2-iu-sl,Hikvision,DS-2CD2046G2-IU/SL,bullet,4MP,4,"1/3"" Progressive Scan CMOS",103 horizontal (2.8mm),ir,IP67,,true,,0
hikvision-ds-2cd2046g2h-i2u-slrb,Hikvision,DS-2CD2046G2H-I2U/SLRB,bullet,4MP (2688x1520),4,"1/3"" Progressive Scan CMOS",100 (2.8mm)/81 (4mm) horizontal,ir,IP67,,true,2023,0
hikvision-ds-2cd2046g2h-iu,Hikvision,DS-2CD2046G2H-IU,bullet,4MP (2688x1520),4,"1/3"" Progressive Scan CMOS",100.2 (2.8mm)/81.1 (4mm) horizontal,ir,IP67,,false,2023,0
hikvision-ds-2cd2047g2-l,Hikvision,DS-2CD2047G2-L,bullet,4MP,4,"1/1.8"" Progressive Scan CMOS",109 horizontal,color,IP67,,false,2022,0
hikvision-ds-2cd2047g2-lu,Hikvision,DS-2CD2047G2-LU,bullet,4MP,4,"1/1.8"" Progressive Scan CMOS",102 horizontal (2.8mm),color,IP67,,false,,0
hikvision-ds-2cd2047g2-lu-sl-mena,Hikvision,DS-2CD2047G2-LU/SL (MENA),bullet,4MP,4,"1/1.8"" CMOS",102 horizontal,color,IP67,,true,2023,0
hikvision-ds-2cd2047g2h-li,Hikvision,DS-2CD2047G2H-LI,bullet,4MP,4,"1/1.8"" CMOS",103 horizontal (2.8mm),hybrid,IP67,,false,,0
hikvision-ds-2cd2047g2h-liu,Hikvision,DS-2CD2047G2H-LIU,bullet,4MP (2688x1520),4,"1/1.8"" Progressive Scan CMOS",104 (2.8mm)/89.2 (4mm) horizontal,hybrid,IP67,,false,2023,0
hikvision-ds-2cd2047g2h-liu-sl,Hikvision,DS-2CD2047G2H-LIU/SL,bullet,4MP (2688x1520),4,"1/1.8"" Progressive Scan CMOS",111.9 (2.8mm)/95.2 (4mm) horizontal,hybrid,IP67,,true,2023,0
hikvision-ds-2cd2047g3-li2uy,Hikvision,DS-2CD2047G3-LI2UY,bullet,4MP,4,"1/1.8"" Progressive Scan CMOS",111.1 horizontal (2.8mm) / 95.2 horizontal (4mm),hybrid,IP67,,true,2026,0
hikvision-ds-2cd2047g3-li2uy-slrb,Hikvision,DS-2CD2047G3-LI2UY/SLRB,bullet,4MP (2688x1520),4,"1/1.8"" Progressive Scan CMOS",111.1 (2.8mm)/95.2 (4mm) horizontal,hybrid,IP67,,true,2023,0
hikvision-ds-2cd2063g2-li,Hikvision,DS-2CD2063G2-LI,bullet,6MP,6,"1/2.9"" CMOS",103 horizontal (2.8mm),hybrid,IP67,,false,,0
hikvision-ds-2cd2066g2-iu-sl,Hikvision,DS-2CD2066G2-IU/SL,bullet,6MP,6,"1/2.4"" Progressive Scan CMOS",105 horizontal (2.8mm),ir,IP67,,true,,0
hikvision-ds-2cd2067g2h-liu,Hikvision,DS-2CD2067G2H-LI(U),bullet,6MP,6,"1/1.7"" CMOS",103 horizontal (2.8mm),hybrid,IP67,,false,2024,0
hikvision-ds-2cd2067g2h-liu-sl,Hikvision,DS-2CD2067G2H-LIU/SL,bullet,6MP (3200x1800),6,"1/1.8"" Progressive Scan CMOS",105.1 (2.8mm)/90 (4mm) horizontal,hybrid,IP67,,true,2023,0
hikvision-ds-2cd2083g2-i,Hikvision,DS-2CD2083G2-I,bullet,4K UHD,8,"1/2.8"" Progressive Scan CMOS",102 horizontal (2.8mm),ir,IP67,IK10,false,,0
hikvision-ds-2cd2083g2-iu,Hikvision,DS-2CD2083G2-IU,bullet,4K (3840x2160),8,"1/2.8"" Progressive Scan CMOS",107 (2.8mm)/87 (4mm)/54 (6mm) horizontal,ir,IP67,,false,2023,0
hikvision-ds-2cd2083g2-li,Hikvision,DS-2CD2083G2-LI,bullet,4K UHD,8,"1/2.7"" CMOS",102 horizontal (2.8mm),hybrid,IP67,,false,,0
hikvision-ds-2cd2085g1-i,Hikvision,DS-2CD2085G1-I,bullet,4K UHD,8,"1/2"" Progressive Scan CMOS",102 horizontal (2.8mm) / 84 horizontal (4mm) / 54 horizontal (6mm),ir,IP67,,false,,0
hikvision-ds-2cd2086g2-iu,Hikvision,DS-2CD2086G2-IU,bullet,4K (3840x2160),8,"1/1.8"" Progressive Scan CMOS",111 (2.8mm)/87 (4mm)/51 (6mm) horizontal,ir,IP67,,false,2023,0
hikvision-ds-2cd2086g2-iu-sl,Hikvision,DS-2CD2086G2-IU/SL,bullet,4K (3840x2160),8,"1/1.8"" Progressive Scan CMOS",110 (2.8mm)/88 (4mm)/60 (6mm) horizontal,ir,IP67,,true,2023,0
hikvision-ds-2cd2086g2h-i2u-slrb,Hikvision,DS-2CD2086G2H-I2U/SLRB,bullet,4K (3840x2160),8,"1/1.8"" Progressive Scan CMOS",105 (2.8mm)/90 (4mm) horizontal,ir,IP67,,true,2023,0
hikvision-ds-2cd2086g2h-iu,Hikvision,DS-2CD2086G2H-IU,bullet,4K (3840x2160),8,"1/1.8"" Progressive Scan CMOS",105.1 (2.8mm)/90 (4mm) horizontal,ir,IP67,,false,2023,0
hikvision-ds-2cd2087g2-l,Hikvision,DS-2CD2087G2-L,bullet,4K UHD,8,"1/1.8"" Progressive Scan CMOS",109 horizontal,color,IP67,,false,2022,0
hikvision-ds-2cd2087g2-lu,Hikvision,DS-2CD2087G2-LU,bullet,4K UHD,8,"1/1.2"" Progressive Scan CMOS",102 horizontal (2.8mm),color,IP67,,false,,0
hikvision-ds-2cd2087g2-su,Hikvision,DS-2CD2087G2-SU,bullet,4K UHD,8,"1/2.8"" Progressive Scan CMOS",102 horizontal (2.8mm),ir,IP67,IK10,true,,0
hikvision-ds-2cd2087g2h-li,Hikvision,DS-2CD2087G2H-LI,bullet,4K UHD,8,"1/1.2"" CMOS",102 horizontal (2.8mm),hybrid,IP67,,false,,0
hikvision-ds-2cd2087g2h-liu,Hikvision,DS-2CD2087G2H-LIU,bullet,4K (3840x2160),8,"1/1.8"" Progressive Scan CMOS",105.1 (2.8mm)/90 (4mm) horizontal,hybrid,IP67,,false,2023,0
hikvision-ds-2cd2087g2h-liu-sl,Hikvision,DS-2CD2087G2H-LIU/SL,bullet,4K/8MP,8,"1/1.8"" CMOS",102,hybrid,IP67,,true,,0
hikvision-ds-2cd2087g3-li2uy,Hikvision,DS-2CD2087G3-LI2UY,bullet,8MP (4K),8,"1/1.8"" Progressive Scan CMOS",108.8 horizontal (2.8mm) / 93.3 horizontal (4mm),color,IP67,,false,,0
hikvision-ds-2cd2087g3-li2uy-sl,Hikvision,DS-2CD2087G3-LI2UY/SL,bullet,4K UHD,8,"1/1.8"" Progressive Scan CMOS",102 horizontal (2.8mm),hybrid,IP67,,true,2025,0
hikvision-ds-2cd2087g3-li2uy-slrb,Hikvision,DS-2CD2087G3-LI2UY/SLRB,bullet,4K (3840x2160),8,"1/1.8"" Progressive Scan CMOS",108.8 (2.8mm)/93.3 (4mm) horizontal,hybrid,IP67,,true,2023,0
hikvision-ds-2cd2123g0-is,Hikvision,DS-2CD2123G0-I(S),dome,1080p HD,2,,103h,ir,IP67,IK10,false,2019,0
hikvision-ds-2cd2123g2-i,Hikvision,DS-2CD2123G2-I,dome,1080p,2,"1/2.8"" Progressive Scan CMOS",103 horizontal (2.8mm),ir,IP67,IK10,false,,0
hikvision-ds-2cd2123g2-is,Hikvision,DS-2CD2123G2-IS,dome,1080p (2MP),2,"1/2.8"" Progressive Scan CMOS",107 (2.8mm)/87 (4mm) horizontal,ir,IP67,IK10,false,2023,0
hikvision-ds-2cd2123g2-iu,Hikvision,DS-2CD2123G2-I(U),dome,1080p HD,2,,103h,ir,IP67,IK10,false,2021,0
hikvision-ds-2cd2125g0-ims,Hikvision,DS-2CD2125G0-IMS,dome,1080p (2MP),2,"1/2.8"" Progressive Scan CMOS",108 (2.8mm)/86 (4mm)/52 (6mm) horizontal,ir,IP42,IK10,false,2023,0
hikvision-ds-2cd2126g2-i,Hikvision,DS-2CD2126G2-I,dome,1080p (2MP),2,"1/2.8"" Progressive Scan CMOS",107 (2.8mm)/86 (4mm) horizontal,ir,IP67,IK10,false,2023,0
hikvision-ds-2cd2126g2-ims,Hikvision,DS-2CD2126G2-IMS,dome,1080p (2MP),2,"1/2.8"" Progressive Scan CMOS",106 horizontal (2.8mm),ir,,IK10,false,,0
hikvision-ds-2cd2126g2-isu,Hikvision,DS-2CD2126G2-ISU,dome,1080p (2MP),2,"1/2.8"" Progressive Scan CMOS",107 (2.8mm)/86 (4mm)/55 (6mm) horizontal,ir,IP67,IK10,false,2023,0
hikvision-ds-2cd2143g2-i,Hikvision,DS-2CD2143G2-I,dome,4MP,4,"1/3"" Progressive Scan CMOS",103 horizontal (2.8mm) / 84 horizontal (4mm),ir,IP67,IK10,false,,0
hikvision-ds-2cd2143g2-is,Hikvision,DS-2CD2143G2-I(S),dome,4MP,4,,103h,ir,IP67,IK10,false,2022,0
hikvision-ds-2cd2143g2-iu,Hikvision,DS-2CD2143G2-IU,dome,4MP,4,"1/3"" Progressive Scan CMOS",103 horizontal (2.8mm),ir,IP67,IK10,false,,0
hikvision-ds-2cd2143g2-li,Hikvision,DS-2CD2143G2-LI,dome,4MP,4,"1/3"" CMOS",103 horizontal (2.8mm),hybrid,IP67,IK10,false,,0
hikvision-ds-2cd2143g2-liptrzs2uy,Hikvision,DS-2CD2143G2-LIPTRZS2UY,dome,4MP,4,"1/3"" Progressive Scan CMOS",79.9-99.1,hybrid,IP67,IK10,false,,0
hikvision-ds-2cd2146g2-isu,Hikvision,DS-2CD2146G2-ISU,dome,4MP,4,"1/3"" Progressive Scan CMOS",103 horizontal (2.8mm),ir,IP67,,true,,0
hikvision-ds-2cd2146g2h-isu,Hikvision,DS-2CD2146G2H-ISU,dome,4MP (2688x1520),4,"1/3"" Progressive Scan CMOS",100.2 (2.8mm)/81.1 (4mm) horizontal,ir,IP67,IK10,false,2023,0
hikvision-ds-2cd2146g3-iptrzs2uy,Hikvision,DS-2CD2146G3-IPTRZS2UY,dome,4MP,4,"1/3"" Progressive Scan CMOS",79.9-99.1,ir,IP67,IK10,false,,0
hikvision-ds-2cd2147g2-su,Hikvision,DS-2CD2147G2-SU,dome,4MP (2688x1520),4,"1/1.8"" Progressive Scan CMOS",112 (2.8mm)/95 (4mm) horizontal,color,IP67,IK10,false,2023,0
hikvision-ds-2cd2147g2h-li-su,Hikvision,DS-2CD2147G2H-LI(SU),dome,4MP,4,"1/1.8"" Progressive Scan CMOS",111 horizontal (2.8mm),hybrid,IP67,IK10,true,2024,0
hikvision-ds-2cd2147g2h-lisu,Hikvision,DS-2CD2147G2H-LISU,dome,4MP (2688x1520),4,"1/1.8"" Progressive Scan CMOS",104 (2.8mm)/89.2 (4mm) horizontal,hybrid,IP67,IK10,false,2023,0
hikvision-ds-2cd2147g2h-liu-eu,Hikvision,DS-2CD2147G2H-LI(U),dome,4MP,4,"1/1.8"" CMOS",106 horizontal,hybrid,IP67,IK10,true,2024,0
hikvision-ds-2cd2147g3-lis2uy,Hikvision,DS-2CD2147G3-LIS2UY,dome,4MP (2688x1520),4,"1/1.8"" Progressive Scan CMOS",111.1 (2.8mm)/95.2 (4mm) horizontal,hybrid,IP67,IK10,false,2025,0
hikvision-ds-2cd2163g2-i,Hikvision,DS-2CD2163G2-I,dome,6MP,6,"1/2.4"" Progressive Scan CMOS",103 horizontal (2.8mm),ir,IP67,IK10,false,,0
hikvision-ds-2cd2163g2-is,Hikvision,DS-2CD2163G2-I(S),dome,6MP,6,,103h,ir,IP67,IK10,false,2022,0
hikvision-ds-2cd2166g2-isu,Hikvision,DS-2CD2166G2-I(SU),dome,6MP,6,"1/2.4"" Progressive Scan CMOS",105 horizontal (2.8mm),ir,IP67,IK10,false,,0
hikvision-ds-2cd2167g2h-lisu,Hikvision,DS-2CD2167G2H-LISU,dome,6MP (3200x1800),6,"1/1.8"" Progressive Scan CMOS",105.1 (2.8mm)/90 (4mm) horizontal,hybrid,IP67,IK10,false,2023,0
hikvision-ds-2cd2167g2h-liu,Hikvision,DS-2CD2167G2H-LI(SU),dome,6MP,6,"1/1.7"" CMOS",103 horizontal (2.8mm),hybrid,IP67,IK10,true,2024,0
hikvision-ds-2cd2183g2-is,Hikvision,DS-2CD2183G2-IS,dome,4K (3840x2160),8,"1/2.8"" Progressive Scan CMOS",107 (2.8mm)/87 (4mm) horizontal,ir,IP67,IK10,false,2023,0
hikvision-ds-2cd2183g2-iu,Hikvision,DS-2CD2183G2-IU,dome,4K UHD,8,"1/2.7"" CMOS",107 horizontal,ir,IP67,IK10,false,2023,0
hikvision-ds-2cd2183g2-li,Hikvision,DS-2CD2183G2-LI,dome,4K UHD,8,"1/2.7"" CMOS",102 horizontal (2.8mm),hybrid,IP67,IK10,false,,0
hikvision-ds-2cd2185fwd-is,Hikvision,DS-2CD2185FWD-I(S),dome,4K UHD,8,,103h,ir,IP67,,false,2020,0
hikvision-ds-2cd2186g2-ims,Hikvision,DS-2CD2186G2-IMS,dome,8MP,8,"1/1.8"" Progressive Scan CMOS",108 horizontal (2.8mm),ir,,IK10,false,,0
hikvision-ds-2cd2186g2-isu,Hikvision,DS-2CD2186G2-ISU,dome,4K (3840x2160),8,"1/1.8"" Progressive Scan CMOS",111 (2.8mm)/87 (4mm) horizontal,ir,IP67,IK10,false,2023,0
hikvision-ds-2cd2186g2h-isu,Hikvision,DS-2CD2186G2H-ISU,dome,4K (3840x2160),8,"1/1.8"" Progressive Scan CMOS",105.1 (2.8mm)/90 (4mm) horizontal,ir,IP67,IK10,false,2023,0
hikvision-ds-2cd2187g2-lsu,Hikvision,DS-2CD2187G2-LSU,dome,4K (3840x2160),8,"1/1.8"" Progressive Scan CMOS",109 (2.8mm)/93 (4mm) horizontal,color,IP67,IK10,false,2023,0
hikvision-ds-2cd2187g2h-li,Hikvision,DS-2CD2187G2H-LI,dome,4K/8MP,8,"1/1.8"" CMOS",105.1,hybrid,IP67,IK10,false,,0
hikvision-ds-2cd2187g2h-lisu,Hikvision,DS-2CD2187G2H-LISU,dome,4K (3840x2160),8,"1/1.8"" Progressive Scan CMOS",105.1 (2.8mm)/90 (4mm) horizontal,hybrid,IP67,IK10,false,2023,0
hikvision-ds-2cd2187g2h-liu,Hikvision,DS-2CD2187G2H-LI(SU),dome,4K UHD,8,"1/1.2"" CMOS",102 horizontal (2.8mm),hybrid,IP67,IK10,true,2024,0
hikvision-ds-2cd2187g3-lis2uy,Hikvision,DS-2CD2187G3-LIS2UY,dome,4K/8MP,8,"1/1.8"" Progressive Scan CMOS",108.8 horizontal (2.8mm) / 93.3 horizontal (4mm),hybrid,IP67,IK10,false,2024,0
hikvision-ds-2cd23126g3-i2uy,Hikvision,DS-2CD23126G3-I2UY,turret,12MP,12,"1/1.8"" Progressive Scan CMOS","94.2 horizontal (2.8mm), 73.1 horizontal (4mm)",ir,IP67,IK10,true,2025,0
hikvision-ds-2cd23126g3-is2uy-sl,Hikvision,DS-2CD23126G3-IS2UY/SL,turret,12MP,12,"1/1.8"" Progressive Scan CMOS","94.2 horizontal (2.8mm), 73.1 horizontal (4mm)",ir,IP67,,true,2025,0
hikvision-ds-2cd23166g3-i2uy,Hikvision,DS-2CD23166G3-I(2U)Y,turret,16MP,16,"1/1.8"" Progressive Scan CMOS",94.5 horizontal (2.8mm),ir,IP67,,false,2025,0
hikvision-ds-2cd23166g3-iy,Hikvision,DS-2CD23166G3-IY,turret,16MP,16,"1/1.8"" Progressive Scan CMOS",94.5 horizontal (2.8mm),ir,IP67,IK10,false,2025,0
hikvision-ds-2cd2323g2-iu,Hikvision,DS-2CD2323G2-IU,turret,1080p (2MP),2,"1/2.8"" Progressive Scan CMOS",107 (2.8mm)/87 (4mm) horizontal,ir,IP67,,false,2023,0
hikvision-ds-2cd2326g2-iu,Hikvision,DS-2CD2326G2-IU,turret,1080p (2MP),2,"1/2.8"" Progressive Scan CMOS",107 (2.8mm)/86 (4mm)/55 (6mm) horizontal,ir,IP67,,false,2023,0
hikvision-ds-2cd2327g2-lu,Hikvision,DS-2CD2327G2-LU,turret,1080p (2MP),2,"1/2.8"" Progressive Scan CMOS",107 (2.8mm)/84 (4mm) horizontal,color,IP67,,false,2023,0
hikvision-ds-2cd2343g2-iu,Hikvision,DS-2CD2343G2-IU,turret,4MP (2688x1520),4,"1/3"" Progressive Scan CMOS",103 (2.8mm)/84 (4mm) horizontal,ir,IP67,,false,2023,0
hikvision-ds-2cd2343g2-li,Hikvision,DS-2CD2343G2-LI,turret,4MP,4,"1/3"" CMOS",103 horizontal (2.8mm),hybrid,IP67,,false,,0
hikvision-ds-2cd2345g0p-i,Hikvision,DS-2CD2345G0P-I,fisheye,4MP (2688x1520),4,"1/2.7"" Progressive Scan CMOS",180 horizontal (ultra-wide panoramic),ir,,,false,2023,0
hikvision-ds-2cd2346g2-isu-sl,Hikvision,DS-2CD2346G2-ISU/SL,turret,4MP (2688x1520),4,"1/3"" Progressive Scan CMOS",103 (2.8mm)/83 (4mm)/53 (6mm) horizontal,ir,IP67,,true,2023,0
hikvision-ds-2cd2346g2-iu,Hikvision,DS-2CD2346G2-IU,turret,4MP,4,"1/3"" Progressive Scan CMOS",103 horizontal (2.8mm) / 84 horizontal (4mm),ir,IP67,IK10,false,,0
hikvision-ds-2cd2346g2h-is2u-slrb,Hikvision,DS-2CD2346G2H-IS2U/SLRB,turret,4MP (2688x1520),4,"1/3"" Progressive Scan CMOS",100 (2.8mm)/81 (4mm) horizontal,ir,IP67,,true,2023,0
hikvision-ds-2cd2346g2h-iu,Hikvision,DS-2CD2346G2H-IU,turret,4MP (2688x1520),4,"1/3"" Progressive Scan CMOS",100.2 (2.8mm)/81.1 (4mm) horizontal,ir,IP67,,false,2023,0
hikvision-ds-2cd2346g2p-isu-sl,Hikvision,DS-2CD2346G2P-ISU/SL,dual-lens,4MP Panoramic,4,"Dual 1/2.5"" Progressive Scan CMOS",180 horizontal,ir,IP67,,true,,0
hikvision-ds-2cd2347g2-l,Hikvision,DS-2CD2347G2-L,turret,4MP,4,"1/1.8"" CMOS",111.9,color,IP67,,false,,0
hikvision-ds-2cd2347g2-lsu-sl,Hikvision,DS-2CD2347G2-LSU/SL,turret,4MP,4,"1/1.8"" CMOS",111.9,color,IP67,,true,,0
hikvision-ds-2cd2347g2-lu,Hikvision,DS-2CD2347G2-LU,turret,4MP,4,"1/1.8"" Progressive Scan CMOS",103 horizontal (2.8mm) / 84 horizontal (4mm),color,IP67,,false,,0
hikvision-ds-2cd2347g2h-lisu-sl,Hikvision,DS-2CD2347G2H-LISU/SL,turret,4MP,4,"1/1.8"" Progressive Scan CMOS",111 horizontal (2.8mm),hybrid,IP67,,true,2024,0
hikvision-ds-2cd2347g2h-liu,Hikvision,DS-2CD2347G2H-LI(U),turret,4MP,4,"1/1.8"" Progressive Scan CMOS",111 horizontal (2.8mm),hybrid,IP67,,false,2024,0
hikvision-ds-2cd2347g2p-lsu-sl,Hikvision,DS-2CD2347G2P-LSU/SL,panoramic,4MP panoramic (3040x1368),4,"2x 1/2.5"" Progressive Scan CMOS (dual sensor)",180 horizontal / 81 vertical (dual-lens panoramic),color,IP67,,true,2023,0
hikvision-ds-2cd2347g3-li2uy,Hikvision,DS-2CD2347G3-LI2UY,turret,4MP,4,"1/1.8"" Progressive Scan CMOS",111.1 horizontal (2.8mm) / 95.2 horizontal (4mm),color,IP67,,false,,0
hikvision-ds-2cd2347g3-lis2uy-slrb,Hikvision,DS-2CD2347G3-LIS2UY/SLRB,turret,4MP (2688x1520),4,"1/1.8"" Progressive Scan CMOS",111.1 (2.8mm)/95.2 (4mm) horizontal,hybrid,IP67,,true,2023,0
hikvision-ds-2cd2367g2-l,Hikvision,DS-2CD2367G2-L,turret,6MP,6,"1/1.7"" CMOS",103 horizontal (2.8mm),color,IP67,IK10,false,,0
hikvision-ds-2cd2367g2h-lisu-sl,Hikvision,DS-2CD2367G2H-LISU/SL,turret,6MP,6,"1/1.8"" CMOS",112.1,hybrid,IP67,,true,,0
hikvision-ds-2cd2367g2h-liu,Hikvision,DS-2CD2367G2H-LIU,turret,6MP (3200x1800),6,"1/1.8"" Progressive Scan CMOS",108.8 (2.8mm)/93.3 (4mm) horizontal,hybrid,IP67,,false,2023,0
hikvision-ds-2cd2367g2p-lsu-sl,Hikvision,DS-2CD2367G2P-LSU/SL,panoramic,6MP panoramic (3632x1632),6,"Dual 1/2.5"" Progressive Scan CMOS",180,color,IP67,,true,,0
hikvision-ds-2cd2367g3-lis2uy-sl,Hikvision,DS-2CD2367G3-LIS2UY/SL,turret,6MP,6,"1/1.8"" CMOS",108.8,hybrid,IP67,,true,,0
hikvision-ds-2cd2383g2-i,Hikvision,DS-2CD2383G2-I,turret,4K UHD,8,"1/2.8"" Progressive Scan CMOS",102 horizontal,ir,IP67,IK10,false,,0
hikvision-ds-2cd2383g2-iu,Hikvision,DS-2CD2383G2-IU,turret,4K (3840x2160),8,"1/2.8"" Progressive Scan CMOS",107 (2.8mm)/87 (4mm) horizontal,ir,IP67,,false,2023,0
hikvision-ds-2cd2383g2-li,Hikvision,DS-2CD2383G2-LI,turret,4K UHD,8,"1/2.7"" CMOS",102 horizontal (2.8mm),hybrid,IP67,,false,,0
hikvision-ds-2cd2385g1-i,Hikvision,DS-2CD2385G1-I,turret,4K UHD,8,"1/2.7"" CMOS",107 horizontal,ir,IP66,,false,2020,0
hikvision-ds-2cd2386g2-i,Hikvision,DS-2CD2386G2-I,turret,4K UHD,8,"1/2.8"" Progressive Scan CMOS",102 horizontal (2.8mm),ir,IP67,IK10,false,,0
hikvision-ds-2cd2386g2-isu-sl2,Hikvision,DS-2CD2386G2-ISU/SL,turret,4K UHD,8,"1/2.8"" Progressive Scan CMOS",102 horizontal (2.8mm),ir,IP67,IK10,true,,0
hikvision-ds-2cd2386g2-iu,Hikvision,DS-2CD2386G2-IU,turret,4K UHD,8,"1/2.8"" Progressive Scan CMOS",102 horizontal (2.8mm),ir,IP67,IK10,false,,0
hikvision-ds-2cd2386g2h-is2u-slrb,Hikvision,DS-2CD2386G2H-IS2U/SLRB,turret,4K (3840x2160),8,"1/1.8"" Progressive Scan CMOS",105 (2.8mm)/90 (4mm) horizontal,ir,IP67,,true,2023,0
hikvision-ds-2cd2386g2h-iu,Hikvision,DS-2CD2386G2H-IU,turret,4K (3840x2160),8,"1/1.8"" Progressive Scan CMOS",108.8 (2.8mm)/93.3 (4mm) horizontal,ir,IP67,,false,2023,0
hikvision-ds-2cd2387g2-lu,Hikvision,DS-2CD2387G2-LU,turret,4K UHD,8,"1/1.2"" Progressive Scan CMOS",102 horizontal (2.8mm) / 88 horizontal (4mm),color,IP67,,false,,1
hikvision-ds-2cd2387g2h-lisu-sl,Hikvision,DS-2CD2387G2H-LISU/SL,turret,4K (3840x2160),8,"1/1.8"" Progressive Scan CMOS",108.8 (2.8mm)/93.3 (4mm) horizontal,hybrid,IP67,,true,2023,0
hikvision-ds-2cd2387g2h-liu,Hikvision,DS-2CD2387G2H-LI(U),turret,4K UHD,8,"1/1.2"" CMOS",102 horizontal (2.8mm),hybrid,IP67,IK10,true,2024,0
hikvision-ds-2cd2387g2p-lsu-sl,Hikvision,DS-2CD2387G2P-LSU/SL,panoramic,8MP panoramic (5120x1440),8,"2 x 1/1.8"" CMOS",180,color,IP67,,true,,0
hikvision-ds-2cd2387g3-lis2uy-sl,Hikvision,DS-2CD2387G3-LIS2UY/SL,turret,4K/8MP,8,"1/1.8"" CMOS",108.8,hybrid,IP67,,true,,0
hikvision-ds-2cd2387g3-lis2uy-slrb,Hikvision,DS-2CD2387G3-LIS2UY/SLRB,turret,4K (3840x2160),8,"1/1.8"" Progressive Scan CMOS",108.8 (2.8mm)/93.3 (4mm) horizontal,hybrid,IP67,,true,2023,0
hikvision-ds-2cd2421g0-idw,Hikvision,DS-2CD2421G0-IDW,box,1080p (2MP),2,"1/2.7"" Progressive Scan CMOS",107 (2.8mm) horizontal,ir,,,true,2023,0
hikvision-ds-2cd2423g2-i,Hikvision,DS-2CD2423G2-I,box,1080p (2MP),2,"1/2.8"" Progressive Scan CMOS",108.8 (2.8mm)/87.6 (4mm) horizontal,ir,,,true,2023,0
hikvision-ds-2cd2423g2-iw,Hikvision,DS-2CD2423G2-IW,box,1080p (2MP),2,"1/3"" Progressive Scan CMOS",92 (2.8mm)/75 (4mm) horizontal,ir,,,true,2023,0
hikvision-ds-2cd2443g2-i,Hikvision,DS-2CD2443G2-I,box,4MP (2688x1520),4,"1/3"" Progressive Scan CMOS",104.3 (2.8mm)/83.7 (4mm) horizontal,ir,,,true,2023,0
hikvision-ds-2cd2443g2-iw,Hikvision,DS-2CD2443G2-I(W),box,4MP,4,,110h,ir,IP67,,false,2022,0
hikvision-ds-2cd2446g2-i,Hikvision,DS-2CD2446G2-I,box,4MP (2688x1520),4,"1/3"" Progressive Scan CMOS",102.7 (2.8mm)/82.8 (4mm) horizontal,ir,,,true,2023,0
hikvision-ds-2cd2447g2-lu,Hikvision,DS-2CD2447G2-LU,box,4MP,4,"1/1.8"" Progressive Scan CMOS",103 horizontal (2.8mm),color,IP67,,false,,0
hikvision-ds-2cd2483g2-i,Hikvision,DS-2CD2483G2-I,box,4K (3840x2160),8,"1/2.8"" Progressive Scan CMOS",107.8 (2.8mm)/82.8 (4mm) horizontal,ir,,,true,2023,0
hikvision-ds-2cd2523g2-is,Hikvision,DS-2CD2523G2-IS,dome,1080p (2MP),2,"1/2.8"" Progressive Scan CMOS",108 (2.8mm)/86 (4mm) horizontal,ir,IP67,IK08,false,2023,0
hikvision-ds-2cd2526g2-is,Hikvision,DS-2CD2526G2-IS,dome,1080p,2,"1/2.8"" Progressive Scan CMOS",103 horizontal (2.8mm),ir,IP67,,true,,0
hikvision-ds-2cd2542fwd-is,Hikvision,DS-2CD2542FWD-IS,dome,4MP,4,,103h,ir,IP67,IK10,false,2020,0
hikvision-ds-2cd2543g2-is,Hikvision,DS-2CD2543G2-IS,dome,4MP,4,,103h,ir,IP67,IK10,false,2022,0
hikvision-ds-2cd2543g2-iws,Hikvision,DS-2CD2543G2-IWS,dome,4MP,4,"1/3"" Progressive Scan CMOS",106 horizontal,ir,IP67,IK08,true,2023,0
hikvision-ds-2cd2546g2-iws,Hikvision,DS-2CD2546G2-IWS,dome,4MP (2688x1520),4,"1/3"" Progressive Scan CMOS",102.7 (2.8mm)/82.8 (4mm) horizontal,ir,IP67,IK08,false,2023,0
hikvision-ds-2cd2547g2-ls,Hikvision,DS-2CD2547G2-LS,dome,4MP (2688x1520),4,"1/1.8"" Progressive Scan CMOS",112 (2.8mm)/95 (4mm) horizontal,color,IP67,IK08,false,2023,0
hikvision-ds-2cd2566g2-is,Hikvision,DS-2CD2566G2-I(S),dome,6MP,6,"1/2.4"" Progressive Scan CMOS",105 horizontal (2.8mm),ir,IP67,IK08,false,,0
hikvision-ds-2cd2583g2-is,Hikvision,DS-2CD2583G2-IS,dome,4K (3840x2160),8,"1/2.8"" Progressive Scan CMOS",106.4 (2.8mm)/87.6 (4mm) horizontal,ir,IP67,IK08,false,2023,0
hikvision-ds-2cd2586g2-is,Hikvision,DS-2CD2586G2-IS,dome,4K (3840x2160),8,"1/1.8"" Progressive Scan CMOS",110.0 (2.8mm)/88.0 (4mm) horizontal,ir,IP67,IK08,false,2023,0
hikvision-ds-2cd2623g2-izs,Hikvision,DS-2CD2623G2-IZS,bullet,1080p,2,"1/2.8"" Progressive Scan CMOS",107-32 (H),ir,IP67,IK10,false,2023,0
hikvision-ds-2cd2626g2-izs,Hikvision,DS-2CD2626G2-IZS,bullet,1080p,2,"1/2.8"" Progressive Scan CMOS",106-32 horizontal,ir,IP67,IK10,false,,0
hikvision-ds-2cd2643g2-izs,Hikvision,DS-2CD2643G2-IZS,bullet,4MP (2688x1520),4,"1/3"" Progressive Scan CMOS",95.8-29.2 (H),ir,IP67,IK10,false,2023,0
hikvision-ds-2cd2646g2-izs,Hikvision,DS-2CD2646G2-IZS,bullet,4MP (2688x1520),4,"1/3"" Progressive Scan CMOS",108-30 horizontal,ir,IP66,IK10,false,2023,0
hikvision-ds-2cd2646g2h-izs,Hikvision,DS-2CD2646G2H-IZS,bullet,4MP (2688x1520),4,"1/3"" Progressive Scan CMOS",105.4-34.3 (H),ir,IP67,IK10,false,2023,0
hikvision-ds-2cd2646g2ht-izs,Hikvision,DS-2CD2646G2HT-IZS,bullet,4MP (2688x1520),4,"1/3"" Progressive Scan CMOS",105.4-34.3 (H),ir,IP67,IK10,false,2023,0
hikvision-ds-2cd2646g2t-izs,Hikvision,DS-2CD2646G2T-IZS,bullet,4MP (2688x1520),4,"1/3"" Progressive Scan CMOS",108-30 (H),ir,IP67,IK10,false,2023,0
hikvision-ds-2cd2647g2-lzs,Hikvision,DS-2CD2647G2-LZS,bullet,4MP,4,"1/1.8"" CMOS",95-44 horizontal,color,IP67,IK10,false,,0
hikvision-ds-2cd2647g2ht-lizs,Hikvision,DS-2CD2647G2HT-LIZS,bullet,4MP (2688x1520),4,"1/1.8"" Progressive Scan CMOS",114.6-41.8 (H),hybrid,IP67,IK10,false,2023,0
hikvision-ds-2cd2647g3-lizs2uy-slrb,Hikvision,DS-2CD2647G3-LIZS2UY/SLRB,bullet,4MP (2688x1520),4,"1/1.8"" Progressive Scan CMOS",114.6-41.8 (H),hybrid,IP67,IK10,true,2023,0
hikvision-ds-2cd2647g3t-lizsy,Hikvision,DS-2CD2647G3T-LIZSY,bullet,4MP,4,"1/1.8"" Progressive Scan CMOS",114.6 to 41.8 horizontal,color,IP67,IK10,true,2025,0
hikvision-ds-2cd2667g2ht-lizs,Hikvision,DS-2CD2667G2HT-LIZS,bullet,6MP (3200x1800),6,"1/1.8"" Progressive Scan CMOS",112.3-41.2 (H),hybrid,IP67,IK10,false,2023,0
hikvision-ds-2cd2683g2-izs,Hikvision,DS-2CD2683G2-IZS,bullet,4K UHD,8,"1/2.8"" Progressive Scan CMOS",106-32 horizontal,ir,IP67,IK10,false,,0
hikvision-ds-2cd2686g2-izs,Hikvision,DS-2CD2686G2-IZS,bullet,4K UHD,8,"1/1.8"" Progressive Scan CMOS",108-46 horizontal,ir,IP66,IK10,false,,0
hikvision-ds-2cd2686g2h-izs,Hikvision,DS-2CD2686G2H-IZS,bullet,4K (3840x2160),8,"1/1.8"" Progressive Scan CMOS",112.3-41.2 (H),ir,IP67,IK10,false,2023,0
hikvision-ds-2cd2686g2ht-izs,Hikvision,DS-2CD2686G2HT-IZS,bullet,4K (3840x2160),8,"1/1.8"" Progressive Scan CMOS",112.3-41.2 (H),ir,IP67,IK10,false,2023,0
hikvision-ds-2cd2686g2t-izs,Hikvision,DS-2CD2686G2T-IZS,bullet,4K (3840x2160),8,"1/1.8"" Progressive Scan CMOS",108-46 horizontal,ir,IP67,IK10,false,2023,0
hikvision-ds-2cd2687g2ht-lizs,Hikvision,DS-2CD2687G2HT-LIZS,bullet,4K/8MP,8,"1/1.8"" CMOS",112.3-41.2,hybrid,IP67,IK10,false,,0
hikvision-ds-2cd2687g2t-lzs,Hikvision,DS-2CD2687G2T-LZS,bullet,4K (3840x2160),8,"1/1.8"" Progressive Scan CMOS",103.3-40,color,IP67,IK10,false,2023,0
hikvision-ds-2cd2687g3-lizs2uy-slrb,Hikvision,DS-2CD2687G3-LIZS2UY/SLRB,bullet,4K (3840x2160),8,"1/1.8"" Progressive Scan CMOS",112.3-41.2,hybrid,IP67,IK10,true,2023,0
hikvision-ds-2cd2687g3t-lizsy,Hikvision,DS-2CD2687G3T-LIZSY,bullet,4K UHD,8,"1/1.8"" Progressive Scan CMOS",112.3 to 41.2 horizontal,color,IP67,IK10,false,,0
hikvision-ds-2cd2723g2-izs,Hikvision,DS-2CD2723G2-IZS,dome,1080p,2,"1/2.8"" Progressive Scan CMOS",107-32,ir,IP67,IK10,false,2023,0
hikvision-ds-2cd2726g2-izs,Hikvision,DS-2CD2726G2-IZS,dome,1080p,2,"1/2.8"" Progressive Scan CMOS",106-32 horizontal,ir,IP67,IK10,false,,0
hikvision-ds-2cd2726g2t-izs,Hikvision,DS-2CD2726G2T-IZS,dome,1080p,2,"1/2.8"" Progressive Scan CMOS",113-31,ir,IP67,IK10,false,2023,0
hikvision-ds-2cd2743g2-izs,Hikvision,DS-2CD2743G2-IZS,dome,4MP,4,"1/3"" CMOS",106-32 horizontal,ir,IP67,IK10,false,,0
hikvision-ds-2cd2746g2-izs,Hikvision,DS-2CD2746G2-IZS,dome,4MP (2688x1520),4,"1/3"" Progressive Scan CMOS",108-30,ir,IP66,IK10,false,2023,0
hikvision-ds-2cd2746g2h-iptrzs2u-slrb,Hikvision,DS-2CD2746G2H-IPTRZS2U/SLRB,dome,4MP (2688x1520),4,"1/1.8"" Progressive Scan CMOS",114.6-41.8,ir,IP66,IK10,true,2023,0
hikvision-ds-2cd2746g2ht-izs,Hikvision,DS-2CD2746G2HT-IZS,dome,4MP (2688x1520),4,"1/3"" Progressive Scan CMOS",105.4-34.3 (H),ir,IP67,IK10,false,2023,0
hikvision-ds-2cd2747g2h-liptrzs2u-slrb,Hikvision,DS-2CD2747G2H-LIPTRZS2U/SLRB,dome,4MP (2688x1520),4,"1/1.8"" Progressive Scan CMOS",114.6-41.8,hybrid,IP66,IK10,true,2023,0
hikvision-ds-2cd2747g2ht-lizs,Hikvision,DS-2CD2747G2HT-LIZS,dome,4MP (2688x1520),4,"1/1.8"" Progressive Scan CMOS",114.6-41.8 horizontal,hybrid,IP67,IK10,false,2023,0
hikvision-ds-2cd2747g2t-lzs,Hikvision,DS-2CD2747G2T-LZS,dome,4MP (2688x1520),4,"1/1.8"" Progressive Scan CMOS",105.4-56.4,color,IP67,IK10,false,2023,0
hikvision-ds-2cd2747g3-liptrzs2uy-sl,Hikvision,DS-2CD2747G3-LIPTRZS2UY/SL,dome,4MP (2688x1520),4,"1/1.8"" Progressive Scan CMOS",114.6-41.8,hybrid,IP67,IK10,true,,0
hikvision-ds-2cd2747g3-liptrzs2uy-srb,Hikvision,DS-2CD2747G3-LIPTRZS2UY/SRB,dome,4MP (2688x1520),4,"1/1.8"" Progressive Scan CMOS",114.6-41.8,hybrid,IP67,IK10,false,2024,0
hikvision-ds-2cd2747g3-liptrzsy,Hikvision,DS-2CD2747G3-LIPTRZSY,dome,4MP,4,"1/1.8"" Progressive Scan CMOS",114.6-41.8,hybrid,IP67,IK10,false,,0
hikvision-ds-2cd2763g2-izs,Hikvision,DS-2CD2763G2-IZS,dome,6MP,6,"1/2.4"" Progressive Scan CMOS",106-32 horizontal,ir,IP67,IK10,false,,0
hikvision-ds-2cd2767g2ht-lizs,Hikvision,DS-2CD2767G2HT-LIZS,dome,6MP (3200x1800),6,"1/1.8"" Progressive Scan CMOS",112.3-41.2,hybrid,IP67,IK10,false,2023,0
hikvision-ds-2cd2767g3-liptrzs2uy-sl,Hikvision,DS-2CD2767G3-LIPTRZS2UY/SL,dome,6MP,6,"1/1.8"" Progressive Scan CMOS",112.3 to 41.2,hybrid,IP67,IK10,true,,0
hikvision-ds-2cd2767g3-liptrzsy,Hikvision,DS-2CD2767G3-LIPTRZSY,dome,6MP,6,"1/1.8"" Progressive Scan CMOS",112.3 to 41.2,hybrid,IP67,IK10,false,2025,0
hikvision-ds-2cd2767g3t-lizsy,Hikvision,DS-2CD2767G3T-LIZSY,dome,6MP,6,"1/1.8"" Progressive Scan CMOS",112.3 to 41.2,hybrid,IP67,IK10,false,,0
hikvision-ds-2cd2783g2-izs,Hikvision,DS-2CD2783G2-IZS,dome,4K (3840x2160),8,"1/2.8"" Progressive Scan CMOS",108-30,ir,IP67,IK10,false,2023,0
hikvision-ds-2cd2786g2-izs,Hikvision,DS-2CD2786G2-IZS,dome,4K (3840x2160),8,"1/1.8"" Progressive Scan CMOS",108-46,ir,IP66,IK10,false,2023,0
hikvision-ds-2cd2786g2h-iptrzs2u-slrb,Hikvision,DS-2CD2786G2H-IPTRZS2U/SLRB,dome,4K (3840x2160),8,"1/1.8"" Progressive Scan CMOS",112.3-41.2,ir,IP66,IK10,true,2023,0
hikvision-ds-2cd2786g2ht-izs,Hikvision,DS-2CD2786G2HT-IZS,dome,4K (3840x2160),8,"1/1.8"" Progressive Scan CMOS",112.3-41.2,ir,IP67,IK10,false,2023,0
hikvision-ds-2cd2787g2h-liptrzs2u-slrb,Hikvision,DS-2CD2787G2H-LIPTRZS2U/SLRB,dome,4K (3840x2160),8,"1/1.8"" Progressive Scan CMOS",112.3-41.2 (H),hybrid,IP66,IK10,true,2023,0
hikvision-ds-2cd2787g2ht-lizs,Hikvision,DS-2CD2787G2HT-LIZS,dome,4K (3840x2160),8,"1/1.8"" Progressive Scan CMOS",112.3-41.2 horizontal,hybrid,IP67,IK10,false,2023,0
hikvision-ds-2cd2787g2t-lzs,Hikvision,DS-2CD2787G2T-LZS,dome,4K (3840x2160),8,"1/1.8"" Progressive Scan CMOS",103.3-40 horizontal,color,IP67,IK10,false,2023,0
hikvision-ds-2cd2787g3-izs,Hikvision,DS-2CD2787G3-IZS,dome,4K UHD,8,"1/1.8"" Progressive Scan CMOS",108-33 horizontal,ir,IP67,IK10,false,2025,0
hikvision-ds-2cd2787g3-liptrzs2uy-sl,Hikvision,DS-2CD2787G3-LIPTRZS2UY/SL,dome,8MP,8,"1/1.8"" Progressive Scan CMOS",41.2-112.3,hybrid,IP67,IK10,true,2024,0
hikvision-ds-2cd2787g3-liptrzs2uy-srb,Hikvision,DS-2CD2787G3-LIPTRZS2UY/SRB,dome,8MP,8,"1/1.8"" Progressive Scan CMOS",112.3 to 41.2,hybrid,IP67,IK10,true,,0
hikvision-ds-2cd2787g3-liptrzsy,Hikvision,DS-2CD2787G3-LIPTRZSY,dome,8MP,8,"1/1.8"" Progressive Scan CMOS",112.3 to 41.2,hybrid,IP67,IK10,true,2025,0
hikvision-ds-2cd2955fwd-is,Hikvision,DS-2CD2955FWD-IS,fisheye,5MP 360°,5,"1/2.5"" CMOS",360 fisheye,ir,IP67,IK10,true,2021,0
hikvision-ds-2cd2955g0-isu,Hikvision,DS-2CD2955G0-ISU,fisheye,5MP fisheye,5,"1/2.7"" Progressive Scan CMOS",180 horizontal,ir,,,false,2023,0
hikvision-ds-2cd2d25g1-d-nf,Hikvision,DS-2CD2D25G1-D/NF,box,1080p,2,"1/2.8"" Progressive Scan CMOS",93.9 (2.8mm)/75.5 (3.7mm) horizontal,none,,,false,2023,0
hikvision-ds-2cd2e23g2-u,Hikvision,DS-2CD2E23G2-U,dome,1080p,2,"1/2.8"" Progressive Scan CMOS",107 (2.8mm)/88 (4mm) horizontal,none,,,false,2023,0
hikvision-ds-2cd2e43g2-u,Hikvision,DS-2CD2E43G2-U,dome,4MP (2688x1520),4,"1/3"" Progressive Scan CMOS",103 (2.8mm)/84 (4mm) horizontal,none,,,false,2023,0
hikvision-ds-2cd2h23g2-izs,Hikvision,DS-2CD2H23G2-IZS,turret,1080p,2,"1/2.8"" Progressive Scan CMOS",106.6-31.7 horizontal,ir,IP67,IK10,false,2023,0
hikvision-ds-2cd2h43g2-izs,Hikvision,DS-2CD2H43G2-IZS,turret,4MP (2688x1520),4,"1/3"" Progressive Scan CMOS",95.8-29.2 horizontal,ir,IP67,IK10,false,2023,0
hikvision-ds-2cd2h46g2-izs,Hikvision,DS-2CD2H46G2-IZS,bullet,4MP,4,"1/2.8"" Progressive Scan CMOS",106-32 horizontal,ir,IP67,IK10,false,,0
hikvision-ds-2cd2h83g2-izs,Hikvision,DS-2CD2H83G2-IZS,bullet,4K UHD,8,"1/2.8"" Progressive Scan CMOS",106-32 horizontal,ir,IP67,IK10,false,,0
hikvision-ds-2cd2h86g2-izs,Hikvision,DS-2CD2H86G2-IZS,turret,4K (3840x2160),8,"1/1.8"" Progressive Scan CMOS",108-46 (H),ir,IP66,IK10,false,2023,0
hikvision-ds-2cd2h86g2t-izs,Hikvision,DS-2CD2H86G2T-IZS,turret,4K (3840x2160),8,"1/1.8"" Progressive Scan CMOS","108-46 horizontal, 58-26 vertical, 127.4 diagonal",ir,IP67,IK10,false,2023,0
hikvision-ds-2cd2h87g3-lizs2uy-slrb,Hikvision,DS-2CD2H87G3-LIZS2UY/SLRB,turret,4K (3840x2160),8,"1/1.8"" Progressive Scan CMOS",112.3-41.2 horizontal,hybrid,IP67,IK10,true,2023,0
hikvision-ds-2cd2h87g3-lizsy,Hikvision,DS-2CD2H87G3-LIZSY,turret,4K/8MP,8,"1/1.8"" CMOS",112.3-41.2,hybrid,IP67,IK10,false,,0
hikvision-ds-2cd2t127g3p-lis2uy-sl,Hikvision,DS-2CD2T127G3P-LIS2UY/SL,panoramic,12MP,12,"1/2.5"" Progressive Scan CMOS",182.6,hybrid,IP67,IK10,true,,0
hikvision-ds-2cd2t167g3p-lis2uy-sl,Hikvision,DS-2CD2T167G3P-LIS2UY/SL,bullet,16MP,16,"1/1.8"" Progressive Scan CMOS","182.2 horizontal, 71.2 vertical (2.8mm)",hybrid,IP67,IK10,true,2025,0
hikvision-ds-2cd2t23g2-2i,Hikvision,DS-2CD2T23G2-2I,bullet,1080p,2,"1/2.8"" Progressive Scan CMOS",107 horizontal,ir,IP67,,false,2022,0
hikvision-ds-2cd2t23g2-2i-4i,Hikvision,DS-2CD2T23G2-2I/4I,bullet,1080p,2,"1/2.8"" Progressive Scan CMOS","107 horizontal, 57 vertical, 127 diagonal (2.8mm)",ir,IP67,,false,2023,0
hikvision-ds-2cd2t23g2-4i,Hikvision,DS-2CD2T23G2-4I,bullet,1080p,2,"1/2.8"" Progressive Scan CMOS",103 horizontal (2.8mm),ir,IP67,,false,,0
hikvision-ds-2cd2t23g2-4is,Hikvision,DS-2CD2T23G2-4I(S),bullet,1080p HD,2,,103h,ir,IP67,,false,2022,0
hikvision-ds-2cd2t26g2-2i-4i,Hikvision,DS-2CD2T26G2-2I/4I,bullet,1080p,2,"1/2.8"" Progressive Scan CMOS","107 horizontal, 57 vertical, 129 diagonal (2.8mm)",ir,IP67,,false,2023,0
hikvision-ds-2cd2t26g2-isu-sl,Hikvision,DS-2CD2T26G2-ISU/SL,bullet,1080p,2,"1/2.8"" Progressive Scan CMOS",103 horizontal (2.8mm),ir,IP67,,true,,0
hikvision-ds-2cd2t27g2-l,Hikvision,DS-2CD2T27G2-L,bullet,1080p,2,"1/2.8"" Progressive Scan CMOS","107 horizontal, 56 vertical, 127 diagonal (2.8mm)",color,IP67,,false,2023,0
hikvision-ds-2cd2t43g2-2i-4i,Hikvision,DS-2CD2T43G2-2I/4I,bullet,4MP (2688x1520),4,"1/3"" Progressive Scan CMOS","103 horizontal, 55 vertical, 122 diagonal (2.8mm)",ir,IP67,,false,2023,0
hikvision-ds-2cd2t43g2-4i,Hikvision,DS-2CD2T43G2-4I,bullet,4MP,4,"1/3"" Progressive Scan CMOS",103 horizontal (2.8mm),ir,IP67,,false,,0
hikvision-ds-2cd2t45g0p-i,Hikvision,DS-2CD2T45G0P-I,bullet,4MP (2688x1520),4,"1/2.7"" Progressive Scan CMOS","180 horizontal, 101 vertical, 180 diagonal",ir,IP67,,false,2023,0
hikvision-ds-2cd2t46g2-2i-4i,Hikvision,DS-2CD2T46G2-2I/4I,bullet,4MP (2688x1520),4,"1/3"" Progressive Scan CMOS","103 horizontal, 55 vertical, 123 diagonal (2.8mm)",ir,IP67,,false,2023,0
hikvision-ds-2cd2t46g2-4i,Hikvision,DS-2CD2T46G2-4I,bullet,4MP,4,"1/3"" Progressive Scan CMOS",103 horizontal (2.8mm),ir,IP67,,false,,0
hikvision-ds-2cd2t46g2-isu-sl,Hikvision,DS-2CD2T46G2-ISU/SL,bullet,4MP (2688x1520),4,"1/3"" Progressive Scan CMOS",103/83/53 (H),ir,IP67,,true,2023,0
hikvision-ds-2cd2t46g2h-2i-4i,Hikvision,DS-2CD2T46G2H-2I-4I,bullet,4MP (2688x1520),4,"1/3"" Progressive Scan CMOS","100.2 horizontal (2.8mm), 81.1 horizontal (4mm)",ir,IP67,,false,2023,0
hikvision-ds-2cd2t46g2h-is2u-slrb,Hikvision,DS-2CD2T46G2H-IS2U/SLRB,bullet,4MP (2688x1520),4,"1/3"" Progressive Scan CMOS",100 (2.8mm)/81 (4mm) horizontal,ir,IP67,,true,2023,0
hikvision-ds-2cd2t46g2p-isu-sl,Hikvision,DS-2CD2T46G2P-ISU/SL,panoramic,4MP panoramic (3040x1368),4,"2 x 1/2.5"" Progressive Scan CMOS (dual sensor)","180 horizontal, 81 vertical (2.8mm)",ir,IP67,,true,2023,0
hikvision-ds-2cd2t47g2-l,Hikvision,DS-2CD2T47G2-L,bullet,4MP,4,"1/1.8"" Progressive Scan CMOS",94 horizontal (4mm lens),color,IP67,,false,,0
hikvision-ds-2cd2t47g2-l-sl,Hikvision,DS-2CD2T47G2-L/SL,bullet,4MP,4,"1/1.8"" CMOS",102 horizontal (2.8mm),color,IP67,,true,2024,0
hikvision-ds-2cd2t47g2-lse,Hikvision,DS-2CD2T47G2-LSE,bullet,4MP,4,"1/1.8"" CMOS",102 horizontal (2.8mm),color,IP67,,true,2023,0
hikvision-ds-2cd2t47g2-lsu-sl,Hikvision,DS-2CD2T47G2-LSU/SL,bullet,4MP,4,"1/1.8"" Progressive Scan CMOS",102 horizontal (2.8mm),color,IP67,,true,,0
hikvision-ds-2cd2t47g2h-li,Hikvision,DS-2CD2T47G2H-LI,bullet,4MP,4,"1/1.8"" Progressive Scan CMOS",102 horizontal (2.8mm),hybrid,IP67,,false,2024,0
hikvision-ds-2cd2t47g2h-lisu-sl,Hikvision,DS-2CD2T47G2H-LISU/SL,bullet,4MP (2688x1520),4,"1/1.8"" Progressive Scan CMOS","104.0 horizontal (2.8mm), 89.2 horizontal (4mm)",hybrid,IP67,,true,2023,0
hikvision-ds-2cd2t47g2h-liu,Hikvision,DS-2CD2T47G2H-LIU,bullet,4MP,4,"1/1.8"" Progressive Scan CMOS",102 horizontal (2.8mm),hybrid,IP67,,false,,0
hikvision-ds-2cd2t47g2p-lsu-sl,Hikvision,DS-2CD2T47G2P-LSU/SL,panoramic,4MP panoramic (3040x1368),4,"2 x 1/2.5"" Progressive Scan CMOS (dual sensor)","180 horizontal, 81 vertical (2.8mm)",color,IP67,,true,2023,0
hikvision-ds-2cd2t47g3-lis2uy-sl,Hikvision,DS-2CD2T47G3-LIS2UY/SL,bullet,4MP,4,"1/1.8"" Progressive Scan CMOS",102 horizontal (2.8mm),hybrid,IP67,,true,2025,0
hikvision-ds-2cd2t47g3-lis2uy-slrb,Hikvision,DS-2CD2T47G3-LIS2UY/SLRB,bullet,4MP (2688x1520),4,"1/1.8"" Progressive Scan CMOS","111.1 horizontal (2.8mm), 95.2 horizontal (4mm)",hybrid,IP67,,true,2023,0
hikvision-ds-2cd2t47g3-liy,Hikvision,DS-2CD2T47G3-LIY,bullet,4MP,4,"1/1.8"" Progressive Scan CMOS",102 horizontal (2.8mm),hybrid,IP67,,true,2025,0
hikvision-ds-2cd2t63g2-4i,Hikvision,DS-2CD2T63G2-4I,bullet,6MP,6,"1/2.4"" Progressive Scan CMOS",103 horizontal (2.8mm),ir,IP67,,false,,0
hikvision-ds-2cd2t67g2-l,Hikvision,DS-2CD2T67G2-L,bullet,6MP,6,"1/1.7"" CMOS",103 horizontal (2.8mm),color,IP67,,false,,0
hikvision-ds-2cd2t67g2h-li,Hikvision,DS-2CD2T67G2H-LI,bullet,6MP (3200x1800),6,"1/1.8"" Progressive Scan CMOS","105.1 horizontal (2.8mm), 90.0 horizontal (4mm)",hybrid,IP67,,false,2023,0
hikvision-ds-2cd2t67g2h-lisu-sl,Hikvision,DS-2CD2T67G2H-LISU/SL,bullet,6MP (3200x1800),6,"1/1.8"" Progressive Scan CMOS","105.1 horizontal (2.8mm), 90.0 horizontal (4mm)",hybrid,IP67,,true,2023,0
hikvision-ds-2cd2t83g2-2i-4i,Hikvision,DS-2CD2T83G2-2I/4I,bullet,4K (3840x2160),8,"1/2.8"" Progressive Scan CMOS",107/87/54 (H),ir,IP67,,false,2023,0
hikvision-ds-2cd2t83g2-4i,Hikvision,DS-2CD2T83G2-4I,bullet,4K UHD,8,"1/2.8"" Progressive Scan CMOS",102 horizontal (2.8mm),ir,IP67,IK10,false,,0
hikvision-ds-2cd2t85g1-i8,Hikvision,DS-2CD2T85G1-I8,bullet,4K UHD,8,"1/2"" Progressive Scan CMOS",102 horizontal (2.8mm),ir,IP67,,false,,0
hikvision-ds-2cd2t86g2-2i-4i,Hikvision,DS-2CD2T86G2-2I/4I,bullet,4K (3840x2160),8,"1/1.8"" Progressive Scan CMOS","111 horizontal (2.8mm), 87 horizontal (4mm), 51 horizontal (6mm)",ir,IP67,,false,2023,0
hikvision-ds-2cd2t86g2-4i,Hikvision,DS-2CD2T86G2-4I,bullet,4K UHD,8,"1/2.8"" Progressive Scan CMOS",102 horizontal (2.8mm),ir,IP67,IK10,false,,0
hikvision-ds-2cd2t86g2-isu-sl,Hikvision,DS-2CD2T86G2-ISU/SL,bullet,4K (3840x2160),8,"1/1.8"" Progressive Scan CMOS",110/88/59 horizontal,ir,IP67,,true,2023,0
hikvision-ds-2cd2t86g2h-2i-4i,Hikvision,DS-2CD2T86G2H-2I/4I,bullet,4K (3840x2160),8,"1/1.8"" Progressive Scan CMOS",105.1 horizontal (2.8mm),ir,IP67,,false,2023,0
hikvision-ds-2cd2t86g2h-is2u-slrb,Hikvision,DS-2CD2T86G2H-IS2U/SLRB,bullet,4K (3840x2160),8,"1/1.8"" Progressive Scan CMOS",105 horizontal (2.8mm),ir,IP67,,true,2023,0
hikvision-ds-2cd2t87g2-4i,Hikvision,DS-2CD2T87G2-4I,bullet,4K UHD,8,"1/1.8"" Progressive Scan CMOS",109 horizontal,ir,IP67,,false,2022,0
hikvision-ds-2cd2t87g2-l,Hikvision,DS-2CD2T87G2-L,bullet,4K UHD,8,"1/2"" Progressive Scan CMOS",102 horizontal / 52 vertical (2.8mm),color,IP67,IK10,false,,0
hikvision-ds-2cd2t87g2-lsu-sl,Hikvision,DS-2CD2T87G2-LSU/SL,bullet,4K UHD,8,"1/2"" Progressive Scan CMOS",102 horizontal (2.8mm),color,IP67,,true,,0
hikvision-ds-2cd2t87g2h-li,Hikvision,DS-2CD2T87G2H-LI,bullet,4K (3840x2160),8,"1/1.8"" Progressive Scan CMOS",105.1 horizontal (2.8mm),hybrid,IP67,,false,2023,0
hikvision-ds-2cd2t87g2h-lisu-sl,Hikvision,DS-2CD2T87G2H-LISU/SL,bullet,4K (3840x2160),8,"1/1.8"" Progressive Scan CMOS",105.1 horizontal (2.8mm),hybrid,IP67,,true,2023,0
hikvision-ds-2cd2t87g2p-lsu-sl,Hikvision,DS-2CD2T87G2P-LSU/SL,panoramic,8MP panoramic (5120x1440),8,"2 x 1/1.8"" Progressive Scan CMOS (dual sensor)",180 horizontal / 44 vertical (4mm),color,IP67,,true,2023,0
hikvision-ds-2cd2t87g3-li,Hikvision,DS-2CD2T87G3-LI,bullet,4K UHD,8,"1/1.2"" Progressive Scan CMOS",102 horizontal (2.8mm),hybrid,IP67,,false,2025,0
hikvision-ds-2cd2t87g3-lis2uy-sl,Hikvision,DS-2CD2T87G3-LIS2UY/SL,bullet,4K/8MP,8,"1/1.8"" CMOS",108.8,hybrid,IP67,,true,,0
hikvision-ds-2cd2t87g3-lis2uy-slrb,Hikvision,DS-2CD2T87G3-LIS2UY/SLRB,bullet,4K (3840x2160),8,"1/1.8"" Progressive Scan CMOS",108.8 horizontal (2.8mm),hybrid,IP67,,true,2023,0
hikvision-ds-2cd2t87g3p-lis2uy-sl,Hikvision,DS-2CD2T87G3P-LIS2UY/SL,bullet,8MP,8,"1/2.5"" Progressive Scan CMOS",182.6,hybrid,IP67,,true,,0
hikvision-ds-2cd3021g3-liuf,Hikvision,DS-2CD3021G3-LIUF,bullet,1080p,2,"1/2.8"" Progressive Scan CMOS",108 horizontal (2.8mm) / 87 horizontal (4mm),hybrid,IP67,,false,2026,0
hikvision-ds-2cd3021g3e-liu,Hikvision,DS-2CD3021G3E-LIU,bullet,1080p,2,"1/2.9"" Progressive Scan CMOS",104 horizontal (2.8mm) / 84 horizontal (4mm),hybrid,IP67,,false,2026,0
hikvision-ds-2cd3041g3-liu,Hikvision,DS-2CD3041G3-LIU,bullet,4MP,4,"1/3"" Progressive Scan CMOS",98 horizontal (2.8mm) / 79 horizontal (4mm),hybrid,IP67,,false,2026,0
hikvision-ds-2cd3041g3-liuf,Hikvision,DS-2CD3041G3-LIUF,bullet,4MP,4,"1/3"" Progressive Scan CMOS",98 horizontal (2.8mm) / 79 horizontal (4mm),hybrid,IP67,,false,2026,0
hikvision-ds-2cd3043g2-iu,Hikvision,DS-2CD3043G2-IU,bullet,4MP (2688x1520),4,"1/3"" Progressive Scan CMOS",103/84/52 (H),ir,IP67,,false,2023,0
hikvision-ds-2cd3047g3e-liu,Hikvision,DS-2CD3047G3E-LIU,bullet,4MP,4,"1/2.8"" Progressive Scan CMOS",101.5 horizontal (2.8mm) / 84.1 horizontal (4mm),hybrid,IP67,IK10,false,2026,0
hikvision-ds-2cd3056g2-is,Hikvision,DS-2CD3056G2-IS,bullet,5MP,5,"1/2.7"" Progressive Scan CMOS",98 horizontal (2.8mm),ir,IP67,,false,,0
hikvision-ds-2cd3086g2-is,Hikvision,DS-2CD3086G2-IS,bullet,4K UHD,8,"1/1.8"" Progressive Scan CMOS",108 horizontal (2.8mm),ir,IP67,,false,,0
hikvision-ds-2cd3121g3-liuf,Hikvision,DS-2CD3121G3-LIUF,dome,1080p,2,"1/2.8"" Progressive Scan CMOS",108 horizontal (2.8mm) / 87 horizontal (4mm),hybrid,IP67,,false,2026,0
hikvision-ds-2cd3143g2-iu,Hikvision,DS-2CD3143G2-IU,dome,4MP,4,,103h,ir,IP67,IK10,false,2022,0
hikvision-ds-2cd3156g2-is-u,Hikvision,DS-2CD3156G2-IS(U),dome,5MP,5,"1/2.7"" Progressive Scan CMOS",98 horizontal (2.8mm),ir,IP67,IK10,false,,0
hikvision-ds-2cd3343g2-isu,Hikvision,DS-2CD3343G2-ISU,turret,4MP (2688x1520),4,"1/2.9"" Progressive Scan CMOS",103.6 horizontal (2.8mm),ir,IP67,,false,2023,0
hikvision-ds-2cd3347g2-lu,Hikvision,DS-2CD3347G2-LU,turret,4MP,4,,103h,color,IP67,,false,2023,0
hikvision-ds-2cd3386g2-is-u,Hikvision,DS-2CD3386G2-IS(U),turret,4K UHD,8,"1/1.8"" Progressive Scan CMOS",107 horizontal (2.8mm),ir,IP67,,false,,0
hikvision-ds-2cd3387g2-lu,Hikvision,DS-2CD3387G2-LU,turret,4K UHD,8,,103h,color,IP67,,false,2023,0
hikvision-ds-2cd3523g2-is,Hikvision,DS-2CD3523G2-IS,dome,1080p HD,2,,88-34h,ir,IP67,IK10,false,2022,0
hikvision-ds-2cd3686g2t-izsy-h,Hikvision,DS-2CD3686G2T-IZSY-H,bullet,4K (3840x2160),8,"1/1.8"" Progressive Scan CMOS",108-46 horizontal,ir,IP67,IK10,false,2023,0
hikvision-ds-2cd3746g2-izs,Hikvision,DS-2CD3746G2-IZS,dome,4MP,4,"1/3"" Progressive Scan CMOS","107.6-32.9 horizontal (2.7-13.5mm), 28.7-10.5 (7-35mm)",ir,IP66,IK10,true,,0
hikvision-ds-2cd3766g2t-izs-y,Hikvision,DS-2CD3766G2T-IZS(Y),dome,6MP,6,"1/2.4"" Progressive Scan CMOS","106-35.6 horizontal (2.7-13.5mm), 34.4-12.5 (7-35mm)",ir,IP67,IK10,true,,0
hikvision-ds-2cd3t47g2-lzs,Hikvision,DS-2CD3T47G2-LZS,bullet,4MP,4,,103-32h,color,IP67,,false,2023,0
hikvision-ds-2cd3t87g2-lzs,Hikvision,DS-2CD3T87G2-LZS,bullet,4K UHD,8,,103-32h,color,IP67,,false,2023,0
hikvision-ds-2cd6365g0e-ivs,Hikvision,DS-2CD6365G0E-IVS,fisheye,6MP 360°,6,,360 fisheye,ir,IP66,,false,2020,0
hikvision-ds-2cd6365g1-ivs,Hikvision,DS-2CD6365G1-IVS,fisheye,6MP fisheye,6,"1/1.8"" Progressive Scan CMOS",180 horizontal / 180 vertical,ir,IP67,IK10,true,2023,0
hikvision-ds-2cd6365g1-s-rc,Hikvision,DS-2CD6365G1-S/RC,fisheye,6MP fisheye,6,"1/1.8"" Progressive Scan CMOS",180 horizontal / 180 vertical,none,,,false,2023,0
hikvision-ds-2cd63c5g1-ivs,Hikvision,DS-2CD63C5G1-IVS,fisheye,12MP UHD,12,"1/1.7"" Progressive Scan CMOS",360,ir,IP66,IK10,true,,0
hikvision-ds-2cd63c5g1-s-rc,Hikvision,DS-2CD63C5G1-S/RC,fisheye,12MP fisheye,12,"1/1.8"" Progressive Scan CMOS",180 horizontal / 180 vertical,none,,,false,2023,0
hikvision-ds-2cd6944g0-ihs,Hikvision,DS-2CD6944G0-IHS,panoramic,16MP (4×4MP multisensor),16,,180h,none,IP66,,false,2021,0
hikvision-ds-2cd6w65g1-ivs,Hikvision,DS-2CD6W65G1-IVS,fisheye,6MP fisheye,6,"1/1.8"" Progressive Scan CMOS",180 horizontal / 180 vertical,ir,IP67,IK10,true,2023,0
hikvision-ds-2cd7a87g0-xzs,Hikvision,DS-2CD7A87G0-XZS,bullet,4K UHD,8,,106-32h,color,IP67,,false,2022,0
hikvision-ds-2ce16d0t-exif,Hikvision,DS-2CE16D0T-EXIF,bullet,1080p,2,2MP CMOS,96.5 horizontal (2.8mm) / 76.9 horizontal (3.6mm),ir,IP67,,false,,0
hikvision-ds-2ce16d0t-it3e,Hikvision,DS-2CE16D0T-IT3E,bullet,1080p HD,2,2MP Progressive Scan CMOS,103.55-24.36 horizontal (2.8mm-12mm options),ir,IP67,,false,2023,0
hikvision-ds-2ce16d0t-itfs,Hikvision,DS-2CE16D0T-ITFS,bullet,1080p,2,2MP Progressive Scan CMOS,106.4-51.9 horizontal (2.8mm-6mm options),ir,IP67,,false,2023,0
hikvision-ds-2ce16d0t-lfs,Hikvision,DS-2CE16D0T-LFS,bullet,1080p,2,2MP CMOS,101 / 78,hybrid,IP67,,false,,0
hikvision-ds-2ce16d0t-lpfs,Hikvision,DS-2CE16D0T-LPFS,bullet,1080p,2,2MP CMOS,101 / 78,hybrid,IP67,,false,,0
hikvision-ds-2ce16d0t-lxts,Hikvision,DS-2CE16D0T-LXTS,bullet,1080p,2,2MP CMOS,105 horizontal (2.8mm) / 87 horizontal (3.6mm),hybrid,IP67,,true,2024,0
hikvision-ds-2ce16d0t-vfir3e,Hikvision,DS-2CE16D0T-VFIR3E,bullet,1080p,2,2MP CMOS,105.2-32.8 horizontal,ir,IP67,IK10,false,2023,0
hikvision-ds-2ce16d8t-it3f,Hikvision,DS-2CE16D8T-IT3F,bullet,1080p HD,2,,103h,ir,IP67,,false,2020,0
hikvision-ds-2ce16d9t-airazh,Hikvision,DS-2CE16D9T-AIRAZH,bullet,1080p,2,2MP ultra-low-light CMOS,6-59,ir,IP67,,false,,0
hikvision-ds-2ce16h0t-itec,Hikvision,DS-2CE16H0T-ITEC,bullet,5MP,5,5MP CMOS,93 / 77,ir,IP67,,false,,0
hikvision-ds-2ce16h8t-it3f,Hikvision,DS-2CE16H8T-IT3F,bullet,5MP HD,5,,103h,ir,IP67,,false,2020,0
hikvision-ds-2ce16k0t-itf,Hikvision,DS-2CE16K0T-ITF,bullet,5MP HD,5,,103h,ir,IP66,,false,2021,0
hikvision-ds-2ce16k0t-lfs,Hikvision,DS-2CE16K0T-LFS,bullet,3K (~5MP),5,3K CMOS,104.9 (2.8mm) / 81.3 (3.6mm),hybrid,IP67,,false,,0
hikvision-ds-2ce16k0t-lpfs,Hikvision,DS-2CE16K0T-LPFS,bullet,3K (~5MP),5,3K CMOS,104.9 / 81.3,hybrid,IP67,,false,,0
hikvision-ds-2ce16u0t-itf,Hikvision,DS-2CE16U0T-ITF,bullet,4K/8MP,8,8.29MP CMOS,102.9 / 79 / 44.7,ir,IP67,,false,,0
hikvision-ds-2ce16u0t-itpf,Hikvision,DS-2CE16U0T-ITPF,bullet,4K/8MP,8,8.29MP CMOS,102.9 / 79 / 44.7,ir,IP67,,false,,0
hikvision-ds-2ce17d0t-lfs,Hikvision,DS-2CE17D0T-LFS,bullet,1080p,2,2MP CMOS,101 / 78 / 49.2,hybrid,IP67,,false,,0
hikvision-ds-2ce17k0t-lfs,Hikvision,DS-2CE17K0T-LFS,bullet,3K (~5MP),5,3K CMOS,104.9 (2.8mm),hybrid,IP67,,false,,0
hikvision-ds-2ce18k0t-lfs,Hikvision,DS-2CE18K0T-LFS,bullet,3K (~5MP),5,3K CMOS,104.9 / 81.3 / 51.8,hybrid,IP67,,false,,0
hikvision-ds-2ce19h0t-it3zec,Hikvision,DS-2CE19H0T-IT3ZEC,bullet,5MP,5,5MP CMOS,95-26,ir,IP67,,false,,0
hikvision-ds-2ce19u1t-it3zf,Hikvision,DS-2CE19U1T-IT3ZF,bullet,4K/8MP,8,8.29MP progressive-scan CMOS,108.1-45.6,ir,IP67,,false,,0
hikvision-ds-2ce19u8t-ait3z,Hikvision,DS-2CE19U8T-AIT3Z,bullet,4K/8MP,8,8.29MP progressive-scan CMOS,45.6-108.1,ir,IP67,,false,,0
hikvision-ds-2ce57u0t-vpitf,Hikvision,DS-2CE57U0T-VPITF,dome,4K/8MP,8,8.29MP CMOS,102.9 / 79 / 44.7,ir,IP67,IK10,false,,0
hikvision-ds-2ce76d0t-lmfs,Hikvision,DS-2CE76D0T-LMFS,turret,1080p,2,2MP CMOS,101 / 78,hybrid,IP67,,false,,0
hikvision-ds-2ce76d0t-lpfs,Hikvision,DS-2CE76D0T-LPFS,turret,1080p,2,2MP CMOS,101 / 78,hybrid,,,false,,0
hikvision-ds-2ce76k0t-itmfs,Hikvision,DS-2CE76K0T-ITMFS,turret,5MP HD,5,,103h,ir,IP67,,false,2021,0
hikvision-ds-2ce76k0t-lmfs,Hikvision,DS-2CE76K0T-LMFS,turret,3K (~5MP),5,3K CMOS,104.9 / 81.3,hybrid,IP67,,false,,0
hikvision-ds-2ce76k0t-lpfs,Hikvision,DS-2CE76K0T-LPFS,turret,3K (~5MP),5,3K CMOS,104.9 / 81.3,hybrid,,,false,,0
hikvision-ds-2ce76u0t-itmf,Hikvision,DS-2CE76U0T-ITMF,turret,4K/8MP,8,8.29MP CMOS,102.9 / 79 / 44.7,ir,IP67,,false,,0
hikvision-ds-2ce76u0t-itpf,Hikvision,DS-2CE76U0T-ITPF,turret,4K/8MP,8,8.29MP CMOS,102.9 / 79 / 44.7,ir,,,false,,0
hikvision-ds-2ce78d0t-lfs,Hikvision,DS-2CE78D0T-LFS,turret,1080p,2,2MP CMOS,100 / 80,hybrid,IP67,,false,,0
hikvision-ds-2ce78k0t-lfs,Hikvision,DS-2CE78K0T-LFS,turret,3K (~5MP),5,3K CMOS,104.9 / 81.3,hybrid,IP67,,false,,0
hikvision-ds-2ce78u0t-it3f,Hikvision,DS-2CE78U0T-IT3F,turret,4K/8MP,8,8.29MP CMOS,102.9 / 79 / 44.7,ir,IP67,,false,,0
hikvision-ds-2cfs04-4g,Hikvision,DS-2CFS04/4G,bullet,4MP,4,"1/3"" Progressive Scan CMOS",98.5 (2.8mm)/78.3 (4mm) horizontal,hybrid,IP66,,true,,0
hikvision-ds-2cfsp4-4g,Hikvision,DS-2CFSP4/4G,ptz,4MP,4,"1/3"" Progressive Scan CMOS",95.7 (2.8mm)/79.6 (4mm) horizontal,hybrid,IP66,,true,,0
hikvision-ds-2cv1021g0-idw1,Hikvision,DS-2CV1021G0-IDW1,bullet,1080p,2,"1/2.7"" Progressive Scan CMOS",114.5 horizontal (2.8mm) / 86 horizontal (4mm),ir,IP66,,false,,0
hikvision-ds-2cv2041g2-idw,Hikvision,DS-2CV2041G2-IDW,bullet,4MP (2560x1440),4,"1/3"" Progressive Scan CMOS",97 / 82,ir,IP66,,true,2023,0
hikvision-ds-2cv2141g2-idw-e,Hikvision,DS-2CV2141G2-IDW-E,dome,4MP (2560x1440),4,"1/3"" Progressive Scan CMOS",95 / 79,ir,IP66,,true,2023,0
hikvision-ds-2cv2q21g1-idw,Hikvision,DS-2CV2Q21G1-IDW,box,1080p,2,"1/3"" Progressive Scan CMOS",75 (H),ir,,,true,2023,0
hikvision-ds-2de2a204iw-de3-w,Hikvision,DS-2DE2A204IW-DE3/W,ptz,1080p,2,"1/2.7"" Progressive Scan CMOS",103-29 horizontal,ir,IP66,,true,,0
hikvision-ds-2de2a404iw-de3-ws6,Hikvision,DS-2DE2A404IW-DE3/WS6,ptz,4MP (2560x1440),4,"1/2.8"" Progressive Scan CMOS",96.7-31.6 horizontal,ir,IP66,IK10,false,2023,0
hikvision-ds-2de2a404iw-de3s6,Hikvision,DS-2DE2A404IW-DE3S6,ptz,4MP (2560x1440),4,"1/2.8"" Progressive Scan CMOS",96.7-31.6 horizontal,ir,IP66,IK10,false,2023,0
hikvision-ds-2de2c400iwg,Hikvision,DS-2DE2C400IWG,ptz,4MP (2560x1440),4,"1/2.9"" Progressive Scan CMOS",91 horizontal (2.8mm) / 74 horizontal (4mm),ir,IP66,,true,2023,0
hikvision-ds-2de3404w-det5,Hikvision,DS-2DE3404W-DET5,ptz,4MP (2560x1440),4,"1/2.8"" Progressive Scan CMOS",93.8-31.7 horizontal,none,IP66,,false,2023,0
hikvision-ds-2de3a400bw-de,Hikvision,DS-2DE3A400BW-DE,ptz,4MP,4,"1/1.8"" Progressive Scan CMOS",103-31 horizontal,color,IP66,,true,,0
hikvision-ds-2de3a400bw-de-wt5,Hikvision,DS-2DE3A400BW-DE/WT5,ptz,4MP (2560x1440),4,"1/1.8"" Progressive Scan CMOS",88.7 horizontal,color,IP66,,true,2023,0
hikvision-ds-2de3a400bw-det5,Hikvision,DS-2DE3A400BW-DET5,ptz,4MP (2560x1440),4,"1/1.8"" Progressive Scan CMOS",88.7 horizontal,color,IP66,,true,2023,0
hikvision-ds-2de3a400bwg-e,Hikvision,DS-2DE3A400BWG-E,ptz,4MP,4,"1/1.8"" Progressive Scan CMOS",103-31 horizontal,color,IP66,,true,,0
hikvision-ds-2de3a404iwg-e,Hikvision,DS-2DE3A404IWG-E,ptz,4MP (2560x1440),4,"1/2.8"" Progressive Scan CMOS",96.7-31.6 horizontal,ir,IP66,,true,2023,0
hikvision-ds-2de3a404iwg-e-w,Hikvision,DS-2DE3A404IWG-E/W,ptz,4MP (2560x1440),4,"1/2.8"" Progressive Scan CMOS",96.7-31.6 horizontal,ir,IP66,,true,2023,0
hikvision-ds-2de4215iw-det5,Hikvision,DS-2DE4215IW-DET5,ptz,1080p,2,"1/2.8"" Progressive Scan CMOS",57.6-4 (H),ir,IP66,,false,2023,0
hikvision-ds-2de4225iw-det5,Hikvision,DS-2DE4225IW-DET5,ptz,1080p,2,"1/2.8"" Progressive Scan CMOS",57.6-2.5 horizontal,ir,IP66,,false,2023,0
hikvision-ds-2de4425iw-de,Hikvision,DS-2DE4425IW-DE,ptz,4MP,4,"1/2.8"" Progressive Scan CMOS",59.5-2.6 horizontal (wide-tele),ir,IP66,,false,,0
hikvision-ds-2de4425iw-de-t5-india,Hikvision,DS-2DE4425IWG-E,ptz,4MP,4,"1/2.8"" CMOS",58-2.8 horizontal (25x zoom),ir,IP66,,false,2022,0
hikvision-ds-2de4425iw-det5,Hikvision,DS-2DE4425IW-DET5,ptz,4MP (2560x1440),4,"1/2.8"" Progressive Scan CMOS",55-2.4 horizontal,ir,IP66,,false,2023,0
hikvision-ds-2de4825wg-e3,Hikvision,DS-2DE4825WG-E3,ptz,4K,8,"1/1.8"" CMOS",58.5-3.7 horizontal,color,IP54,,false,,0
hikvision-ds-2de4a225iw-de,Hikvision,DS-2DE4A225IW-DE,ptz,1080p,2,"1/2.8"" CMOS",54.9 H / 31.5 V / 62.3 D,ir,IP66,,false,,0
hikvision-ds-2de4a225iw-des6,Hikvision,DS-2DE4A225IW-DES6,ptz,1080p,2,"1/2.8"" Progressive Scan CMOS",54.9 H / 31.5 V / 62.3 D,ir,IP66,,false,2023,0
hikvision-ds-2de4a225iwg-e,Hikvision,DS-2DE4A225IWG-E,ptz,1080p,2,"1/2.8"" CMOS",54.9 H / 31.5 V / 62.3 D,ir,IP66,,false,,0
hikvision-ds-2de4a225iwg1-e,Hikvision,DS-2DE4A225IWG1-E,ptz,1080p,2,"1/2.8"" CMOS",54.9 H / 31.5 V / 62.3 D,ir,IP67,,false,,0
hikvision-ds-2de4a404iwg-e,Hikvision,DS-2DE4A404IWG-E,ptz,4MP,4,"1/3"" CMOS",94-28 horizontal,ir,IP66,,false,2022,0
hikvision-ds-2de4a425iw-de,Hikvision,DS-2DE4A425IW-DE,ptz,4MP,4,"1/2.8"" CMOS",53.3 H / 30.6 V / 60.5 D,ir,IP66,,false,,0
hikvision-ds-2de4a425iwg-e,Hikvision,DS-2DE4A425IWG-E,ptz,4MP,4,"1/2.8"" Progressive Scan CMOS",59.5-2.6 horizontal,ir,IP66,,false,,0
hikvision-ds-2de4a425iwg1-e,Hikvision,DS-2DE4A425IWG1-E,ptz,4MP,4,"1/2.8"" CMOS",53.3 H / 30.6 V / 60.5 D,ir,IP67,,false,,0
hikvision-ds-2de5225w-ae3t5,Hikvision,DS-2DE5225W-AE3T5,ptz,1080p,2,"1/2.8"" Progressive Scan CMOS",57.6 H / 34.4 V / 64.5 D,none,,IK10,false,2023,0
hikvision-ds-2de5425iw-aet5,Hikvision,DS-2DE5425IW-AET5,ptz,4MP (2560x1440),4,"1/2.8"" Progressive Scan CMOS",55 H / 33 V / 61.5 D,ir,IP66,,false,2023,0
hikvision-ds-2de5a425iwg-e,Hikvision,DS-2DE5A425IWG-E,ptz,4MP,4,"1/2.8"" Progressive Scan CMOS",59.5-2.6 horizontal,ir,IP66,,false,,0
hikvision-ds-2de5a425iwg-eb,Hikvision,DS-2DE5A425IWG-E(B),ptz,4MP,4,"1/2.8"" CMOS",60-2.5h,ir,IP66,,false,2022,0
hikvision-ds-2de7a225iw-aebt5,Hikvision,DS-2DE7A225IW-AEBT5,ptz,1080p,2,"1/2.8"" Progressive Scan CMOS",57.6 H / 34.4 V / 64.5 D,ir,IP66,IK10,false,2023,0
hikvision-ds-2de7a225iwg-eb-sl,Hikvision,DS-2DE7A225IWG-EB/SL,ptz,1080p,2,"1/2.8"" CMOS",57.6 H / 34.4 V / 64.5 D,ir,IP67,IK10,false,,0
hikvision-ds-2de7a225iwg1-e,Hikvision,DS-2DE7A225IWG1-E,ptz,1080p,2,"1/2.8"" CMOS",55 H / 33 V / 61.5 D,ir,IP67,IK10,true,,0
hikvision-ds-2de7a232iw-aebt5,Hikvision,DS-2DE7A232IW-AEBT5,ptz,1080p,2,"1/2.8"" Progressive Scan CMOS",50.8 H / 29.4 V / 57.4 D,ir,IP66,IK10,false,2023,0
hikvision-ds-2de7a232iwg-eb-sl,Hikvision,DS-2DE7A232IWG-EB/SL,ptz,1080p,2,"1/2.8"" CMOS",55 horizontal/33 vertical/62.4 diagonal (wide end),ir,IP67,IK10,false,,0
hikvision-ds-2de7a232iwg1-e,Hikvision,DS-2DE7A232IWG1-E,ptz,1080p,2,"1/2.8"" CMOS",55 horizontal/33 vertical/61.5 diagonal (wide end),ir,IP67,IK10,true,,0
hikvision-ds-2de7a425iwg-eb-sl,Hikvision,DS-2DE7A425IWG-EB/SL,ptz,4MP,4,"1/2.8"" CMOS",55 horizontal/33 vertical/61.5 diagonal (wide end),ir,IP67,IK10,true,,0
hikvision-ds-2de7a425iwg1-e,Hikvision,DS-2DE7A425IWG1-E,ptz,4MP,4,"1/2.8"" CMOS",55-2.65 horizontal / 33-1.5 vertical,ir,IP67,IK10,false,2026,0
hikvision-ds-2de7a432iw-aeb,Hikvision,DS-2DE7A432IW-AEB,ptz,4MP,4,"1/2.8"" Progressive Scan CMOS",60.6-2.4 horizontal,ir,IP66,IK10,true,2023,0
hikvision-ds-2de7a432iw-aebt5,Hikvision,DS-2DE7A432IW-AEBT5,ptz,4MP (2560x1440),4,"1/1.8"" Progressive Scan CMOS",50.8 horizontal/29.4 vertical/57.4 diagonal (wide end),ir,IP66,IK10,false,2023,0
hikvision-ds-2de7a432iwg-eb-sl,Hikvision,DS-2DE7A432IWG-EB/SL,ptz,4MP,4,"1/2.8"" CMOS",50.8-2.6 horizontal / 29.4-1.5 vertical,ir,IP67,IK10,true,,0
hikvision-ds-2de7a432iwg1-e,Hikvision,DS-2DE7A432IWG1-E,ptz,4MP,4,"1/2.8"" CMOS",60.72-2.2 horizontal / 35.92-1.3 vertical,ir,IP67,IK10,false,2026,0
hikvision-ds-2de7a632iwg1-e,Hikvision,DS-2DE7A632IWG1-E,ptz,6MP,6,"1/2.5"" CMOS",60.7 horizontal/35.9 vertical/68.4 diagonal (wide end),ir,IP67,IK10,true,,0
hikvision-ds-2de7a825iwg1-e,Hikvision,DS-2DE7A825IWG1-E,ptz,4K/8MP,8,"1/1.8"" CMOS",55.3 horizontal/32.2 vertical/62.3 diagonal (wide end),ir,IP67,IK10,true,,0
hikvision-ds-2df4420-dx304e,Hikvision,DS-2DF4420-DX(304)(E),ptz,4MP QHD,4,"1/2.8"" Progressive Scan CMOS",55 to 2.6 horizontal,none,IP68,,,,0
hikvision-ds-2df4420-dx316le,Hikvision,DS-2DF4420-DX(316L)(E),ptz,4MP QHD,4,"1/2.8"" Progressive Scan CMOS",55 to 2.6 horizontal,none,IP68,,,,0
hikvision-ds-2df4420-dxs6-316lc,Hikvision,DS-2DF4420-DXS6/316LC,ptz,4MP QHD,4,"1/2.8"" Progressive Scan CMOS",55 to 2.6 horizontal,none,IP68,,,,0
hikvision-ds-2df4420-dxs6c304,Hikvision,DS-2DF4420-DX(S6)(C)(304),ptz,4MP QHD,4,"1/2.8"" Progressive Scan CMOS",55 to 2.6 horizontal,none,IP68,,,,0
hikvision-ds-2df4420wg-xey,Hikvision,DS-2DF4420WG-XEY,ptz,4MP QHD,4,"1/2.8"" Progressive Scan CMOS",55 to 2.6 horizontal,none,IP68,,,,0
hikvision-ds-2df4420wg-xeyadce,Hikvision,DS-2DF4420WG-XEY(ADC)(E),ptz,4MP QHD,4,"1/2.8"" Progressive Scan CMOS",55 to 2.6 horizontal,none,IP68,,,,0
hikvision-ds-2dp7d425ixg1-lef,Hikvision,DS-2DP7D425IXG1-LEF,panoramic,16MP (4×4MP) 360° panoramic + 4MP 25X PTZ,16,"1/1.8"" Progressive Scan CMOS (panoramic) + 1/1.8"" Progressive Scan CMOS (PTZ)",360 panoramic,ir,IP67,IK10,true,,0
hikvision-ds-2dp7d836ixg1-lef,Hikvision,DS-2DP7D836IXG1-LEF/432(IR),ptz,4x8MP 360° panoramic + 8MP 36x PTZ (PanoVu),40,"4x 1/1.8"" CMOS (panoramic channel) + 1/1.8"" CMOS (PTZ channel)",360 horizontal (4-lens panoramic),ir,IP67,IK10,false,2026,0
hikvision-ds-2dp8a440ixg1-lef,Hikvision,DS-2DP8A440IXG1-LEF/624(F0),ptz,24MP 270° panoramic (6-sensor) + 40x PTZ (PanoVu),24,"6x 1/1.8"" CMOS (panoramic channel) + 1/1.8"" CMOS (PTZ channel)",270 horizontal / 110 vertical (panoramic),ir,IP67,IK10,false,2026,0
hikvision-ds-2dp8s845ixg1,Hikvision,DS-2DP8S845IXG1,panoramic,32MP panoramic (8-sensor) + PTZ,32,"[Panoramic] 1/1.8"" CMOS x8; [PTZ] 1/1.2"" CMOS",140 panoramic,ir,IP67,IK10,false,,0
hikvision-ds-2pt3q27iwx-de,Hikvision,DS-2PT3Q27IWX-DE,dual-lens,4MP panoramic + 2MP PTZ,8,"1/2.7"" CMOS + 1/2.8"" CMOS",180 panoramic + 94-28 PTZ,ir,IP66,,false,2023,0
hikvision-ds-2se4c215mwg-e,Hikvision,DS-2SE4C215MWG-E,ptz,1080p (dual-channel),2,"1/2.8"" CMOS (dual-channel)",54.8 horizontal/31.4 vertical/62.2 diagonal (PTZ channel wide end),hybrid,IP66,,false,,0
hikvision-ds-2se4c225mwg-e,Hikvision,DS-2SE4C225MWG-E,ptz,1080p (2MP PTZ) + 6MP ColorVu bullet,2,"1/2.8"" + 1/2.5"" CMOS (dual-channel)",54.8 horizontal/31.4 vertical/62.2 diagonal (PTZ channel wide end),hybrid,IP66,,false,,0
hikvision-ds-2se4c425mwg-4g,Hikvision,DS-2SE4C425MWG-4G,ptz,4MP,4,"1/2.8"" CMOS (dual-channel)",55 horizontal/33 vertical/61.5 diagonal (PTZ channel wide end),hybrid,IP67,,true,,0
hikvision-ds-2se4c425mwg-e,Hikvision,DS-2SE4C425MWG-E,ptz,4MP+4MP TandemVu,4,Dual CMOS,60-2.5h,color,IP66,,false,2023,0
hikvision-ds-2se4c430mwg-e,Hikvision,DS-2SE4C430MWG-E,ptz,4MP+4MP TandemVu 30x,4,Dual CMOS,60-2h,ir,IP66,,false,2023,0
hikvision-ds-2se7c432iwg-k,Hikvision,DS-2SE7C432IWG-K,ptz,4MP,4,"1/1.8"" Progressive Scan CMOS",60.2 to 2.3 horizontal (PTZ channel),ir,IP67,IK10,true,,0
hikvision-ds-2se7c432mwg-eb,Hikvision,DS-2SE7C432MWG-EB,panoramic,6MP panoramic + 4MP 32x PTZ,6,"1/2.5"" + 1/2.8"" CMOS (dual-channel)",60.2 horizontal/35.2 vertical (PTZ channel wide end),hybrid,IP66,,true,,0
hikvision-ds-2sf7c425mxg2-lm-el,Hikvision,DS-2SF7C425MXG2/LM-EL,ptz,6MP panoramic + 4MP 25x PTZ (TandemVu),10,"1/2.5"" CMOS (panoramic channel) + 1/1.8"" CMOS (PTZ channel)",190 horizontal (panoramic) / 60.2-2.3 horizontal (PTZ),hybrid,IP67,IK10,false,2026,0
hikvision-ds-2sf7c442mxg2-lm-el,Hikvision,DS-2SF7C442MXG2/LM-EL,ptz,6MP panoramic + 4MP 42x PTZ (TandemVu),10,"1/2.5"" CMOS (panoramic channel) + 1/1.8"" CMOS (PTZ channel)",190 horizontal (panoramic) / 59.1-2 horizontal (PTZ),hybrid,IP67,IK10,false,2026,0
hikvision-ds-2sf8c425mxs-dlw,Hikvision,DS-2SF8C425MXS-DLW,panoramic,4MP fixed + 4MP 25X PTZ (TandemVu),4,"1/1.8"" Progressive Scan CMOS (dual-channel)",[Bullet] 190 horizontal/50 vertical/198 diagonal; [PTZ] 58.5-3.1 horizontal/34-1.7 vertical/65.8-3.5 diagonal,hybrid,IP67,IK10,false,,0
hikvision-ds-2sf8c442mxg1-elw,Hikvision,DS-2SF8C442MXG1-ELW,panoramic,6MP panoramic + 4MP 42x PTZ,6,"1/2.5"" + 1/1.8"" CMOS (dual-channel)",59 horizontal/34.2 vertical/67.1 diagonal (PTZ channel wide end),hybrid,IP67,IK10,true,,0
hikvision-ds-2sf8c848mxg1-elw,Hikvision,DS-2SF8C848MXG1-ELW,panoramic,6MP panoramic + 8MP 48x laser PTZ,8,"1/2.5"" + 1/1.2"" CMOS (dual-channel)",58.5 horizontal/34 vertical/65.8 diagonal (PTZ channel wide end),hybrid,IP67,IK10,true,,0
hikvision-ds-2sk6c425mwg1,Hikvision,DS-2SK6C425MWG1,panoramic,4MP 25X PTZ + multi-sensor panoramic,4,"1/1.8"" (panoramic x2) + 1/2.8"" (PTZ) Progressive Scan CMOS",[Panoramic] 40.3 to 14.5 horizontal; [PTZ] 57.7 to 2.9 horizontal,ir,IP67,IK10,true,,0
hikvision-ds-2sk6c425mxg1,Hikvision,DS-2SK6C425MXG1,panoramic,8MP multi-sensor panoramic + 4MP 25X PTZ,8,"[Panoramic] 1/1.2"" + [PTZ] 1/1.8"" Progressive Scan CMOS",[Panoramic] 36.4-13.1 horizontal; [PTZ] 58.8-3.1 horizontal,ir,IP67,IK10,true,,0
hikvision-ds-2sk6c440mxg1,Hikvision,DS-2SK6C440MXG1,panoramic,4 MP 40X PTZ + multi-sensor panoramic (up to 8 MP),8,"[Panoramic] 1/1.8"" (4 MP variant) or 1/1.2"" (8 MP variant) Progressive Scan CMOS, [PTZ] 1/1.8"" Progressive Scan CMOS",[Panoramic] 39.6-8.9 horizontal (4 MP variant) / 36.4-13.1 horizontal (8 MP variant); [PTZ] 59.1-2 horizontal,ir,IP67,IK10,false,,0
hikvision-ds-2sk6c810mcg1,Hikvision,DS-2SK6C810MCG1,panoramic,8MP 10X PTZ + multi-sensor panoramic,8,"1/1.2"" (panoramic) + 1/1.8"" (PTZ) Progressive Scan CMOS",[Panoramic] 36.4-13.1 horizontal/20.5-7.4 vertical/41.8-14.9 diagonal; [PTZ] 30.3-3.3 horizontal/17.3-1.8 vertical/34.6-3.8 diagonal,ir,IP67,IK10,true,,0
hikvision-ds-2xe6646g0-lizsadc,Hikvision,DS-2XE6646G0-LIZSADC,bullet,4MP,4,"1/2.7"" Progressive Scan CMOS",95 to 31.3 horizontal,hybrid,IP68,IK10,,,0
hikvision-ds-2xs3q47g1-ld,Hikvision,DS-2XS3Q47G1-LD,bullet,4MP,4,"1/3"" Progressive Scan CMOS",4 mm: 75 horizontal; 6 mm: 49 horizontal,color,IP65,,true,,0
hikvision-ds-2xs3q47g1-ldh,Hikvision,DS-2XS3Q47G1-LDH,bullet,4MP,4,"1/3"" Progressive Scan CMOS",4 mm: 75 horizontal; 6 mm: 49 horizontal,color,IP65,,true,,0
hikvision-ds-2xs6a25g0-i,Hikvision,DS-2XS6A25G0-I/CH20S40,bullet,1080p HD,2,,103h,ir,IP67,,false,2022,0
hikvision-ds-2xs6a46g1-izs,Hikvision,DS-2XS6A46G1-IZS,bullet,4MP,4,"1/1.8"" Progressive Scan CMOS",107.4 to 39.8 horizontal (2.8-12mm); 40.3 to 14.5 horizontal (8-32mm),ir,IP66,,,,0
hikvision-ds-2xs6a46g1-lizs,Hikvision,DS-2XS6A46G1-LIZS,bullet,4MP,4,"1/1.8"" Progressive Scan CMOS",103.9 to 48.2 horizontal (2.8-12mm); 42.5 to 15.2 horizontal (8-32mm),hybrid,IP66,,,,0
hikvision-ds-2xs6a46g1-p-izs,Hikvision,DS-2XS6A46G1/P-IZS,bullet,4MP,4,"1/1.8"" Progressive Scan CMOS",107.4 to 39.8 horizontal (2.8-12mm); 40.3 to 14.5 horizontal (8-32mm),ir,IP66,,,,0
hikvision-ds-2xs6a46g1e-lizs,Hikvision,DS-2XS6A46G1E-LIZS,bullet,4MP,4,"1/1.8"" Progressive Scan CMOS",103.9 to 48.2 horizontal (2.8-12mm); 42.5 to 15.2 horizontal (8-32mm),hybrid,IP66,,,,0
hikvision-ids-2cd5146g2-v-xzhsy,Hikvision,iDS-2CD5146G2/V-XZHSY,dome,4MP,4,"1/1.8"" Progressive Scan CMOS","114.6 to 41.8 (2.8-12mm), 42.5 to 15.2 (8-32mm) horizontal",hybrid,IP67,IK10,true,,0
hikvision-ids-2cd5347g2-v-xs,Hikvision,iDS-2CD5347G2/V-XS,turret,4MP,4,"1/1.8"" Progressive Scan CMOS","111 (2.8mm), 95 (4mm) horizontal",hybrid,IP67,,,,0
hikvision-ids-2cd5387g2-v-xs,Hikvision,iDS-2CD5387G2/V-XS,turret,8MP,8,"1/1.8"" Progressive Scan CMOS","108.8 (2.8mm), 93.0 (4mm) horizontal",hybrid,IP67,,,,0
hikvision-ids-2cd5a46g2-v-xzhsy,Hikvision,iDS-2CD5A46G2/V-XZHSY,bullet,4MP,4,"1/1.8"" Progressive Scan CMOS","114.6 to 41.8 (2.8-12mm), 42.5 to 15.2 (8-32mm) horizontal",hybrid,IP67,IK10,,,0
hikvision-ids-2cd5a86g2-v-xzhsy,Hikvision,iDS-2CD5A86G2/V-XZHSY,bullet,8MP,8,"1/1.8"" Progressive Scan CMOS","112.0 to 47.5 (2.8-12mm), 41.8 to 15.0 (8-32mm) horizontal",hybrid,IP67,IK10,,,0
hikvision-ids-2cd5d47g2-v-xs,Hikvision,iDS-2CD5D47G2/V-XS,dome,4MP,4,"1/1.8"" Progressive Scan CMOS","111 (2.8mm), 95 (4mm) horizontal",hybrid,IP67,IK10,,,0
hikvision-ids-2cd5d87g2-v-xs,Hikvision,iDS-2CD5D87G2/V-XS,dome,8MP,8,"1/1.8"" Progressive Scan CMOS","108.8 (2.8mm), 93.0 (4mm) horizontal",hybrid,IP67,IK10,,,0
hikvision-ids-2cd5t87g2-v-xzhsy,Hikvision,iDS-2CD5T87G2/V-XZHSY,bullet,8MP,8,"1/1.8"" Progressive Scan CMOS",,hybrid,IP67,IK10,,,0
hikvision-ids-2cd70166g2-ap,Hikvision,iDS-2CD70166G2-AP,box,16MP,16,,,,,,,,0
hikvision-ids-2cd7a46g0-p-izhs-y,Hikvision,iDS-2CD7A46G0/P-IZHS(Y),bullet,4MP,4,"1/1.8"" Progressive Scan CMOS","114.5-41.8 horizontal (2.8-12mm), 42.5-15.1 (8-32mm)",ir,IP67,IK10,true,,0
hikvision-ids-2cd7a47g2-xzhsy,Hikvision,iDS-2CD7A47G2-XZHSY,bullet,4MP,4,"1/1.8"" Progressive Scan CMOS",91.3-44.2 horizontal,ir,IP67,IK10,true,,0
hikvision-ids-2cd7a47g2h-xzhsy,Hikvision,iDS-2CD7A47G2H-XZHSY,bullet,4MP,4,"1/1.2"" Progressive Scan CMOS","91.3 to 44.2 horizontal, 49.3 to 24.8 vertical, 108.6 to 50.9 diagonal",hybrid,IP67,IK10,true,,0
hikvision-ids-2cd7a87g2h-xzhsy,Hikvision,iDS-2CD7A87G2H-XZHSY,bullet,8MP (4K),8,"1/1.2"" Progressive Scan CMOS",25.1 to 9.1 horizontal,hybrid,IP67,IK10,true,,0
hikvision-ids-2cd7t46g2-vx3-ihsy,Hikvision,iDS-2CD7T46G2/VX3-IHSY,bullet,4MP,4,"1/2.7"" Progressive Scan CMOS","82.5 (4mm), 25.4 (12mm), 13.0 (25mm) horizontal",ir,IP67,IK10,,,0
hilook-ipc-b120ha,HiLook,IPC-B120HA,bullet,1080p,2,"1/2.9"" Progressive Scan CMOS",104 horizontal (2.8 mm) / 81 horizontal (4 mm),ir,IP67,,false,,0
hilook-ipc-b129haa-lu,HiLook,IPC-B129HAA-LU,bullet,1080p,2,"1/2.8"" Progressive Scan CMOS",106 horizontal (2.8 mm) / 88 horizontal (4 mm),hybrid,IP67,,false,,0
hilook-ipc-b140h,HiLook,IPC-B140H,bullet,4MP,4,"1/2.8"" CMOS",103 horizontal,ir,IP67,,false,2021,0
hilook-ipc-b140ha,HiLook,IPC-B140HA,bullet,4 MP,4,"1/3"" Progressive Scan CMOS",99 horizontal (2.8 mm) / 76 horizontal (4 mm),ir,IP67,,false,,0
hilook-ipc-b180ha-lu,HiLook,IPC-B180HA-LU,bullet,4K UHD,8,"1/2.7"" CMOS",107 horizontal,hybrid,IP67,,false,2023,0
hilook-ipc-b429haa-lu,HiLook,IPC-B429HAA-LU,bullet,1080p,2,"1/2.8"" Progressive Scan CMOS",106 horizontal,hybrid,IP67,,false,,0
hilook-ipc-b469had-luf,HiLook,IPC-B469HAD-LUF,bullet,6 MP,6,"1/2.5"" Progressive Scan CMOS",180 horizontal,hybrid,IP67,,true,,0
hilook-ipc-b480h,HiLook,IPC-B480H,bullet,4K UHD,8,"1/2.7"" CMOS",103 horizontal (4mm),ir,IP67,,false,2022,0
hilook-ipc-b529haa-lu,HiLook,IPC-B529HAA-LU,bullet,1080p,2,"1/2.8"" Progressive Scan CMOS",106 horizontal,hybrid,IP67,,false,,0
hilook-ipc-c340ha-dw,HiLook,IPC-C340HA-D/W,box,4MP,4,CMOS,107 horizontal,ir,IP67,,true,2024,0
hilook-ipc-d121h-m,HiLook,IPC-D121H-M,dome,1080p,2,"1/2.7"" CMOS",112.1 (2.8mm) / 90.2 (4mm),ir,IP67,IK10,false,,0
hilook-ipc-d129ha-lu,HiLook,IPC-D129HA-LU,dome,1080p,2,"1/2.8"" Progressive Scan CMOS",106 horizontal (2.8 mm),hybrid,IP67,IK08,false,,0
hilook-ipc-d140h,HiLook,IPC-D140H,dome,4MP,4,"1/2.8"" CMOS",103 horizontal,ir,IP67,IK10,false,2021,0
hilook-ipc-d140ha-lu,HiLook,IPC-D140HA-LU,dome,4MP,4,CMOS,107 horizontal,color,IP67,,false,2024,0
hilook-ipc-d150h-m,HiLook,IPC-D150H-M,dome,5MP,5,"1/2.7"" CMOS",,ir,IP67,IK10,false,,0
hilook-ipc-d180h,HiLook,IPC-D180H,dome,4K UHD,8,"1/2.7"" CMOS",107 horizontal,ir,IP67,IK10,false,2022,0
hilook-ipc-t140h,HiLook,IPC-T140H,turret,4MP,4,"1/2.8"" CMOS",103 horizontal,ir,IP67,IK10,false,2021,0
hilook-ipc-t229ha-lu,HiLook,IPC-T229HA-LU,turret,1080p,2,"1/2.8"" Progressive Scan CMOS",106 horizontal (2.8 mm),hybrid,IP67,,true,,0
hilook-ipc-t229haa-lu,HiLook,IPC-T229HAA-LU,turret,1080p,2,"1/2.8"" Progressive Scan CMOS",106 horizontal (2.8 mm),hybrid,IP67,,false,,0
hilook-ipc-t240h,HiLook,IPC-T240H,turret,4MP,4,"1/2.8"" CMOS",77 horizontal,ir,IP67,,false,2020,0
hilook-ipc-t240ha,HiLook,IPC-T240HA,turret,4MP,4,"1/2.8"" CMOS",103 horizontal,ir,IP67,IK10,false,2022,0
hilook-ipc-t241h-c,HiLook,IPC-T241H-C,turret,4MP,4,"1/2.8"" CMOS",104 (2.8mm) / 82 (4mm),ir,IP67,,false,,0
hilook-ipc-t249ha-lu,HiLook,IPC-T249HA-LU,turret,4 MP,4,"1/3"" Progressive Scan CMOS",96 horizontal (2.8 mm) / 80 horizontal (4 mm),hybrid,IP67,,false,,0
hilook-ipc-t269had-luf,HiLook,IPC-T269HAD-LUF,turret,6 MP,6,"1/2.5"" Progressive Scan CMOS",180 horizontal,hybrid,IP67,,true,,0
hilook-ipc-t280h,HiLook,IPC-T280H,turret,4K UHD,8,"1/2.7"" CMOS",107 horizontal,ir,IP67,IK10,false,2022,0
hilook-ipc-t280ha-lu,HiLook,IPC-T280HA-LU,turret,4K UHD,8,"1/2.7"" CMOS",107 horizontal,hybrid,IP67,IK10,false,2024,0
hilook-ptz-n2c200m-de,HiLook,PTZ-N2C200M-DE,ptz,1080p,2,"1/2.7"" CMOS",111.4 (2.8mm) / 91.5 (4mm),hybrid,IP66,,true,,0
hilook-ptz-n2c400m-de,HiLook,PTZ-N2C400M-DE,ptz,4MP,4,"1/2.9"" CMOS",97 (2.8mm) / 79 (4mm),hybrid,IP66,,true,,0
hilook-ptz-n2d200m-de,HiLook,PTZ-N2D200M-DE,ptz,1080p per channel,2,"1/2.9"" CMOS",,hybrid,IP66,,true,,0
hilook-ptz-n2d400m-de,HiLook,PTZ-N2D400M-DE,ptz,1440p per channel,4,"1/2.8"" CMOS",94 (panoramic) / 44 (PT),hybrid,IP66,,true,,0
hiseeu-c20,Hiseeu,C20,bullet,4MP,4,,,hybrid,IP65,,true,,0
hiseeu-c90,Hiseeu,C90,bullet,4MP,4,,,hybrid,IP66,,true,,0
hiseeu-c90b,Hiseeu,C90B,bullet,4MP (2K),4,,,hybrid,IP65,,true,,0
hiseeu-tz-hb613,Hiseeu,TZ-HB613,bullet,3MP,3,,75-80 horizontal,ir,IP66,,false,,0
hiseeu-tz-hb618,Hiseeu,TZ-HB618,bullet,4K UHD,8,,75-80 horizontal,hybrid,IP66,,true,,0
hiseeu-tz-hbf03,Hiseeu,TZ-HBF03,box,3MP,3,,75-80 horizontal,ir,IP66,,true,,0
hiseeu-tz-hby08,Hiseeu,TZ-HBY08,bullet,4K UHD,8,,,color,IP66,,true,,0
hiseeu-whc905,Hiseeu,WHC905,ptz,5MP,5,,,color,IP66,,true,,0
hiseeu-whd205,Hiseeu,WHD205,ptz,5MP,5,,,color,IP66,,true,,0
hiseeu-whd303,Hiseeu,WHD303,ptz,3MP,3,,,hybrid,IP66,,true,,0
hiseeu-whd305,Hiseeu,WHD305,ptz,5MP,5,,,hybrid,IP66,,true,,0
hiseeu-whd308b,Hiseeu,WHD308B,ptz,4K UHD,8,,,hybrid,IP66,,true,,0
hiseeu-whd315,Hiseeu,WHD315,ptz,5MP,5,,,color,IP66,,true,,0
hiseeu-whd405,Hiseeu,WHD405,ptz,5MP,5,,,hybrid,IP66,,true,,0
hiseeu-whd405b,Hiseeu,WHD405B,ptz,5MP,5,,,hybrid,IP66,,true,,0
hiseeu-wp04,Hiseeu,WP04,dual-lens,4MP dual-lens,4,,180 (dual-lens ultra-wide),hybrid,IP65,,true,,0
hiseeu-ws03,Hiseeu,WS03,dual-lens,4MP dual-lens,4,,,hybrid,IP65,,true,,0
hiseeu-wtd403,Hiseeu,WTD403,ptz,4MP,4,,,ir,IP66,,true,,0
hiseeu-wtd504,Hiseeu,WTD504,ptz,4MP,4,,105 horizontal,hybrid,IP66,,true,,0
hiseeu-wtd904,Hiseeu,WTD904,ptz,4MP,4,,,hybrid,IP66,,true,,0
hiseeu-wtdk05,Hiseeu,WTDK05,ptz,4MP,4,,110 horizontal,hybrid,IP66,,true,,0
hiseeu-wtds803,Hiseeu,WTDS803,dual-lens,6MP,6,,,color,IP65,,true,,0
hiseeu-wts804,Hiseeu,WTS804,dual-lens,4MP dual-lens,4,,,hybrid,IP66,,true,,0
hive-view-indoor,Hive,View Indoor,dome,1080p HD,2,,130 diagonal,ir,IP20,,true,2018,0
hive-view-outdoor,Hive,View Outdoor,bullet,1080p HD,2,,130 diagonal,ir,IP65,,false,2019,0
holowits-hwt-m2141-10-eli-s,HOLOWITS,HWT-M2141-10-ELI-S,bullet,4MP,4,"1/1.8"" CMOS",W: 102 horizontal x 52.0 vertical; T: 39 horizontal x 22 vertical,ir,IP67,,,,0
honeywell-hc35cb5r3,Honeywell,HC35CB5R3,bullet,5MP,5,"1/2.8"" CMOS",93.1,hybrid,IP67,IK10,true,,0
honeywell-hc35ce5r3,Honeywell,HC35CE5R3,turret,5MP,5,"1/2.8"" CMOS",93.1,hybrid,IP67,IK10,,,0
honeywell-hc35w25r3,Honeywell,HC35W25R3,dome,5MP,5,"1/2.8"" CMOS",88,ir,IP67,IK10,true,,0
honeywell-hc35w25r3-h,Honeywell,HC35W25R3-H,dome,5MP,5,"1/2.8"" CMOS",91,ir,IP67,IK10,,,0
honeywell-hc35w25r3-m,Honeywell,HC35W25R3-M,dome,5MP,5,"1/2.8"" CMOS",88,ir,IP67,IK10,true,,0
honeywell-hc35w42r2,Honeywell,HC35W42R2,dome,2MP,2,"1/2.8"" CMOS",,ir,IP67,IK10,true,,0
honeywell-hc35w43r2,Honeywell,HC35W43R2,dome,3MP,3,"1/2.7"" CMOS",88-24,ir,IP67,IK10,,,0
honeywell-hc35w43r3,Honeywell,HC35W43R3,dome,3MP,3,"1/2.7"" CMOS",88,ir,IP67,IK10,false,,0
honeywell-hc35w45r2,Honeywell,HC35W45R2,dome,5MP,5,"1/2.8"" CMOS",96-26,ir,IP67,IK10,true,,0
honeywell-hc35w45r2m,Honeywell,HC35W45R2M,dome,5MP,5,"1/2.8"" CMOS",96-26,ir,IP67,IK10,true,,0
honeywell-hc35w45r3,Honeywell,HC35W45R3,dome,5MP,5,"1/2.8"" CMOS",93,ir,IP67,IK10,true,,0
honeywell-hc35w48r2,Honeywell,HC35W48R2,dome,8MP,8,"1/2.8"" CMOS",105-32,ir,IP67,IK10,true,,0
honeywell-hc35w48r3,Honeywell,HC35W48R3,dome,8MP,8,"1/2.8"" CMOS",100,ir,IP67,IK10,true,,0
honeywell-hc35wb3r2,Honeywell,HC35WB3R2,bullet,3MP,3,"1/2.7"" CMOS",81-24,ir,IP67,IK10,,,0
honeywell-hc35wb3r3,Honeywell,HC35WB3R3,bullet,3MP,3,"1/2.7"" CMOS",88,ir,IP67,IK10,,,0
honeywell-hc35wb5r2,Honeywell,HC35WB5R2,bullet,5MP,5,"1/2.8"" CMOS",88-26,ir,IP67,IK10,true,,0
honeywell-hc35wb5r3,Honeywell,HC35WB5R3,bullet,5MP,5,"1/2.8"" CMOS",88,ir,IP67,IK10,true,,0
honeywell-hc35wb8r2,Honeywell,HC35WB8R2,bullet,8MP,8,"1/2.8"" CMOS",98-31,ir,IP67,IK10,true,,0
honeywell-hc35wb8r3,Honeywell,HC35WB8R3,bullet,8MP,8,"1/2.8"" CMOS",97,ir,IP67,IK10,true,,0
honeywell-hc35we3r2,Honeywell,HC35WE3R2,turret,3MP,3,"1/2.7"" CMOS",81-24,ir,IP67,IK10,,,0
honeywell-hc35we3r3,Honeywell,HC35WE3R3,turret,3MP,3,"1/2.7"" CMOS",88,ir,IP67,IK10,,,0
honeywell-hc35we5r2,Honeywell,HC35WE5R2,turret,5MP,5,"1/2.8"" CMOS",87-25,ir,IP67,IK10,true,,0
honeywell-hc35we5r2g,Honeywell,HC35WE5R2G,turret,5MP,5,"1/2.8"" CMOS",87-25,ir,IP67,IK10,true,,0
honeywell-hc35we5r3,Honeywell,HC35WE5R3,turret,5MP,5,"1/2.8"" CMOS",88,ir,IP67,IK10,true,,0
honeywell-hc35we8r2,Honeywell,HC35WE8R2,turret,8MP,8,"1/2.8"" CMOS",98-31,ir,IP67,IK10,true,,0
honeywell-hc35we8r3,Honeywell,HC35WE8R3,turret,8MP,8,"1/2.8"" CMOS",97,ir,IP67,IK10,true,,0
honeywell-hc35wf6r1,Honeywell,HC35WF6R1,fisheye,6MP,6,"1/2.8"" CMOS",,ir,IP67,IK10,true,,0
honeywell-hc35wfcr1,Honeywell,HC35WFCR1,fisheye,12MP,12,"1/1.7"" STARVIS CMOS",,ir,IP67,IK10,true,,0
honeywell-hc35wmbar1,Honeywell,HC35WMBAR1,panoramic,180° 2x5MP,10,"2 x 1/2.8"" CMOS",180,color,IP67,IK10,true,,0
honeywell-hc35wp5b,Honeywell,HC35WP5B,box,5MP,5,"1/2.8"" CMOS",75.3,,,,true,,0
honeywell-hc35wz2r25,Honeywell,HC35WZ2R25,ptz,2MP,2,"1/2.8"" CMOS",57.02-3.36,ir,IP67,IK10,true,,0
honeywell-hc35wz5r30,Honeywell,HC35WZ5R30,ptz,5MP,5,"1/2.8"" CMOS",56.62-2.48,ir,IP67,IK10,true,,0
honeywell-hc60w32r2i,Honeywell,HC60W32R2I,dome,1080p,2,"1/2.8"" CMOS",94-30,ir,,IK10,,,0
honeywell-hc60w34r2,Honeywell,HC60W34R2,dome,4MP,4,"1/2.8"" CMOS",100-30,ir,IP52,IK10,,,0
honeywell-hc60w34r2i,Honeywell,HC60W34R2I,dome,4MP,4,"1/2.8"" CMOS",94-30,ir,,IK10,,,0
honeywell-hc60w34r2l,Honeywell,HC60W34R2L,dome,4MP,4,"1/2.8"" CMOS",100-30,ir,IP52,IK10,,,0
honeywell-hc60w35r2,Honeywell,HC60W35R2,dome,5MP,5,"1/2.8"" CMOS",100-30,ir,IP52,IK10,,,0
honeywell-hc60w35r4,Honeywell,HC60W35R4,dome,5MP,5,"1/2.8"" CMOS",39-16,ir,IP52,IK10,,,0
honeywell-hc60w42r2i,Honeywell,HC60W42R2I,dome,1080p,2,"1/2.8"" CMOS",94-30,ir,IP67,IK10,,,0
honeywell-hc60w44r2i,Honeywell,HC60W44R2I,dome,4MP,4,"1/2.8"" CMOS",94-30,ir,IP67,IK10,,,0
honeywell-hc60w44r2l,Honeywell,HC60W44R2L,dome,4MP,4,"1/2.8"" CMOS",100-30,ir,IP67,IK10,,,0
honeywell-hc60w45r2,Honeywell,HC60W45R2,dome,5MP,5,"1/2.8"" CMOS",100-30,ir,IP67,IK10,,,0
honeywell-hc60w45r4,Honeywell,HC60W45R4,dome,5MP,5,"1/2.8"" CMOS",39-16,ir,IP67,IK10,,,0
honeywell-hc60wb2r2i,Honeywell,HC60WB2R2I,bullet,1080p,2,"1/2.8"" CMOS",94-30,ir,IP67,IK10,,,0
honeywell-hc60wb4r2i,Honeywell,HC60WB4R2I,bullet,4MP,4,"1/2.8"" CMOS",94-30,ir,IP67,IK10,,,0
honeywell-hc60wb4r2l,Honeywell,HC60WB4R2L,bullet,4MP,4,"1/2.8"" CMOS",100-30,ir,IP67,IK10,,,0
honeywell-hc60wb4r5i,Honeywell,HC60WB4R5I,bullet,4MP,4,"1/2.8"" CMOS",45-7,ir,IP67,IK10,,,0
honeywell-hc60wb5r2,Honeywell,HC60WB5R2,bullet,5MP,5,"1/2.8"" CMOS",100-30,ir,IP67,IK10,,,0
honeywell-hc60wb5r2i,Honeywell,HC60WB5R2I,bullet,5MP,5,"1/2.8"" CMOS",94-31,ir,IP67,IK10,,,0
honeywell-hc60wb5r5,Honeywell,HC60WB5R5,bullet,5MP,5,"1/2.8"" CMOS",45-7,ir,IP67,IK10,,,0
honeywell-hc60wb5r5i,Honeywell,HC60WB5R5I,bullet,5MP,5,"1/2.8"" CMOS",45.3-7,ir,IP67,IK10,,,0
honeywell-hc60wc5i,Honeywell,HC60WC5I,box,5MP,5,"1/2.8"" CMOS",,,,,,,0
honeywell-hc60wfcr1-v,Honeywell,HC60WFCR1-V,fisheye,12MP,12,"Sony STARVIS 2 IMX676, 1/1.6"" CMOS",,ir,IP67,IK10,,,0
honeywell-hc60wz2e30,Honeywell,HC60WZ2E30,ptz,1080p,2,"1/2.8"" CMOS",64-2,ir,IP68,IK10,,,0
honeywell-hc60wz2r40,Honeywell,HC60WZ2R40,ptz,1080p,2,"1/2.8"" CMOS",65.66-1.88,ir,IP66,IK10,,,0
honeywell-hc60wz4r40ki,Honeywell,HC60WZ4R40KI,ptz,4MP,4,"1/1.8"" CMOS",60.7-2.33,ir,IP67,IK10,,,0
honeywell-hc60wz4r40wi,Honeywell,HC60WZ4R40WI,ptz,4MP,4,"1/1.8"" CMOS",60.7-2.33,ir,IP67,IK10,,,0
honeywell-hc60wz5r30,Honeywell,HC60WZ5R30,ptz,5MP,5,"1/2.8"" CMOS",54-2,ir,IP66,IK10,,,0
honeywell-hc60wz8r40ki,Honeywell,HC60WZ8R40KI,ptz,4K,8,"1/1.8"" CMOS",35.9-1.28,ir,IP67,IK10,,,0
honeywell-hc60wz8r40wi,Honeywell,HC60WZ8R40WI,ptz,4K,8,"1/1.8"" CMOS",35.9-1.28,ir,IP67,IK10,,,0
honeywell-hcc-ip-3mp-dome,Honeywell,CALIPD-1AI 3MP IP Dome,dome,1.3MP,1.3,"1/2.7"" CMOS",100 horizontal,ir,IP66,,,2025,0
honeywell-hcc-ip-4mp-bullet,Honeywell,CALIPB-1AI 4MP IP Bullet,bullet,1.3MP,1.3,"1/2.7"" CMOS",100 horizontal,ir,IP67,,,2025,0
i-pro-wv-s1136a,i-PRO,WV-S1136A,box,1080p,2.1,"1/2.8"" CMOS",,none,,,true,,0
i-pro-wv-s15301-z1l,i-PRO,WV-S15301-Z1L,bullet,1080p,2.1,"1/2.8"" CMOS",6.6-62,ir,IP66/IP67,IK10,true,,0
i-pro-wv-s15301-z1ln,i-PRO,WV-S15301-Z1LN,bullet,1080p,2,"1/2.8"" CMOS",6.6-62,ir,IP66/IP67,IK10,true,,0
i-pro-wv-s1536la,i-PRO,WV-S1536LA,bullet,1080p,2,"1/2.8"" CMOS",37-117,ir,IP66,IK10,true,,0
i-pro-wv-s1536la-b,i-PRO,WV-S1536LA-B,bullet,1080p,2.1,"1/2.8"" CMOS",37-117,ir,IP66,IK10,false,,0
i-pro-wv-s1536ln,i-PRO,WV-S1536LN,bullet,1080p,2,"1/2.8"" CMOS","37-117 horizontal, 21-62 vertical",hybrid,IP66,IK10,false,,0
i-pro-wv-s1536lna,i-PRO,WV-S1536LNA,bullet,1080p,2,"1/2.8"" CMOS",37-117,ir,IP66,IK10,true,,0
i-pro-wv-s1536lna-b,i-PRO,WV-S1536LNA-B,bullet,3MP,3.1,"1/2.8"" CMOS",37-117,ir,IP66,IK10,true,,0
i-pro-wv-s1536lnsa,i-PRO,WV-S1536LNSA,bullet,1080p,2,"1/2.8"" CMOS",37-117,ir,IP66,IK10,true,,0
i-pro-wv-s1536lta,i-PRO,WV-S1536LTA,bullet,1080p,2,"1/2.8"" CMOS",15-36,ir,IP66,IK10,true,,0
i-pro-wv-s1536ltna,i-PRO,WV-S1536LTNA,bullet,1080p,2,"1/2.8"" CMOS",15-36,ir,IP66,IK10,true,,0
i-pro-wv-s15500-f3l,i-PRO,WV-S15500-F3L,bullet,5MP,5.3,"1/2.8"" CMOS",98,ir,IP66,IK10,true,,0
i-pro-wv-s15500-f6l,i-PRO,WV-S15500-F6L,bullet,5MP,5,"1/2.8"" CMOS",49,ir,IP66,IK10,true,,0
i-pro-wv-s15500-v3l,i-PRO,WV-S15500-V3L,bullet,5MP,5,"1/2.8"" CMOS",34-106,ir,IP66,IK10,true,,0
i-pro-wv-s15500-v3lk,i-PRO,WV-S15500-V3LK,bullet,5MP,5.3,"1/2.8"" CMOS",34-106,ir,IP66,IK10,true,,0
i-pro-wv-s15500-v3ln,i-PRO,WV-S15500-V3LN,dome,5MP,5.3,"1/2.8"" CMOS",34-106,ir,IP66,IK10,false,,0
i-pro-wv-s15500-v3ln1,i-PRO,WV-S15500-V3LN1,bullet,5MP,5,"1/2.8"" CMOS",34-106,ir,IP66,IK10,true,,0
i-pro-wv-s15501-z1l,i-PRO,WV-S15501-Z1L,bullet,5MP,5.3,"1/2.8"" CMOS",6.1-58,ir,IP66/IP67,IK10,false,,0
i-pro-wv-s15501-z1ln,i-PRO,WV-S15501-Z1LN,bullet,5MP,5.3,"1/2.8"" CMOS",6.1-58,ir,IP66/IP67,IK10,true,,0
i-pro-wv-s15501-z3l,i-PRO,WV-S15501-Z3L,bullet,5MP,5,"1/2.8"" CMOS",2.3-58,ir,IP66/IP67,IK10,true,2024,0
i-pro-wv-s15501-z3ln,i-PRO,WV-S15501-Z3LN,bullet,5MP,5.3,"1/2.8"" CMOS",2.3-58,ir,IP66/IP67,IK10,true,,0
i-pro-wv-s15600-v2l,i-PRO,WV-S15600-V2L,bullet,6MP,6,"1/1.8"" CMOS",53-104,ir,IP66,IK10,true,,0
i-pro-wv-s15600-v2ln,i-PRO,WV-S15600-V2LN,bullet,6MP,6,"1/1.8"" CMOS",53-104,ir,IP66,IK10,false,,0
i-pro-wv-s15700-v2l,i-PRO,WV-S15700-V2L,bullet,4K,8.3,"1/1.8"" CMOS",53-104,ir,IP66,IK10,true,,0
i-pro-wv-s15700-v2lk,i-PRO,WV-S15700-V2LK,bullet,4K,8.3,"1/1.8"" CMOS",53-104,ir,IP66,IK10,true,,0
i-pro-wv-s15700-v2ln,i-PRO,WV-S15700-V2LN,bullet,4K,8.3,1/1.8 type CMOS,"104-53 horizontal, 56-30 vertical",hybrid,IP66,IK10,true,2022,0
i-pro-wv-s15701-z3l,i-PRO,WV-S15701-Z3L,bullet,4K,8.3,"1/2.8"" CMOS",2.5-62,ir,IP66/IP67,IK10,false,,0
i-pro-wv-s15701-z3ln,i-PRO,WV-S15701-Z3LN,bullet,4K,8.3,"1/2.8"" CMOS",2.5-62,ir,IP66/IP67,IK10,false,,0
i-pro-wv-s2136,i-PRO,WV-S2136,dome,1080p,2,Approx. 1/2.8 type CMOS,"36 (TELE) to 115 (WIDE) horizontal, 20 (TELE) to 61 (WIDE) vertical",color,,,,,0
i-pro-wv-s2136a,i-PRO,WV-S2136A,dome,3MP,3.1,"1/2.8"" CMOS",36-115 (H),none,,,true,,0
i-pro-wv-s2136a-b,i-PRO,WV-S2136A-B,dome,1080p,2,"1/2.8"" CMOS",36-115,none,,,true,,0
i-pro-wv-s2136g,i-PRO,WV-S2136G,dome,1080p,2,Approx. 1/2.8 type CMOS,36 (TELE) to 115 (WIDE) horizontal,color,,,,,0
i-pro-wv-s2136ga,i-PRO,WV-S2136GA,dome,1080p,2,"1/2.8"" CMOS",36-115,none,,,true,,0
i-pro-wv-s2136ga-b,i-PRO,WV-S2136GA-B,dome,1080p,2,"1/2.8"" CMOS",36-115,none,,,true,,0
i-pro-wv-s2136l,i-PRO,WV-S2136L,dome,1080p,2,Approx. 1/2.8 type CMOS,"36 (TELE) to 115 (WIDE) horizontal, 20 (TELE) to 61 (WIDE) vertical",ir,,,,,0
i-pro-wv-s2136la,i-PRO,WV-S2136LA,dome,2MP,3.1,"1/2.8"" CMOS",36-115 (H),ir,,,true,,0
i-pro-wv-s2136la-b,i-PRO,WV-S2136LA-B,dome,1080p,2,"1/2.8"" CMOS",36-115,ir,,,true,,0
i-pro-wv-s2136lg,i-PRO,WV-S2136LG,dome,1080p,2,Approx. 1/2.8 type CMOS,,ir,,,,,0
i-pro-wv-s2136lga,i-PRO,WV-S2136LGA,dome,1080p,2,"1/2.8"" CMOS",36-115 (H),ir,,,true,,0
i-pro-wv-s2136lga-b,i-PRO,WV-S2136LGA-B,dome,1080p,2,"1/2.8"" CMOS",36-115,ir,,,true,,0
i-pro-wv-s2236l,i-PRO,WV-S2236L,dome,1080p HD,2,"1/3"" CMOS",100-31 horizontal,color,,IK10,false,2021,0
i-pro-wv-s2236la,i-PRO,WV-S2236LA,dome,1080p,2,"1/2.8"" CMOS",36-114,ir,,IK10,true,,0
i-pro-wv-s2236la-b,i-PRO,WV-S2236LA-B,dome,1080p,2,"1/2.8"" CMOS",36-114,ir,,IK10,true,,0
i-pro-wv-s2236lg,i-PRO,WV-S2236LG,dome,1080p,2,Approx. 1/2.8 type CMOS,"36 (TELE) to 114 (WIDE) horizontal, 20 (TELE) to 60 (WIDE) vertical",ir,,IK10,,,0
i-pro-wv-s2236lga,i-PRO,WV-S2236LGA,dome,1080p,2,"1/2.8"" CMOS",36-114,ir,,IK10,true,,0
i-pro-wv-s2236lga-b,i-PRO,WV-S2236LGA-B,dome,1080p,2,"1/2.8"" CMOS",114 (wide) - 36 (tele),ir,,IK10,true,,0
i-pro-wv-s22500-f3l,i-PRO,WV-S22500-F3L,dome,5MP,5.3,"1/2.8"" CMOS",95,ir,,IK10,true,,0
i-pro-wv-s22500-f6l,i-PRO,WV-S22500-F6L,dome,5MP,5,"1/2.8"" CMOS",48,ir,,IK10,true,,0
i-pro-wv-s22500-v3l,i-PRO,WV-S22500-V3L,dome,5MP,5,"1/2.8"" CMOS","105-33 horizontal, 56-19 vertical",hybrid,,IK10,true,2022,0
i-pro-wv-s22500-v3l1,i-PRO,WV-S22500-V3L1,dome,5MP,5,"1/2.8"" CMOS",33-105,ir,,IK10,true,,0
i-pro-wv-s22500-v3lg,i-PRO,WV-S22500-V3LG,dome,5MP,5.3,"1/2.8"" CMOS",33-105,ir,,IK10,true,,0
i-pro-wv-s22600-v2l,i-PRO,WV-S22600-V2L,dome,6MP,6,"1/1.8"" CMOS",52-101 (H),ir,,IK10,true,,0
i-pro-wv-s22600-v2lg,i-PRO,WV-S22600-V2LG,dome,6MP,6,"1/1.8"" CMOS","101 (H, Wide) - 52 (H, Tele)",ir,,IK10,true,,0
i-pro-wv-s22700-v2l,i-PRO,WV-S22700-V2L,dome,4K,8.3,"1/1.8"" CMOS",52-101 (H),ir,,IK10,true,2022,0
i-pro-wv-s22700-v2l1,i-PRO,WV-S22700-V2L1,dome,4K,8.29,"1/1.8"" CMOS",52-101 (H),ir,,IK10,true,,0
i-pro-wv-s22700-v2lg,i-PRO,WV-S22700-V2LG,dome,4K,8.3,"1/1.8"" CMOS",52-101,ir,,IK10,true,,0
i-pro-wv-s2536l,i-PRO,WV-S2536L,dome,1080p,2,Approx. 1/2.8 type CMOS,"36 (TELE) to 113 (WIDE) horizontal, 20 (TELE) to 60 (WIDE) vertical",ir,IP66,IK10,,,0
i-pro-wv-s2536la,i-PRO,WV-S2536LA,dome,1080p,2,"1/2.8"" CMOS",36-113,ir,IP66,IK10,true,,0
i-pro-wv-s2536lg,i-PRO,WV-S2536LG,dome,1080p,2,Approx. 1/2.8 type CMOS,,ir,IP66,IK10,,,0
i-pro-wv-s2536lga,i-PRO,WV-S2536LGA,dome,1080p,2,"1/2.8"" CMOS",36-113,ir,IP66,IK10,true,,0
i-pro-wv-s2536lgn,i-PRO,WV-S2536LGN,dome,1080p,2,Approx. 1/2.8 type CMOS,"36 (TELE) to 113 (WIDE) horizontal, 20 (TELE) to 60 (WIDE) vertical",ir,IP66,IK10,,,0
i-pro-wv-s2536lgna,i-PRO,WV-S2536LGNA,dome,1080p,2,"1/2.8"" CMOS",36-113 (H),ir,IP66,IK10,true,,0
i-pro-wv-s2536ln,i-PRO,WV-S2536LN,dome,1080p,2,Approx. 1/2.8 type CMOS,"36 (TELE) to 113 (WIDE) horizontal, 20 (TELE) to 60 (WIDE) vertical",ir,IP66,IK10,,,0
i-pro-wv-s2536lna,i-PRO,WV-S2536LNA,dome,1080p,2,"1/2.8"" CMOS",36-113,ir,IP66,IK10,false,,0
i-pro-wv-s2536lta,i-PRO,WV-S2536LTA,dome,1080p,2,"1/2.8"" CMOS",15-36,ir,IP66,IK10,true,,0
i-pro-wv-s2536ltn,i-PRO,WV-S2536LTN,dome,1080p,2,Approx. 1/2.8 type CMOS,"15 (TELE) to 36 (WIDE) horizontal, 9 (TELE) to 20 (WIDE) vertical",ir,IP66,IK10,,,0
i-pro-wv-s2536ltna,i-PRO,WV-S2536LTNA,dome,1080p,2,"1/2.8"" CMOS",15-36 (H),ir,IP66,IK10,true,,0
i-pro-wv-s25500-f3l,i-PRO,WV-S25500-F3L,dome,5MP,5,"1/2.8"" CMOS",95,ir,IP66,IK10,true,,0
i-pro-wv-s25500-f6l,i-PRO,WV-S25500-F6L,dome,5MP,5,"1/2.8"" CMOS",48,ir,IP66,IK10,true,,0
i-pro-wv-s25500-v3l,i-PRO,WV-S25500-V3L,dome,5MP,5,"1/2.8"" CMOS","103-33 horizontal, 55-19 vertical",hybrid,IP66,IK10,true,2022,0
i-pro-wv-s25500-v3lg,i-PRO,WV-S25500-V3LG,dome,5MP,5,"1/2.8"" CMOS",33-103,ir,IP66,IK10,true,,0
i-pro-wv-s25500-v3ln,i-PRO,WV-S25500-V3LN,dome,5MP,5.3,"1/2.8"" CMOS",33-103 (H),ir,IP66,IK10,true,,0
i-pro-wv-s25500-v3ln1,i-PRO,WV-S25500-V3LN1,dome,5MP,5.3,"1/2.8"" CMOS",33-103,ir,IP66,IK10,true,,0
i-pro-wv-s25600-v2l,i-PRO,WV-S25600-V2L,dome,6MP,6.2,"1/1.8"" CMOS",52-101,ir,IP66,IK10,true,,0
i-pro-wv-s25600-v2lg,i-PRO,WV-S25600-V2LG,dome,6MP,6,"1/1.8"" CMOS",52-101,ir,IP66,IK10,true,,0
i-pro-wv-s25600-v2ln,i-PRO,WV-S25600-V2LN,dome,6MP,6,"1/1.8"" CMOS",52-101,ir,IP66,IK10,true,,0
i-pro-wv-s25700-v2l,i-PRO,WV-S25700-V2L,dome,4K,8.3,"1/1.8"" CMOS","101-52 horizontal, 55-29 vertical",hybrid,IP66,IK10,true,2022,0
i-pro-wv-s25700-v2lg,i-PRO,WV-S25700-V2LG,dome,4K,8.3,"1/1.8"" CMOS",52-101,ir,IP66,IK10,true,,0
i-pro-wv-s25700-v2ln,i-PRO,WV-S25700-V2LN,dome,4K,8.3,"1/1.8"" CMOS",52-101,ir,IP66,IK10,true,,0
i-pro-wv-s25700-v2ln1,i-PRO,WV-S25700-V2LN1,dome,4K,8.29,"1/1.8"" CMOS",52-101,ir,IP66,IK10,true,,0
i-pro-wv-s32302-f2l,i-PRO,WV-S32302-F2L,dome,1080p,2.1,"1/2.8"" CMOS",132,ir,IP40,IK07,false,,0
i-pro-wv-s32302-f2l1,i-PRO,WV-S32302-F2L1,dome,1080p,2.1,"1/2.8"" CMOS",132,ir,IP40,IK07,false,,0
i-pro-wv-s32302-f2lg,i-PRO,WV-S32302-F2LG,dome,1080p,2.1,"1/2.8"" CMOS",132,ir,IP40,IK07,false,,0
i-pro-wv-s32402-f2l,i-PRO,WV-S32402-F2L,dome,4MP,4,"1/2.8"" CMOS",121,ir,IP66,IK10,false,,0
i-pro-wv-s32402-f2l1,i-PRO,WV-S32402-F2L1,dome,4MP,4,"1/2.8"" CMOS",121,ir,IP66,IK10,false,,0
i-pro-wv-s32402-f2lg,i-PRO,WV-S32402-F2LG,dome,4MP,4,"1/2.8"" CMOS",121,ir,IP66,IK10,false,,0
i-pro-wv-s35302-f2l,i-PRO,WV-S35302-F2L,dome,1080p,2.1,"1/2.8"" CMOS",132,ir,IP66,IK10,false,,0
i-pro-wv-s35302-f2l1,i-PRO,WV-S35302-F2L1,dome,1080p,2.1,"1/2.8"" CMOS",132,ir,IP66,IK10,false,,0
i-pro-wv-s35302-f2lg,i-PRO,WV-S35302-F2LG,dome,1080p,2.1,"1/2.8"" CMOS",132,ir,IP66,IK10,false,,0
i-pro-wv-s35402-f2l,i-PRO,WV-S35402-F2L,dome,4MP,4,"1/2.8"" CMOS",121,ir,IP66,IK10,false,,0
i-pro-wv-s35402-f2l1,i-PRO,WV-S35402-F2L1,dome,4MP,4,"1/2.8"" CMOS",121,ir,IP66,IK10,false,,0
i-pro-wv-s35402-f2lg,i-PRO,WV-S35402-F2LG,dome,4MP,4,"1/2.8"" CMOS",121,ir,IP66,IK10,false,,0
i-pro-wv-s4156a,i-PRO,WV-S4156A,fisheye,5MP,5,"1/3"" CMOS",186,none,,,true,,0
i-pro-wv-s4176a,i-PRO,WV-S4176A,fisheye,12MP,12,"1/2"" CMOS",183,none,,,true,,0
i-pro-wv-s4556la,i-PRO,WV-S4556LA,fisheye,5MP,4.8,"1/3"" 5MP CMOS",186,ir,IP66,IK10,true,,0
i-pro-wv-s4556lma,i-PRO,WV-S4556LMA,fisheye,5MP,4.8,"1/3"" CMOS",186,ir,IP66,IK10,true,,0
i-pro-wv-s4576la,i-PRO,WV-S4576LA,fisheye,12MP,12,"1/2"" CMOS",183,ir,IP66,IK10,true,,0
i-pro-wv-s4576lma,i-PRO,WV-S4576LMA,fisheye,12MP,8.95,"1/2"" CMOS",183,ir,IP66,IK10,true,,0
i-pro-wv-s61300-zy,i-PRO,WV-S61300-ZY,ptz,1080p,2,"1/2.8"" CMOS",36-115,color,,,true,,0
i-pro-wv-s61300-zyg,i-PRO,WV-S61300-ZYG,ptz,1080p,2,"1/2.8"" CMOS",115 (Wide) - 36 (Tele) horizontal,color,,,true,,0
i-pro-wv-s61301-z1,i-PRO,WV-S61301-Z1,ptz,1080p,2,"1/2.8"" CMOS",6.7-62,color,,,true,,0
i-pro-wv-s61301-z2,i-PRO,WV-S61301-Z2,ptz,1080p,2.1,"1/2.8"" CMOS",77 (WIDE) - 3.7 (TELE),color,,,true,,0
i-pro-wv-s61301a-z2,i-PRO,WV-S61301A-Z2,ptz,1080p,2,"1/2.8"" CMOS",3.7-77,color,,,true,,0
i-pro-wv-s61301a-z2-1,i-PRO,WV-S61301A-Z2-1,ptz,1080p,2,"1/2.8"" CMOS",77 (Wide) - 3.7 (Tele) horizontal,color,,,true,,0
i-pro-wv-s61302-z4,i-PRO,WV-S61302-Z4,ptz,1080p,2,"1/2.8"" CMOS",1.9-66 (H),color,,,true,,0
i-pro-wv-s61302a-z4,i-PRO,WV-S61302A-Z4,ptz,1080p,2,1/2.8 type CMOS,1.9-66 (H),color,,,true,,0
i-pro-wv-s61501-z1,i-PRO,WV-S61501-Z1,ptz,5MP,5,"1/2.8"" CMOS",6.2-58 (H),color,,,true,,0
i-pro-wv-s61602-z3,i-PRO,WV-S61602-Z3,ptz,6MP,6,"1/2.8"" CMOS",62 (Wide) - 2.5 (Tele) horizontal,none,,,true,,0
i-pro-wv-s61602a-z3,i-PRO,WV-S61602A-Z3,ptz,6MP,6.2,"1/2.8"" CMOS",62 (wide) - 2.5 (tele),none,,,true,,0
i-pro-wv-s61702-z3,i-PRO,WV-S61702-Z3,ptz,4K,8.3,"1/2.8"" CMOS",62-2.5 (H),none,,,true,,0
i-pro-wv-s61702a-z3,i-PRO,WV-S61702A-Z3,ptz,4K,8.3,"1/2"" CMOS",62,none,,,true,,0
i-pro-wv-s65300-zy,i-PRO,WV-S65300-ZY,ptz,1080p,2,"1/2.8"" CMOS",113-36,color,IP66,IK10,true,,0
i-pro-wv-s65300-zyg,i-PRO,WV-S65300-ZYG,ptz,1080p,2,"1/2.8"" CMOS",36-113,color,IP66,IK10,true,2023,0
i-pro-wv-s65301-z1,i-PRO,WV-S65301-Z1,ptz,1080p,2,"1/2.8"" CMOS",6.7-62,none,IP66,IK10,true,,0
i-pro-wv-s65301-z1-1,i-PRO,WV-S65301-Z1-1,ptz,1080p,2,"1/2.8"" CMOS",62 (wide) - 6.7 (tele),color,IP66,IK10,true,,0
i-pro-wv-s65301-z1g,i-PRO,WV-S65301-Z1G,ptz,1080p,2,"1/2.8"" CMOS",6.7-62,color,IP66,IK10,true,,0
i-pro-wv-s65301-z1s,i-PRO,WV-S65301-Z1S,ptz,1080p,2,"1/2.8"" CMOS",6.7-62,color,IP66,IK10,true,,0
i-pro-wv-s65302-z2,i-PRO,WV-S65302-Z2,ptz,1080p,2,"1/2.8"" CMOS",77 (wide) - 3.7 (tele) horizontal,color,IP66,IK10,true,,0
i-pro-wv-s65302-z2-1,i-PRO,WV-S65302-Z2-1,ptz,1080p,2,"1/2.8"" CMOS",77 (wide) to 3.7 (tele),color,IP66,IK10,true,,0
i-pro-wv-s65302-z2g,i-PRO,WV-S65302-Z2G,ptz,1080p,2,"1/2.8"" CMOS",77 (wide) to 3.7 (tele),color,IP66,IK10,true,,0
i-pro-wv-s6532ln,i-PRO,WV-S6532LN,ptz,1080p,2,"1/2.8"" CMOS",66-3.4 horizontal,hybrid,IP66,IK10,true,2022,0
i-pro-wv-s65340-z2,i-PRO,WV-S65340-Z2,ptz,1080p,2,"1/2.8"" CMOS",3.7-77,color,IP66/IP67,IK10,true,,0
i-pro-wv-s65340-z2g,i-PRO,WV-S65340-Z2G,ptz,1080p,2,"1/2.8"" CMOS",3.7-77,color,IP66/IP67,IK10,true,,0
i-pro-wv-s65340-z2k,i-PRO,WV-S65340-Z2K,ptz,1080p,2,"1/2.8"" CMOS",3.7-77,color,IP66/IP67,IK10,true,,0
i-pro-wv-s65340-z2n,i-PRO,WV-S65340-Z2N,ptz,1080p,2,"1/2.8"" CMOS",3.7-77,color,IP66/IP67,IK10,true,,0
i-pro-wv-s65340-z2n1,i-PRO,WV-S65340-Z2N1,ptz,1080p,2.07,"1/2.8"" CMOS",77 (wide) to 3.7 (tele),color,IP66,IK10,true,,0
i-pro-wv-s65340-z4,i-PRO,WV-S65340-Z4,ptz,1080p,2,"1/2.8"" CMOS",2.1-65,color,IP66,IK10,true,,0
i-pro-wv-s65340-z4g,i-PRO,WV-S65340-Z4G,ptz,1080p,2,"1/2.8"" CMOS",2.1-65,color,IP66,IK10,true,,0
i-pro-wv-s65340-z4k,i-PRO,WV-S65340-Z4K,ptz,1080p,2.07,"1/2.8"" CMOS",2.1-65,color,IP66,IK10,true,,0
i-pro-wv-s65340-z4n,i-PRO,WV-S65340-Z4N,ptz,1080p,2,"1/2.8"" CMOS",2.1-65,color,IP66,IK10,true,,0
i-pro-wv-s65340-z4n1,i-PRO,WV-S65340-Z4N1,ptz,1080p,2,"1/2.8"" CMOS",65 (wide) – 2.1 (tele),ir,IP66,IK10,true,,0
i-pro-wv-s65501-z1,i-PRO,WV-S65501-Z1,ptz,5MP,5,"1/2.8"" CMOS",6.2-58,none,IP66,IK10,false,,0
i-pro-wv-s65501-z1g,i-PRO,WV-S65501-Z1G,ptz,5MP,5,"1/2.8"" CMOS",58 (wide) - 6.2 (tele),none,IP66,IK10,true,,0
i-pro-wv-s66300-z3,i-PRO,WV-S66300-Z3,ptz,1080p,2.1,"1/2.8"" CMOS",65 (wide) – 2.4 (tele),none,IP66,IK10,true,,0
i-pro-wv-s66300-z3l,i-PRO,WV-S66300-Z3L,ptz,1080p,2.1,"1/2.8"" CMOS",2.4-65,ir,IP66,IK10,true,2023,0
i-pro-wv-s66300-z3ln,i-PRO,WV-S66300-Z3LN,ptz,1080p,2,"1/2.8"" CMOS",2.4-65,ir,IP66,IK10,true,,0
i-pro-wv-s66300-z3n,i-PRO,WV-S66300-Z3N,ptz,1080p,2,"1/2.8"" CMOS",65 (wide) – 2.4 (tele),color,IP66,IK10,true,,0
i-pro-wv-s66300-z4,i-PRO,WV-S66300-Z4,ptz,1080p,2.1,"1/2.8"" CMOS",65 (Wide) – 2.0 (Tele) horizontal,color,IP66,IK10,true,,0
i-pro-wv-s66300-z4l,i-PRO,WV-S66300-Z4L,ptz,1080p,2,"1/2.8"" CMOS",2.0-65 (H),ir,IP66,IK10,true,2023,0
i-pro-wv-s66300-z4ln,i-PRO,WV-S66300-Z4LN,ptz,1080p,2.1,"1/2.8"" CMOS",2.0-65,ir,IP66,IK10,true,,0
i-pro-wv-s66300-z4n,i-PRO,WV-S66300-Z4N,ptz,1080p,2.1,"1/2.8"" CMOS",65 (wide) – 2.0 (tele),none,IP66,IK10,true,,0
i-pro-wv-s66600-z3,i-PRO,WV-S66600-Z3,ptz,6MP,6.2,"1/2.8"" CMOS",2.5-62,color,IP66,IK10,true,,0
i-pro-wv-s66600-z3l,i-PRO,WV-S66600-Z3L,ptz,6MP,6,"1/2.8"" CMOS",2.5-62 (H),ir,IP66,IK10,true,,0
i-pro-wv-s66600-z3ln,i-PRO,WV-S66600-Z3LN,ptz,6MP,6,"1/2.8"" CMOS",2.5-62,ir,IP66,IK10,true,,0
i-pro-wv-s66600-z3n,i-PRO,WV-S66600-Z3N,ptz,6MP,6,"1/2.8"" CMOS",2.5-62,none,IP66,IK10,true,,0
i-pro-wv-s66700-z3,i-PRO,WV-S66700-Z3,ptz,4K,8.3,"1/2.8"" CMOS",2.5-62 (H),color,IP66,IK10,true,,0
i-pro-wv-s66700-z3l,i-PRO,WV-S66700-Z3L,ptz,4K,8.3,"1/2.8"" CMOS",2.5-62,ir,IP66,IK10,false,,0
i-pro-wv-s66700-z3ln,i-PRO,WV-S66700-Z3LN,ptz,4K,8.3,"1/2.8"" CMOS",62-2.5,ir,IP66,IK10,true,,0
i-pro-wv-s66700-z3n,i-PRO,WV-S66700-Z3N,ptz,4K,8.3,"1/2.8"" CMOS",2.5-62,color,IP66,IK10,true,,0
i-pro-wv-s71300a-f3,i-PRO,WV-S71300A-F3,fisheye,12MP,12,"1/1.7"" CMOS",360,none,IP52,,false,,0
i-pro-wv-s8530n,i-PRO,WV-S8530N,dome,4K UHD,8,"1/1.7"" CMOS",92-31 horizontal,color,IP66,,false,2022,0
i-pro-wv-s85402-v2l,i-PRO,WV-S85402-V2L,dual-lens,4MP x2 (8MP combined),8,"2x 1/2.7"" CMOS","43-100 (H, per sensor)",ir,IP67,IK10,true,,0
i-pro-wv-s85402-v2l1,i-PRO,WV-S85402-V2L1,dual-lens,2x 4MP,8,"2x 1/2.7"" CMOS",43-100,ir,IP67,IK10,true,,0
i-pro-wv-s85402a-v2l,i-PRO,WV-S85402A-V2L,dual-lens,4MP,4,"2x 1/2.7"" CMOS",43-100 (H),ir,IP66/IP67,IK10,true,,0
i-pro-wv-s85402a-v2l1,i-PRO,WV-S85402A-V2L1,dome,4MP x2,8,"2x 1/2.7"" CMOS","43-100 (H, per lens)",ir,IP66/IP67,IK10,true,,0
i-pro-wv-s85403a-v2,i-PRO,WV-S85403A-V2,panoramic,3x 4MP,12,"3x 1/2.7"" CMOS","43-100 (H), 24-56 (V)",none,IP67,IK10,true,,0
i-pro-wv-s85403a-v2g,i-PRO,WV-S85403A-V2G,panoramic,3x 4MP,12,"3x 1/2.7"" CMOS","43-100 (H, per sensor)",none,IP67/IP66,IK10,true,,0
i-pro-wv-s85403a-v2l,i-PRO,WV-S85403A-V2L,panoramic,4MP,4.08,"3x 1/2.7"" CMOS",43-100 (per sensor horizontal),ir,IP67,IK10,true,,0
i-pro-wv-s85403a-v2lg,i-PRO,WV-S85403A-V2LG,panoramic,3x4MP,12,"3x 1/2.7"" CMOS",43-100 (per sensor H); 270 combined,ir,IP66/IP67,IK10,true,,0
i-pro-wv-s85404a-v2,i-PRO,WV-S85404A-V2,panoramic,4x 4MP,16,"4x 1/2.7"" CMOS",43-100 (H per sensor),none,IP67/IP66,IK10,true,,0
i-pro-wv-s85404a-v2g,i-PRO,WV-S85404A-V2G,panoramic,4x4MP,16,"4x 1/2.7"" CMOS",43-100,none,IP67,IK10,true,,0
i-pro-wv-s85404a-v2l,i-PRO,WV-S85404A-V2L,panoramic,4x 4MP (16MP total),16,"4x 1/2.7"" CMOS","43-100 (per sensor, H)",ir,IP67/IP66,IK10,true,,0
i-pro-wv-s85404a-v2lg,i-PRO,WV-S85404A-V2LG,panoramic,4K (4x 4MP),16,"4x 1/2.7"" CMOS",43-100,ir,IP67,IK10,true,,0
i-pro-wv-s8543,i-PRO,WV-S8543,panoramic,3x 4MP (12MP total),12,"3x 1/2.7"" CMOS",43-100 (H),ir,IP67,IK10,true,,0
i-pro-wv-s8543g,i-PRO,WV-S8543G,panoramic,3x 4MP,12,"3x 1/2.7"" CMOS","43-100 (per sensor H), 270 total coverage",color,IP67,IK10,true,,0
i-pro-wv-s8543l,i-PRO,WV-S8543L,panoramic,3x 4MP (12MP total),12,"3x 1/2.7"" CMOS","43-100 (H, per sensor); 270 total coverage",ir,IP67,IK10,true,,0
i-pro-wv-s8543lg,i-PRO,WV-S8543LG,panoramic,12MP (3x4MP),12,"3x 1/2.7"" CMOS","43-100 (H per sensor), 270 total coverage",ir,IP67,IK10,true,,0
i-pro-wv-s8544,i-PRO,WV-S8544,panoramic,4x4MP,16,"4x 1/2.7"" CMOS",43-100 (H per sensor),ir,IP67,IK10,true,,0
i-pro-wv-s8544g,i-PRO,WV-S8544G,panoramic,4x 4MP,16,"4x 1/2.7"" CMOS","43-100 (H, per sensor)",ir,IP67,IK10,true,,0
i-pro-wv-s8544l,i-PRO,WV-S8544L,panoramic,4x4MP (16MP),16,"4x 1/2.7"" CMOS","43-100 (H, per sensor)",ir,IP67,IK10,true,,0
i-pro-wv-s8544lg,i-PRO,WV-S8544LG,panoramic,4x4MP,16,"4 x 1/2.7"" CMOS",43-100 (H per sensor),ir,IP67,IK10,true,,0
i-pro-wv-s85603a-v2l,i-PRO,WV-S85603A-V2L,panoramic,19MP (3x6MP),19,"3x 1/2.8"" CMOS","100-37 (per sensor, WIDE-TELE); 270 total coverage",ir,IP67,IK10,true,,0
i-pro-wv-s85603a-v2lg,i-PRO,WV-S85603A-V2LG,panoramic,3x 6MP,18,"3x 1/2.8"" CMOS","37-100 (H, per lens)",ir,IP67,IK10,true,,0
i-pro-wv-s85604a-v2l,i-PRO,WV-S85604A-V2L,panoramic,6MP per sensor (4 sensors),6,"4x 1/2.8"" CMOS",37-100 (H) per sensor,ir,IP67,IK10,true,2024,0
i-pro-wv-s85604a-v2lg,i-PRO,WV-S85604A-V2LG,panoramic,"6MP (per sensor, 4-sensor)",6.2,"4x 1/2.8"" CMOS",100 (wide) - 37 (telephoto) per sensor,ir,IP67/IP66,IK10,true,,0
i-pro-wv-s8563l,i-PRO,WV-S8563L,panoramic,19MP (3x6MP),19,"3 x 1/2.8"" CMOS",108,ir,IP67,IK10,true,,0
i-pro-wv-s8563lg,i-PRO,WV-S8563LG,panoramic,3x6MP,18,"3 x 1/2.8"" CMOS","108 (H) per sensor, 270 total coverage",ir,IP67,IK10,true,,0
i-pro-wv-s8564l,i-PRO,WV-S8564L,panoramic,25MP (4x 6MP),25,"4x 1/2.8"" CMOS",108,ir,IP67,IK10,true,,0
i-pro-wv-s8564lg,i-PRO,WV-S8564LG,panoramic,25MP (4x6MP),25,"4x 1/2.8"" CMOS",108H x 56V (per sensor),ir,IP67,IK10,true,,0
i-pro-wv-s85702-f3l,i-PRO,WV-S85702-F3L,dome,4K,8.29,"2x 1/2.8"" CMOS",104,ir,IP67,IK10,true,,0
i-pro-wv-s85702-f3l1,i-PRO,WV-S85702-F3L1,dual-lens,4K,8.29,"2x 1/2.8"" CMOS",104,ir,IP67,IK10,true,,0
i-pro-wv-s85702a-v2l,i-PRO,WV-S85702A-V2L,dual-lens,2x4K,16.6,"2x 1/2.8"" CMOS",36-99,ir,IP66/IP67,IK10,true,,0
i-pro-wv-s85702a-v2l1,i-PRO,WV-S85702A-V2L1,dual-lens,4K,8.29,"2x 1/2.8"" CMOS","36-99 (H, per sensor)",ir,IP66/IP67,IK10,true,,0
i-pro-wv-s85703a-v2l,i-PRO,WV-S85703A-V2L,panoramic,4K,8.29,"3x 1/2.8"" CMOS","37-100 (H, per sensor); 270 total coverage",ir,IP67,IK10,true,,0
i-pro-wv-s85703a-v2lg,i-PRO,WV-S85703A-V2LG,panoramic,"4K (per sensor, 3x sensors)",25,"3x 1/2.8"" CMOS","37-100 (H, per sensor); 270 total coverage",ir,IP67/IP66,IK10,true,,0
i-pro-wv-s85704a-v2l,i-PRO,WV-S85704A-V2L,panoramic,4x4K,33,"4x 1/2.8"" CMOS","37-100 (H, per sensor)",ir,IP67,IK10,true,,0
i-pro-wv-s85704a-v2lg,i-PRO,WV-S85704A-V2LG,panoramic,4x 4K,33,"4x 1/2.8"" CMOS","37-100 (horizontal, per sensor)",ir,IP67,IK10,true,2024,0
i-pro-wv-s8573l,i-PRO,WV-S8573L,panoramic,3x 4K,25,"3x 1/2.8"" CMOS",108H x 56V (270 total coverage),ir,IP67,IK10,false,,0
i-pro-wv-s8573lg,i-PRO,WV-S8573LG,panoramic,4K (x3 sensors),25,"3x 1/2.8"" CMOS",108 H per sensor (270 total),ir,IP67/IP66,IK10,true,,0
i-pro-wv-s8574l,i-PRO,WV-S8574L,panoramic,"4x 4K per sensor (~33MP total, 4-sensor)",8,"4 x 1/2.8"" CMOS (four independently steerable sensors)","108 horizontal, 56 vertical (per sensor); 360 total coverage",hybrid,IP66/IP67,IK10,true,2023,0
i-pro-wv-s8574lg,i-PRO,WV-S8574LG,panoramic,4x 4K (25MP total),25,"4x 1/2.8"" CMOS","108 (H) per sensor, 270 total coverage",ir,IP67/IP66,IK10,true,,0
i-pro-wv-sbv131m,i-PRO,WV-SBV131M,dome,1080p,2,"1/3"" MOS",109,none,IP66,IK10,false,,0
i-pro-wv-sfv631l,i-PRO,WV-SFV631L,dome,1080p,2,"1/3"" MOS",28.8-102.6,ir,IP66,IK10,true,,0
i-pro-wv-spw631l,i-PRO,WV-SPW631L,box,1080p,2,"1/2.8"" MOS",30.9-105.4,ir,IP66,,true,,0
i-pro-wv-sw458,i-PRO,WV-SW458,fisheye,3MP,3,"1/3"" MOS",182,none,IP66,IK10,true,,0
i-pro-wv-sw598,i-PRO,WV-SW598,ptz,1080p,2,"1/3"" MOS",,none,IP66,IK10,true,,0
i-pro-wv-u11301-f3,i-PRO,WV-U11301-F3,box,1080p,2.1,"1/2.8"" CMOS",108,none,,,false,,0
i-pro-wv-u11301-v3,i-PRO,WV-U11301-V3,box,1080p,2.1,"1/2.8"" CMOS",31-114,none,,,false,,0
i-pro-wv-u11350-v3,i-PRO,WV-U11350-V3,bullet,1080p,2.07,"1/2.8"" CMOS",31-114,none,,,true,,0
i-pro-wv-u11501-v3,i-PRO,WV-U11501-V3,box,5MP,5,"1/2.8"" CMOS",28-102,none,,,false,,0
i-pro-wv-u11550-v3,i-PRO,WV-U11550-V3,box,5MP,5,"1/2.8"" CMOS",28-102,none,,,true,,0
i-pro-wv-u15301-v3l,i-PRO,WV-U15301-V3L,bullet,1080p,2.1,"1/2.8"" CMOS",31-114,ir,IP66,IK10,false,,0
i-pro-wv-u15350-v3l,i-PRO,WV-U15350-V3L,bullet,1080p,2.07,"1/2.8"" CMOS",31-114,ir,IP66,IK10,true,,0
i-pro-wv-u15501-v3l,i-PRO,WV-U15501-V3L,bullet,5MP,5,"1/2.8"" CMOS",28-102,ir,IP66,IK10,false,,0
i-pro-wv-u15550-v3l,i-PRO,WV-U15550-V3L,dome,4MP,3.7,"1/2.8"" CMOS",28-102,ir,IP66,IK10,true,,0
i-pro-wv-u15750-v3l,i-PRO,WV-U15750-V3L,bullet,4K,8.3,"1/2.8"" CMOS",31-114,ir,IP66,IK10,true,,0
i-pro-wv-u21301-v3l,i-PRO,WV-U21301-V3L,dome,1080p,2,"1/2.8"" CMOS",30-112,ir,IP42,,false,,0
i-pro-wv-u21350-v3l,i-PRO,WV-U21350-V3L,dome,1080p,2.07,"1/2.8"" CMOS",112-30,ir,IP42,,false,,0
i-pro-wv-u21501-v3l,i-PRO,WV-U21501-V3L,dome,5MP,5,"1/2.8"" CMOS",28-101,ir,IP42,,false,,0
i-pro-wv-u21550-v3l,i-PRO,WV-U21550-V3L,dome,5MP,5,"1/2.8"" CMOS",28-101,ir,IP42,,true,,0
i-pro-wv-u22301-f3l,i-PRO,WV-U22301-F3L,dome,1080p,2,"1/2.8"" CMOS",105,ir,IP42,IK10,false,,0
i-pro-wv-u22350-f3l,i-PRO,WV-U22350-F3L,dome,1080p,2.1,"1/2.8"" CMOS",105,ir,IP42,IK10,true,,0
i-pro-wv-u22501-f3l,i-PRO,WV-U22501-F3L,dome,4MP,4,"1/2.8"" CMOS",96,ir,IP42,IK10,false,,0
i-pro-wv-u22550-f3l,i-PRO,WV-U22550-F3L,dome,5MP,5,"1/2.8"" CMOS",96,ir,IP42,IK10,true,,0
i-pro-wv-u22750-f3l,i-PRO,WV-U22750-F3L,dome,4K,8.3,"1/2.8"" CMOS",105,ir,IP42,IK10,true,,0
i-pro-wv-u25301-f3l,i-PRO,WV-U25301-F3L,bullet,1080p,2.07,"1/2.8"" CMOS",105,ir,IP66,IK10,false,,0
i-pro-wv-u25302-v3l,i-PRO,WV-U25302-V3L,bullet,1080p,2.1,"1/2.8"" CMOS",30-110 (H),ir,IP66,IK10,false,,0
i-pro-wv-u2532la,i-PRO,WV-U2532LA,dome,1080p,2,"1/3"" CMOS","42-97 horizontal, 23-54 vertical",hybrid,IP66,IK10,false,2022,0
i-pro-wv-u25350-f3l,i-PRO,WV-U25350-F3L,dome,1080p,2,"1/2.8"" CMOS",105,ir,IP66,IK10,true,,0
i-pro-wv-u25351-v3l,i-PRO,WV-U25351-V3L,dome,1080p,2.1,"1/2.8"" CMOS",30-110 (H),ir,IP66,IK10,true,,0
i-pro-wv-u25501-f3l,i-PRO,WV-U25501-F3L,dome,5MP,5,"1/2.8"" CMOS",96,ir,IP66,IK10,false,,0
i-pro-wv-u25502-v3l,i-PRO,WV-U25502-V3L,dome,5MP,5,"1/2.8"" CMOS",28-99,ir,IP66,IK10,false,,0
i-pro-wv-u25550-f3l,i-PRO,WV-U25550-F3L,dome,5MP,5,"1/2.8"" CMOS",96,ir,IP66,IK10,false,,0
i-pro-wv-u25551-v3l,i-PRO,WV-U25551-V3L,dome,5MP,5,"1/2.8"" CMOS",28-99,ir,IP66,IK10,true,,0
i-pro-wv-u25751-v3l,i-PRO,WV-U25751-V3L,dome,4K,8.3,"1/2.8"" CMOS",30-110 (H),ir,IP66,IK10,true,,0
i-pro-wv-u31301-f2l,i-PRO,WV-U31301-F2L,bullet,1080p,2.1,"1/2.8"" CMOS",132,ir,IP66,IK10,false,,0
i-pro-wv-u31301-f2lg,i-PRO,WV-U31301-F2LG,bullet,1080p,2.1,"1/2.8"" CMOS",132,ir,IP66,IK10,false,,0
i-pro-wv-u31401-f2l,i-PRO,WV-U31401-F2L,bullet,4MP,4,"1/2.8"" CMOS",121,ir,IP66,IK10,false,,0
i-pro-wv-u31401-f2lg,i-PRO,WV-U31401-F2LG,bullet,4MP,4,"1/2.8"" CMOS",121,ir,IP66,IK10,false,,0
i-pro-wv-u35301-f2l,i-PRO,WV-U35301-F2L,bullet,1080p,2.1,"1/2.8"" CMOS",132,ir,IP66,IK10,false,,0
i-pro-wv-u35301-f2lg,i-PRO,WV-U35301-F2LG,bullet,1080p,2.1,"1/2.8"" CMOS",132,ir,IP66,IK10,false,,0
i-pro-wv-u35401-f2l,i-PRO,WV-U35401-F2L,bullet,4MP,4,"1/2.8"" CMOS",121,ir,IP66,IK10,false,,0
i-pro-wv-u35401-f2lg,i-PRO,WV-U35401-F2LG,bullet,4MP,4,"1/2.8"" CMOS",121,ir,IP66,IK10,false,,0
i-pro-wv-u61300-zy,i-PRO,WV-U61300-ZY,ptz,1080p,2,"1/2.8"" CMOS",36-115,color,,,true,,0
i-pro-wv-u61300-zyg,i-PRO,WV-U61300-ZYG,ptz,1080p,2,"1/2.8"" CMOS",36-115,color,,,true,,0
i-pro-wv-u61301-z1,i-PRO,WV-U61301-Z1,ptz,1080p,2,"1/2.8"" CMOS",6.7-62,none,,,true,,0
i-pro-wv-u61301-z2,i-PRO,WV-U61301-Z2,ptz,1080p,2,"1/2.8"" CMOS",3.7-77,color,,,true,,0
i-pro-wv-u61301a-z2,i-PRO,WV-U61301A-Z2,ptz,1080p,2,"1/2.8"" CMOS",3.7-77 (H),color,,,true,,0
i-pro-wv-u65300-zy,i-PRO,WV-U65300-ZY,ptz,1080p,2,"1/2.8"" CMOS",36-113,color,IP66,IK10,true,,0
i-pro-wv-u65300-zyg,i-PRO,WV-U65300-ZYG,ptz,1080p,2,"1/2.8"" CMOS",113 (wide) - 36 (tele),color,IP66,IK10,true,,0
i-pro-wv-u65301-z1,i-PRO,WV-U65301-Z1,ptz,1080p,2,"1/2.8"" CMOS",62 (Wide) - 6.7 (Tele) horizontal,color,IP66,IK10,true,,0
i-pro-wv-u65301-z1g,i-PRO,WV-U65301-Z1G,ptz,1080p,2,"1/2.8"" CMOS",6.7-62,color,IP66,IK10,true,,0
i-pro-wv-u65302-z2,i-PRO,WV-U65302-Z2,ptz,1080p,2,"1/2.8"" CMOS",3.7-77,color,IP66,IK10,true,,0
i-pro-wv-u65302-z2g,i-PRO,WV-U65302-Z2G,ptz,1080p,2,"1/2.8"" CMOS",77-3.7,ir,IP66,IK10,true,,0
i-pro-wv-u85402-v2l,i-PRO,WV-U85402-V2L,dome,4MP x2 (dual sensor),8,"2x 1/2.7"" CMOS",43-100,ir,IP67,IK10,true,,0
i-pro-wv-u85402-v2l1,i-PRO,WV-U85402-V2L1,dual-lens,2x 4MP,8,"2x 1/2.7"" CMOS",43-100,ir,IP67,IK10,true,,0
i-pro-wv-x15300-v3l,i-PRO,WV-X15300-V3L,bullet,3MP,3.1,"1/2.8"" CMOS",37-117,ir,IP66/IP67,IK10,true,,0
i-pro-wv-x15300-v3ln,i-PRO,WV-X15300-V3LN,bullet,3MP,3.1,"1/2.8"" CMOS",37-117,ir,IP66/IP67,IK10,true,,0
i-pro-wv-x15300a-v3l,i-PRO,WV-X15300A-V3L,bullet,1080p,2,"1/2.8"" CMOS",37-117,ir,IP66/IP67,IK10,true,,0
i-pro-wv-x15300a-v3ln,i-PRO,WV-X15300A-V3LN,bullet,1080p,2,"1/2.8"" CMOS",37-117,ir,IP66/IP67,IK10,true,,0
i-pro-wv-x15301-z1l,i-PRO,WV-X15301-Z1L,bullet,1080p,2.1,"1/2.8"" CMOS",6.6-62,ir,IP66/IP67,IK10,true,,0
i-pro-wv-x15301-z1ln,i-PRO,WV-X15301-Z1LN,bullet,1080p,2.1,"1/2.8"" CMOS",6.6-62,ir,IP66/IP67,IK10,false,,0
i-pro-wv-x15301a-z1l,i-PRO,WV-X15301A-Z1L,bullet,3MP,3.1,1/2.8 type CMOS,6.6-62,ir,IP66/IP67,IK10,true,,0
i-pro-wv-x15301a-z1ln,i-PRO,WV-X15301A-Z1LN,bullet,1080p,2.1,"1/2.8"" CMOS",62,ir,IP66/IP67,IK10,false,,0
i-pro-wv-x15302-z1l,i-PRO,WV-X15302-Z1L,bullet,1080p,2,"1/2.8"" CMOS",6.6-62,ir,IP66/IP67,IK10,true,,0
i-pro-wv-x15302-z1ln,i-PRO,WV-X15302-Z1LN,bullet,1080p,2,"1/2.8"" CMOS",6.6-62,ir,IP66/IP67,IK10,false,,0
i-pro-wv-x15302a-z1l,i-PRO,WV-X15302A-Z1L,bullet,1080p,2,"1/2.8"" CMOS",6.6-62,ir,IP66/IP67,IK10,true,,0
i-pro-wv-x15302a-z1ln,i-PRO,WV-X15302A-Z1LN,bullet,1080p,2,"1/2.8"" CMOS",6.6-62,ir,IP66/IP67,IK10,true,,0
i-pro-wv-x15500-v3l,i-PRO,WV-X15500-V3L,bullet,7MP,7.1,"1/2.8"" CMOS",106,ir,IP66/IP67,IK10,true,,0
i-pro-wv-x15500-v3ln,i-PRO,WV-X15500-V3LN,bullet,7MP,7.1,"1/2.8"" CMOS",34-106,ir,IP66/IP67,IK10,true,,0
i-pro-wv-x15500a-v3l,i-PRO,WV-X15500A-V3L,bullet,5MP,5.3,"1/2.8"" CMOS",106-34,ir,IP66/IP67,IK10,false,,0
i-pro-wv-x15500a-v3ln,i-PRO,WV-X15500A-V3LN,bullet,5MP,5.3,"1/2.8"" CMOS",34-106,ir,IP66/IP67,IK10,true,,0
i-pro-wv-x15501-z1l,i-PRO,WV-X15501-Z1L,bullet,5MP,5.3,"1/2.8"" CMOS",6.1-58,ir,IP66/IP67,IK10,true,,0
i-pro-wv-x15501-z1ln,i-PRO,WV-X15501-Z1LN,bullet,5MP,5.3,"1/2.8"" CMOS",6.1-58,ir,IP66/IP67,IK10,true,,0
i-pro-wv-x15501-z3l,i-PRO,WV-X15501-Z3L,bullet,5MP,5.3,"1/2.8"" CMOS",2.3-58,ir,IP66/IP67,IK10,true,,0
i-pro-wv-x15501-z3ln,i-PRO,WV-X15501-Z3LN,bullet,5MP,5.3,"1/2.8"" CMOS",2.3-58,ir,IP67,IK10,true,,0
i-pro-wv-x15501a-z1l,i-PRO,WV-X15501A-Z1L,bullet,5MP,5.3,"1/2.8"" CMOS",6.1-58,ir,IP66/IP67,IK10,false,,0
i-pro-wv-x15501a-z1ln,i-PRO,WV-X15501A-Z1LN,bullet,5MP,5.3,"1/2.8"" CMOS",6.1-58,ir,IP66/IP67,IK10,true,,0
i-pro-wv-x15501a-z3l,i-PRO,WV-X15501A-Z3L,ptz,5MP,5,"1/2.8"" CMOS",2.3-58,ir,IP66/IP67,IK10,true,,0
i-pro-wv-x15501a-z3ln,i-PRO,WV-X15501A-Z3LN,bullet,5MP,5.3,"1/2.8"" CMOS",2.3-58,ir,IP66/IP67,IK10,true,,0
i-pro-wv-x15502-z1l,i-PRO,WV-X15502-Z1L,bullet,5MP,5,"1/2.8"" CMOS",6.1-58,ir,IP66/IP67,IK10,false,,0
i-pro-wv-x15502-z1ln,i-PRO,WV-X15502-Z1LN,bullet,5MP,5.3,"1/2.8"" CMOS",6.1-58,ir,IP66/IP67,IK10,true,,0
i-pro-wv-x15502a-z1l,i-PRO,WV-X15502A-Z1L,bullet,5MP,5,"1/2.8"" CMOS",6.1-58,ir,IP66/IP67,IK10,true,2026,0
i-pro-wv-x15502a-z1ln,i-PRO,WV-X15502A-Z1LN,bullet,5MP,5,"1/2.8"" CMOS",6.1-58,ir,IP66/IP67,IK10,false,,0
i-pro-wv-x15600-v2l,i-PRO,WV-X15600-V2L,bullet,6MP,6.2,"1/1.8"" CMOS",53-104,ir,IP66/IP67,IK10,true,,0
i-pro-wv-x15600-v2ln,i-PRO,WV-X15600-V2LN,bullet,6MP,6,"1/1.8"" CMOS",53-104,ir,IP66/IP67,IK10,true,,0
i-pro-wv-x15600a-v2l,i-PRO,WV-X15600A-V2L,bullet,6MP,6.2,"1/1.8"" CMOS",53-104,ir,IP66/IP67,IK10,true,,0
i-pro-wv-x15600a-v2ln,i-PRO,WV-X15600A-V2LN,bullet,6MP,6.2,"1/1.8"" CMOS",53-104,ir,IP66/IP67,IK10,true,,0
i-pro-wv-x15700-v2l,i-PRO,WV-X15700-V2L,bullet,4K,8.3,"1/1.8"" CMOS",53-104,ir,IP66/IP67,IK10,true,,0
i-pro-wv-x15700-v2ln,i-PRO,WV-X15700-V2LN,bullet,4K,8.3,"1/1.8"" CMOS",53-104,ir,IP67,IK10,true,,0
i-pro-wv-x15700a-v2l,i-PRO,WV-X15700A-V2L,bullet,4K,8.3,"1/1.8"" CMOS",104 (Wide) - 53 (Tele),ir,IP66/IP67,IK10,true,,0
i-pro-wv-x15700a-v2ln,i-PRO,WV-X15700A-V2LN,bullet,4K,8.29,"1/1.8"" CMOS",53-104,ir,IP66/IP67,IK10,true,,0
i-pro-wv-x15701-z3l,i-PRO,WV-X15701-Z3L,bullet,4K,8.3,"1/2.8"" CMOS",2.5-62,ir,IP66/IP67,IK10,false,,0
i-pro-wv-x15701-z3ln,i-PRO,WV-X15701-Z3LN,bullet,4K,8.3,"1/2.8"" CMOS",2.5-62 (H),ir,IP66/IP67,IK10,false,,0
i-pro-wv-x22300-v3l,i-PRO,WV-X22300-V3L,dome,1080p,2,"1/2.8"" CMOS",36 (tele) - 114 (wide) horizontal / 20 - 60 vertical,ir,,IK10,true,2023,0
i-pro-wv-x22300a-v3l,i-PRO,WV-X22300A-V3L,dome,1080p,2.1,"1/2.8"" CMOS",36-114,ir,,IK10,true,,0
i-pro-wv-x22500-v3l,i-PRO,WV-X22500-V3L,dome,5MP,5.3,"1/2.8"" CMOS",33-105,ir,,IK10,true,,0
i-pro-wv-x22500a-v3l,i-PRO,WV-X22500A-V3L,dome,5MP,5,"1/2.8"" CMOS",33-105,ir,,IK10,true,,0
i-pro-wv-x2251l,i-PRO,WV-X2251L,dome,5MP,5,"1/2.3"" CMOS",99-42 horizontal,ir,IP66,,false,2023,0
i-pro-wv-x22600-v2l,i-PRO,WV-X22600-V2L,dome,6MP,6.2,"1/1.8"" CMOS",52-101,ir,,IK10,true,,0
i-pro-wv-x22600a-v2l,i-PRO,WV-X22600A-V2L,dome,6MP,6.2,"1/1.8"" CMOS",52-101,ir,,IK10,true,,0
i-pro-wv-x22700-v2l,i-PRO,WV-X22700-V2L,dome,4K,8.29,"1/1.8"" CMOS",52-101,ir,,IK10,true,,0
i-pro-wv-x22700a-v2l,i-PRO,WV-X22700A-V2L,dome,4K,8.3,"1/1.8"" CMOS",52-101,ir,,IK10,true,,0
i-pro-wv-x25300-v3ln,i-PRO,WV-X25300-V3LN,dome,1080p,2,"1/2.8"" CMOS",36-113,ir,IP66/IP67,IK10,false,,0
i-pro-wv-x25300a-v3ln,i-PRO,WV-X25300A-V3LN,dome,1080p,2,"1/2.8"" CMOS",36-113,ir,IP66/IP67,IK10,true,,0
i-pro-wv-x25500-v3ln,i-PRO,WV-X25500-V3LN,dome,5MP,5,"1/2.8"" CMOS",33-103,ir,IP66/IP67,IK10,false,,0
i-pro-wv-x25500a-v3ln,i-PRO,WV-X25500A-V3LN,dome,5MP,5,"1/2.8"" CMOS",33-103,ir,IP66/IP67,IK10,true,,0
i-pro-wv-x25580-f2ln2,i-PRO,WV-X25580-F2LN2,dome,5MP,5.3,"1/2.8"" CMOS",131,ir,IP69,IK11,false,,0
i-pro-wv-x25600-v2ln,i-PRO,WV-X25600-V2LN,dome,6MP,6,"1/1.8"" CMOS",52-101,ir,IP66/IP67,IK10,true,,0
i-pro-wv-x25600a-v2ln,i-PRO,WV-X25600A-V2LN,dome,6MP,6.2,"1/1.8"" CMOS",52-101,ir,IP66/IP67,IK10,true,,0
i-pro-wv-x25700-v2ln,i-PRO,WV-X25700-V2LN,dome,4K,8.29,"1/1.8"" CMOS",52-101,ir,IP66/IP67,IK10,true,,0
i-pro-wv-x25700a-v2ln,i-PRO,WV-X25700A-V2LN,dome,4K,8.3,"1/1.8"" CMOS",52-101,ir,IP66/IP67,IK10,true,,0
i-pro-wv-x2571ln,i-PRO,WV-X2571LN,dome,4K,8.3,"1/1.8"" CMOS","101-52 horizontal, 55-29 vertical",hybrid,IP66,IK10,true,,0
i-pro-wv-x35302-f2l,i-PRO,WV-X35302-F2L,dome,1080p,2,"1/2.8"" CMOS",132,ir,IP66,IK10,false,,0
i-pro-wv-x35302-f2lm,i-PRO,WV-X35302-F2LM,dome,1080p,2,"1/2.8"" CMOS",132,ir,IP66,IK10,false,,0
i-pro-wv-x35402-f2l,i-PRO,WV-X35402-F2L,dome,4MP,4,"1/2.8"" CMOS",121,ir,IP66,IK10,false,,0
i-pro-wv-x35402-f2lm,i-PRO,WV-X35402-F2LM,dome,4MP,4,"1/2.8"" CMOS",121,ir,IP66,IK10,false,,0
i-pro-wv-x41501-f1,i-PRO,WV-X41501-F1,fisheye,5MP,5,"1/2.8"" CMOS",186,none,IP44,,true,,0
i-pro-wv-x41701-f1,i-PRO,WV-X41701-F1,fisheye,12.5MP,12.5,"1/1.6"" CMOS",181,none,IP44,,true,,0
i-pro-wv-x45501-f1l,i-PRO,WV-X45501-F1L,fisheye,5MP,4.8,"1/2.8"" CMOS",186,hybrid,IP66/IP67/IP69,IK11,false,,0
i-pro-wv-x45501-f1lm,i-PRO,WV-X45501-F1LM,fisheye,5MP,5,"1/2.8"" CMOS",186,ir,IP69/IP66/IP67,IK10,true,,0
i-pro-wv-x45701-f1l,i-PRO,WV-X45701-F1L,fisheye,12.5MP,12.5,"1/1.6"" CMOS",181,hybrid,IP69/IP66/IP67,IK11,true,,0
i-pro-wv-x45701-f1lm,i-PRO,WV-X45701-F1LM,fisheye,12.5MP,12.5,"1/1.6"" CMOS",181,ir,IP69K/IP66/IP67,IK11,false,2024,0
i-pro-wv-x66300-z3k,i-PRO,WV-X66300-Z3K,ptz,1080p,2.1,"1/2.8"" CMOS",65 (wide) - 2.4 (tele),color,IP66,IK10,true,,0
i-pro-wv-x66300-z3lk,i-PRO,WV-X66300-Z3LK,ptz,1080p,2,"1/2.8"" CMOS",65 (wide) to 2.4 (tele),ir,IP66,IK10,true,,0
i-pro-wv-x66300-z3ls,i-PRO,WV-X66300-Z3LS,ptz,1080p,2.1,"1/2.8"" CMOS",2.4-65 (H),ir,IP66,IK10,true,,0
i-pro-wv-x66300-z3s,i-PRO,WV-X66300-Z3S,ptz,1080p,2,"1/2.8"" CMOS",2.4-65,none,IP66,IK10,true,,0
i-pro-wv-x66300-z4k,i-PRO,WV-X66300-Z4K,ptz,1080p,2,"1/2.8"" CMOS",2.0-65,color,IP66,IK10,true,,0
i-pro-wv-x66300-z4lk,i-PRO,WV-X66300-Z4LK,ptz,1080p,2.1,"1/2.8"" CMOS","2.0-65 (H, 16:9)",ir,IP66,IK10,true,,0
i-pro-wv-x66300-z4ls,i-PRO,WV-X66300-Z4LS,ptz,1080p,2,"1/2.8"" CMOS",65 (Wide) – 2.0 (Tele),ir,IP66,IK10,true,,0
i-pro-wv-x66300-z4s,i-PRO,WV-X66300-Z4S,ptz,1080p,2.1,"1/2.8"" CMOS",65 (wide) - 2.0 (tele),color,IP66,IK10,true,,0
i-pro-wv-x66600-z3k,i-PRO,WV-X66600-Z3K,ptz,6MP,6.2,"1/2.8"" CMOS",2.5-62,color,IP66,IK10,true,,0
i-pro-wv-x66600-z3lk,i-PRO,WV-X66600-Z3LK,ptz,6MP,6.2,"1/2.8"" CMOS",62 (wide) - 2.5 (tele),ir,IP66,IK10,false,,0
i-pro-wv-x66600-z3ls,i-PRO,WV-X66600-Z3LS,ptz,6MP,6.2,"1/2.8"" CMOS",62 (wide) - 2.5 (tele),ir,IP66,IK10,true,,0
i-pro-wv-x66600-z3s,i-PRO,WV-X66600-Z3S,ptz,6MP,6,"1/2.8"" CMOS",62-2.5,ir,IP66,IK10,true,,0
i-pro-wv-x66700-z3k,i-PRO,WV-X66700-Z3K,ptz,4K,8.29,"1/2.8"" CMOS",62-2.5,ir,IP66,IK10,true,,0
i-pro-wv-x66700-z3lk,i-PRO,WV-X66700-Z3LK,ptz,4K,8.3,"1/2.8"" CMOS",62-2.5 (H),ir,IP66,IK10,true,,0
i-pro-wv-x66700-z3ls,i-PRO,WV-X66700-Z3LS,ptz,4K,8.3,"1/2.8"" CMOS",2.5-62,ir,IP66,IK10,true,,0
i-pro-wv-x66700-z3s,i-PRO,WV-X66700-Z3S,ptz,4K,8.29,"1/2.8"" CMOS",62 (WIDE) – 2.5 (TELE),none,IP66,IK10,true,,0
i-pro-wv-x67300-z4-3,i-PRO,WV-X67300-Z4-3,ptz,1080p,2,"1/2.8"" CMOS",1.9-66,none,IP68,IK10,true,,0
i-pro-wv-x67300-z4l3,i-PRO,WV-X67300-Z4L3,ptz,1080p,2.1,"1/2.8"" CMOS",1.9-66,ir,IP68,IK10,true,,0
i-pro-wv-x67300a-z4-3,i-PRO,WV-X67300A-Z4-3,ptz,1080p,2.07,"1/2.8"" CMOS",66 (wide) – 1.9 (tele),none,IP68,IK10,true,,0
i-pro-wv-x67300a-z4l3,i-PRO,WV-X67300A-Z4L3,ptz,1080p,2,"1/2.8"" CMOS",1.9-66 (H),ir,IP68,IK10,true,,0
i-pro-wv-x67301-z4l3,i-PRO,WV-X67301-Z4L3,ptz,1080p,2,"1/2.8"" CMOS",1.9-66,color,IP68,IK10,true,2024,0
i-pro-wv-x67301a-z4l3,i-PRO,WV-X67301A-Z4L3,ptz,1080p,2,"1/2.8"" CMOS",66 (wide) – 1.9 (tele),color,IP68,IK10,true,,0
i-pro-wv-x67310-z4-1,i-PRO,WV-X67310-Z4-1,ptz,1080p,2,"1/2.8"" CMOS",1.9-66,none,IP68,IK10,false,,0
i-pro-wv-x67310-z4-3,i-PRO,WV-X67310-Z4-3,ptz,1080p,2.1,"1/2.8"" CMOS",66 (wide) – 1.9 (tele),color,IP68,IK10,true,,0
i-pro-wv-x67310-z4l1,i-PRO,WV-X67310-Z4L1,ptz,1080p,2,"1/2.8"" CMOS","66 (horizontal, wide end)",ir,IP68,IK10,true,,0
i-pro-wv-x67310-z4l3,i-PRO,WV-X67310-Z4L3,ptz,1080p,2.1,"1/2.8"" CMOS",1.9-66,ir,IP68,IK10,true,,0
i-pro-wv-x67310a-z4-1,i-PRO,WV-X67310A-Z4-1,ptz,1080p,2.1,"1/2.8"" CMOS",1.9-66,none,IP68,IK10,false,,0
i-pro-wv-x67310a-z4-3,i-PRO,WV-X67310A-Z4-3,ptz,1080p,2,"1/2.8"" CMOS",1.9-66,color,IP68,IK10,true,,0
i-pro-wv-x67310a-z4l1,i-PRO,WV-X67310A-Z4L1,ptz,1080p,2.1,"1/2.8"" CMOS",1.9-66,ir,IP68,IK10,true,,0
i-pro-wv-x67310a-z4l3,i-PRO,WV-X67310A-Z4L3,ptz,1080p,2,"1/2.8"" CMOS",1.9-66,ir,IP68,IK10,true,,0
i-pro-wv-x67311-z4l3,i-PRO,WV-X67311-Z4L3,ptz,1080p,2,"1/2.8"" CMOS",1.9-66 (H),color,IP68,IK10,false,,0
i-pro-wv-x67311a-z4l3,i-PRO,WV-X67311A-Z4L3,ptz,1080p,2.07,"1/2.8"" CMOS",1.9-66,color,IP68,IK10,true,,0
i-pro-wv-x67700-z3-3,i-PRO,WV-X67700-Z3-3,ptz,4K,8.3,"1/2.8"" CMOS",62 (wide) - 2.5 (tele),none,IP68,IK10,true,,0
i-pro-wv-x67700-z3l3,i-PRO,WV-X67700-Z3L3,ptz,4K,8.3,"1/2.8"" CMOS",2.5-62,ir,IP66,IK10,true,,0
i-pro-wv-x67700a-z3-3,i-PRO,WV-X67700A-Z3-3,ptz,4K,8.3,"1/2.8"" CMOS","62 (H, wide end)",color,IP68,IK10,true,,0
i-pro-wv-x67700a-z3l3,i-PRO,WV-X67700A-Z3L3,ptz,4K,8.3,"1/2.8"" CMOS",2.5-62,ir,IP68,IK10,true,,0
i-pro-wv-x67701-z3l3,i-PRO,WV-X67701-Z3L3,ptz,4K,8.3,"1/2.8"" CMOS",2.5-62,color,IP68/IP66,IK10,true,,0
i-pro-wv-x67701a-z3l3,i-PRO,WV-X67701A-Z3L3,ptz,4K,8.3,"1/2.8"" CMOS",62-2.5 (H),color,IP68/IP66,IK10,true,,0
i-pro-wv-x67710-z3-1,i-PRO,WV-X67710-Z3-1,ptz,4K,8.3,"1/2.8"" CMOS",2.5-62,color,IP68/IP66,IK10,true,,0
i-pro-wv-x67710-z3-3,i-PRO,WV-X67710-Z3-3,ptz,4K,8.3,"1/2.8"" CMOS",62 (wide) - 2.5 (tele),color,IP68/IP66,IK10,true,,0
i-pro-wv-x67710-z3l1,i-PRO,WV-X67710-Z3L1,ptz,4K,8.3,"1/2.8"" CMOS",2.5-62 (horizontal),ir,IP68/IP66,IK10,true,,0
i-pro-wv-x67710-z3l3,i-PRO,WV-X67710-Z3L3,ptz,4K,8.3,"1/2.8"" CMOS","62 (H, wide)",ir,IP68/IP66,IK10,true,,0
i-pro-wv-x67710a-z3-1,i-PRO,WV-X67710A-Z3-1,ptz,4K,8.3,"1/2.8"" CMOS",2.5-62,color,IP68/IP66,IK10,false,,0
i-pro-wv-x67710a-z3-3,i-PRO,WV-X67710A-Z3-3,ptz,4K,8.3,"1/2.8"" CMOS",2.5-62,none,IP68/IP66,IK10,true,,0
i-pro-wv-x67710a-z3l1,i-PRO,WV-X67710A-Z3L1,ptz,4K,8.3,"1/2.8"" CMOS",62,ir,IP68/IP66,IK10,true,,0
i-pro-wv-x67710a-z3l3,i-PRO,WV-X67710A-Z3L3,ptz,4K,8.3,"1/2.8"" CMOS",2.5-62,ir,IP68/IP66,IK10,true,,0
i-pro-wv-x67711-z3l3,i-PRO,WV-X67711-Z3L3,ptz,4K,8.3,"1/2.8"" CMOS",62 (WIDE) - 2.5 (TELE),color,IP68/IP66,IK10,true,,0
i-pro-wv-x67711a-z3l3,i-PRO,WV-X67711A-Z3L3,ptz,4K,8.3,"1/2.8"" CMOS",62-2.5 (H),color,IP68/IP66,IK10,true,,0
i-pro-wv-x86530-z2,i-PRO,WV-X86530-Z2,ptz,5MP,5,"1/2.7"" CMOS (multi-directional, x3); 1/2.8"" CMOS (PTZ)",97 H (multi) / 3.7-77 H (PTZ),none,IP67/IP66,IK10,true,,0
i-pro-wv-x86530-z2-1,i-PRO,WV-X86530-Z2-1,ptz,5MP,5,"1/2.7"" CMOS (multi-directional x3); 1/2.8"" CMOS (PTZ)",97 H / 71 V (multi); 3.7-77 H (PTZ),none,IP67/IP66,IK10,true,,0
i-pro-wv-x86530a-z2,i-PRO,WV-X86530A-Z2,panoramic,"7MP (per sensor, 3 sensors)",7.08,"3x 1/2.7"" CMOS (multi) + 1x 1/2.8"" CMOS (PTZ)",97 H (multi) / 3.7-77 H (PTZ),none,IP67/IP66,IK10,true,,0
i-pro-wv-x86530a-z2-1,i-PRO,WV-X86530A-Z2-1,panoramic,3x5MP + 2MP PTZ,17,"3x 1/2.7"" CMOS (multi-directional) + 1x 1/2.8"" CMOS (PTZ)",97 H / 71 V (per multi-sensor); 3.7-77 H (PTZ),none,IP67/IP66,IK10,true,,0
i-pro-wv-x86531-z2,i-PRO,WV-X86531-Z2,ptz,4 x 5MP multi-directional + 1080p 21x PTZ,5,"4x 1/2.7"" CMOS (multi-directional) + 1/2.8"" CMOS (PTZ)",PTZ 3.7-77 horizontal / 2.2-44 vertical; multi 97 horizontal / 71 vertical (per sensor),color,IP67,IK10,true,2023,0
i-pro-wv-x86531-z2-1,i-PRO,WV-X86531-Z2-1,panoramic,4x5MP + 2MP PTZ,22,"4x 1/2.7"" CMOS (multi-directional) + 1/2.8"" CMOS (PTZ)","97 H (multi-directional), 3.7-77 H (PTZ)",color,IP67,IK10,true,,0
i-pro-wv-x86531a-z2,i-PRO,WV-X86531A-Z2,panoramic,4x5MP + 2MP PTZ,22,"4x 1/2.7"" CMOS (multi-sensor) + 1/2.8"" CMOS (PTZ)",97 (per fixed sensor),color,IP67/IP66,IK10,true,,0
i-pro-wv-x86531a-z2-1,i-PRO,WV-X86531A-Z2-1,panoramic,5MP (per multi-sensor lens),5,"1/2.7"" CMOS (multi-sensor x4); 1/2.8"" CMOS (PTZ)",97 H / 71 V (per multi-sensor lens),color,IP67/IP66,IK10,true,2026,0
ic-realtime-avs-4kb8012-ir,IC Realtime,AVS-4KB8012-IR,bullet,4K,8,"1/1.8"" Starlight CMOS",110.8(H),ir,IP67,,,,0
ic-realtime-avs-4kd8021-ir,IC Realtime,AVS-4KD8021-IR,dome,4K,8,"1/1.8"" Starlight CMOS",110.8(H),ir,IP67,,,,0
ic-realtime-avs-b8712sl-dp,IC Realtime,AVS-B8712SL-DP,bullet,4K,8,"1/1.8"" Starlight CMOS",112-46(H),ir,IP67,,,,0
ic-realtime-avs-d8712sl-dp,IC Realtime,AVS-D8712SL-DP,dome,4K,8,"1/1.8"" Starlight CMOS",112-46(H),ir,IP67,IK10,,,0
ic-realtime-avs-id1-v2,IC Realtime,AVS-ID1-V2,bullet,1080P,2,"1/2.8"" Starvis CMOS","27.7-4.2(H), 59.1(V)",ir,IP66,,,,0
ic-realtime-avs-pano-a007,IC Realtime,AVS-PANO-A007,panoramic,4K,8,"Three 1/2.8"" 2MP CMOS",180(H),ir,IP67,IK10,,,0
ic-realtime-hdel-p2032x-irw1,IC Realtime,HDEL-P2032X-IRW1,ptz,1080P,2,"1/2.8"" Starvis CMOS","60.1-2.8(H), 34.4-1.5(V)",ir,IP67,,,,0
ic-realtime-icip-2501hd-ir,IC Realtime,ICIP-2501HD-IR,ptz,1080P,2,"1/2.8"" Starvis CMOS",62.8-2.6(H),ir,IP67,IK10,true,,0
ic-realtime-icip-p2012t,IC Realtime,ICIP-P2012T,ptz,1080P,2,"1/2.8"" Starvis CMOS",58.2-4.8(H),color,IP66,IK10,true,,0
ic-realtime-icr-200h,IC Realtime,ICR-200H,turret,1080P,2,2MP CMOS,"109(H), 127(D)",ir,IP67,,,,0
ic-realtime-icr-200hw,IC Realtime,ICR-200HW,turret,1080P,2,2MP CMOS,"109(H), 127(D)",ir,IP67,,,,0
ic-realtime-icr-300h4-v,IC Realtime,ICR-300H4-V,bullet,1080P,2,"1/2.8"" CMOS",108.7-28.7(H),ir,IP67,,,,0
ic-realtime-icr-300h4w,IC Realtime,ICR-300H4W,bullet,1080P,2,"1/2.8"" Starlight CMOS",108.7-28.7(H),ir,IP67,,,,0
ic-realtime-icr-pir-ir,IC Realtime,ICR-PIR-IR,bullet,1080P,2,"1/3"" Sony Super HAD II",,ir,,,,,0
ic-realtime-ipeg-b20f-irw4,IC Realtime,IPEG-B20F-IRW4,bullet,1080P,2,"1/2.7"" 2MP CMOS","110(H), 59(V)",ir,IP67,,,,0
ic-realtime-ipeg-b40f-irw1,IC Realtime,IPEG-B40F-IRW1,bullet,4MP,4,"1/3"" 4MP CMOS","102.0(H), 55.0(V)",ir,IP67,,,,0
ic-realtime-ipeg-b40v-irw2,IC Realtime,IPEG-B40V-IRW2,bullet,4MP,4,"1/3"" 4MP CMOS","98-31(H), 55-18(V)",ir,IP67,,,,0
ic-realtime-ipeg-d20f-irw4,IC Realtime,IPEG-D20F-IRW4,dome,1080P,2,"1/2.8"" 2MP CMOS","102(H), 54(V)",ir,IP67,IK10,,,0
ic-realtime-ipeg-d40f-irw1,IC Realtime,IPEG-D40F-IRW1,dome,4MP,4,"1/3"" 4MP CMOS","102(H), 54(V)",ir,IP67,IK10,,,0
ic-realtime-ipeg-d40v-irw2,IC Realtime,IPEG-D40V-IRW2,dome,4MP,4,"1/3"" 4MP CMOS","98-31(H), 55-18(V)",ir,IP67,IK10,,,0
ic-realtime-ipeg-e20f-irw4,IC Realtime,IPEG-E20F-IRW4,turret,1080P,2,"1/2.7"" 2MP CMOS","102(H), 54(V)",ir,IP67,,,,0
ic-realtime-ipeg-e40f-irw2,IC Realtime,IPEG-E40F-IRW2,turret,4MP,4,"1/3"" 4MP CMOS","102.0(H), 55.0(V)",ir,IP67,,,,0
ic-realtime-ipel-b2012x-irw,IC Realtime,IPEL-B2012X-IRW,bullet,1080P,2,"1/2.8"" 2MP Starvis CMOS","58-4(H), 34-2(V)",ir,IP67,IK10,,,0
ic-realtime-ipel-b20v-lpr,IC Realtime,IPEL-B20V-LPR,bullet,1080P,2,"1/1.8"" CMOS","46.6-10.6(H), 40.6-9.3(V)",ir,IP67,,,,0
ic-realtime-ipel-b40v-w-led,IC Realtime,IPEL-B40V-W-LED,bullet,2K,4,"1/1.8"" CMOS","115-48(H), 59-27(V)",color,IP67,,true,,0
ic-realtime-ipel-b80f-irb,IC Realtime,IPEL-B80F-IRB,bullet,4K,8,"1/2.8"" 8MP CMOS","108(H), 58(V)",ir,IP67,,,,0
ic-realtime-ipel-b80f-irw,IC Realtime,IPEL-B80F-IRW,bullet,4K,8,"1/2.8"" 8MP CMOS","108(H), 58(V)",ir,IP67,,,,0
ic-realtime-ipel-d40v-w-led,IC Realtime,IPEL-D40V-W-LED,dome,2K,4,"1/1.8"" CMOS","115-48(H), 59-27(V)",color,IP67,IK10,true,,0
ic-realtime-ipel-dl80f-irw1,IC Realtime,IPEL-DL80F-IRW1,dual-lens,QHD per lens,8,"1/2.7"" CMOS x2","95(H), 52(V)",ir,IP67,IK10,true,,0
ic-realtime-ipel-e80f-irb3,IC Realtime,IPEL-E80F-IRB3,bullet,4K,8,"1/2.8"" 8MP CMOS","107(H), 56(V)",ir,IP67,,,,0
ic-realtime-ipel-e80f-irw2,IC Realtime,IPEL-E80F-IRW2,turret,4K,8,"1/2.8"" 8MP CMOS","108(H), 58(V)",ir,IP67,,,,0
ic-realtime-ipel-e80v-irw3,IC Realtime,IPEL-E80V-IRW3,turret,4K,8,"1/2.8"" 8MP CMOS","109-30(H), 56-17(V)",ir,IP67,,,,0
ic-realtime-ipel-f12f-irw2,IC Realtime,IPEL-F12F-IRW2,fisheye,5K,12,"1/1.7"" 12MP Starvis CMOS","185(H), 180(V)",ir,IP67,IK10,true,,0
ic-realtime-ipel-f50f-w2,IC Realtime,IPEL-F50F-W2,fisheye,3K,5,"1/2.7"" 5MP CMOS","180(H), 180(V)",,IP67,IK10,true,,0
ic-realtime-ipel-m80v-irw1,IC Realtime,IPEL-M80V-IRW1,panoramic,1080P per lens,8,"Four 1/2.8"" 2MP CMOS","105-44(H), 54-25(V)",ir,IP67,IK10,true,,0
ic-realtime-ipel-p2030x-s,IC Realtime,IPEL-P2030X-S,ptz,1080P,2,"1/2.8"" Starvis CMOS",67.8-2.4(H),color,IP68,IK10,,,0
ic-realtime-ipel-p8040x-irw2-ai,IC Realtime,IPEL-P8040X-IRW2-AI,ptz,4K,8,"1/1.8"" 8MP CMOS","63.9-2.0(H), 37.3-1.1(V)",ir,IP67,,true,,0
ic-realtime-ipfx-b40v-irb,IC Realtime,IPFX-B40V-IRB,bullet,2K,4,"1/3"" 4MP CMOS","104-27(H), 55-15(V)",ir,IP67,,true,,0
ic-realtime-ipfx-b40v-irw,IC Realtime,IPFX-B40V-IRW,bullet,2K,4,"1/3"" 4MP CMOS","104-27(H), 55-15(V)",ir,IP67,,true,,0
ic-realtime-ipfx-b80v-irw,IC Realtime,IPFX-B80V-IRW,bullet,4K,8,"1/2.8"" 8MP CMOS","113-31(H), 58-17(V)",ir,IP67,,true,,0
ic-realtime-ipfx-d40v-irb,IC Realtime,IPFX-D40V-IRB,dome,2K,4,"1/2.7"" 4MP CMOS","104-27(H), 55-15(V)",ir,IP67,IK10,true,,0
ic-realtime-ipfx-d40v-irw,IC Realtime,IPFX-D40V-IRW,dome,2K,4,"1/2.7"" 4MP CMOS","104-27(H), 55-15(V)",ir,IP67,IK10,true,,0
ic-realtime-ipfx-d80v-irb,IC Realtime,IPFX-D80V-IRB,dome,4K,8,"1/1.8"" 8MP CMOS","110.4-45(H), 57.8-25.2(V)",ir,IP67,IK10,true,,0
ic-realtime-ipfx-d80v-irw,IC Realtime,IPFX-D80V-IRW,dome,4K,8,"1/1.8"" 8MP CMOS","110.4-45(H), 57.8-25.2(V)",ir,IP67,IK10,true,,0
ic-realtime-ipfx-e40v-irw,IC Realtime,IPFX-E40V-IRW,turret,2K,4,"1/3"" 4MP CMOS","104-27(H), 55-15(V)",ir,IP67,,,,0
ic-realtime-ipfx-p4004-w1,IC Realtime,IPFX-P4004-W1,box,QHD,4,"1/2.8"" 4MP CMOS","90-29(H), 48-16(V)",,IP66,IK10,,,0
ic-realtime-ipfx-p4032x-irw2,IC Realtime,IPFX-P4032X-IRW2,ptz,QHD,4,"1/2.8"" CMOS","55.8-2.4(H), 31.9-1.3(V)",ir,IP67,IK10,true,,0
ic-realtime-ipfx-s20f-w,IC Realtime,IPFX-S20F-W,box,1080P,2,"1/2.8"" CMOS","105(H), 58(V)",color,,,true,,0
ic-realtime-ipmx-b40f-adw2,IC Realtime,IPMX-B40F-ADW2,bullet,4MP,4,"1/2.7"" 4MP CMOS","103(H), 53(V)",color,IP67,,true,,0
ic-realtime-ipmx-b40f-irw2,IC Realtime,IPMX-B40F-IRW2,bullet,4MP,4,"1/3"" 4MP CMOS","103(H), 55(V)",ir,IP67,,,,0
ic-realtime-ipmx-b40f-w1-led,IC Realtime,IPMX-B40F-W1-LED,bullet,4MP,4,"1/2.7"" 4MP CMOS","103(H), 53(V)",color,IP67,,,,0
ic-realtime-ipmx-d40f-irw2,IC Realtime,IPMX-D40F-IRW2,dome,4MP,4,"1/3"" 4MP CMOS","103(H), 55(V)",ir,IP67,IK10,,,0
ic-realtime-ipmx-d40f-w1,IC Realtime,IPMX-D40F-W1,dome,4MP,4,"1/2.7"" 4MP CMOS","103(H), 53(V)",color,IP67,IK10,,,0
ic-realtime-ipmx-e40f-adw2,IC Realtime,IPMX-E40F-ADW2,turret,4MP,4,"1/2.7"" 4MP CMOS",103 x 53(H),color,IP67,,true,,0
ic-realtime-ipmx-e40f-irb3,IC Realtime,IPMX-E40F-IRB3,turret,4MP,4,"1/3"" 4MP CMOS","102(H), 54(V)",ir,IP67,,,,0
ic-realtime-ipmx-e40f-irw3,IC Realtime,IPMX-E40F-IRW3,turret,4MP,4,"1/3"" 4MP CMOS","102(H), 54(V)",ir,IP67,,,,0
ic-realtime-ipmx-e40f-w1-led,IC Realtime,IPMX-E40F-W1-LED,turret,4MP,4,"1/2.7"" 4MP CMOS",103 x 53(H),color,IP67,,,,0
ic-realtime-ipmx-w40f-irw3,IC Realtime,IPMX-W40F-IRW3,turret,4MP,4,"1/2.9"" 4MP CMOS","102(H), 54(V)",ir,IP67,IK10,,,0
ic-realtime-thip-p4078fm-ir,IC Realtime,THIP-P4078FM-IR,bullet,4MP visible (256x192 thermal),4,"Uncooled VOx thermal & 1/2.8"" CMOS visible","24(H), 18(V) thermal; 33.4(H), 25(V) visible",ir,IP66,,true,,0
idis-dc-d4516wrx,IDIS,DC-D4516WRX,dome,5MP,5,"1/2.8"" CMOS",101 horizontal,ir,,IK10,false,2022,0
iegeek-baby-1t,ieGeek,Baby 1T,ptz,2K 3MP,3,,355 pan/100 tilt,ir,,,true,,0
iegeek-baby-5,ieGeek,Baby 5,ptz,2.5K UHD,4,,355 pan/60 tilt,ir,,,true,,0
iegeek-baby-7,ieGeek,Baby 7,ptz,1080p 2MP,2,,355 pan/60 tilt,ir,,,true,,0
iegeek-bell-j1,ieGeek,Bell J1,doorbell,2K 3MP,3,,110 horizontal,ir,IP66,,true,,0
iegeek-bell-j10,ieGeek,Bell J10,doorbell,2K 3MP,3,,180 horizontal,ir,IP65,,true,,0
iegeek-bell-j9,ieGeek,Bell J9,doorbell,2K,3,,130 horizontal,ir,IP65,,true,,0
iegeek-bell-j9-plus,ieGeek,Bell J9 Plus,doorbell,5MP,5,,166 horizontal,ir,IP65,,true,,0
iegeek-s1,ieGeek,S1,bullet,2K 3MP,3,,95 horizontal,hybrid,IP65,,true,,0
iegeek-s1-pro,ieGeek,S1 Pro,bullet,3K 5MP,5,,130 horizontal,hybrid,IP65,,true,,0
iegeek-s11,ieGeek,S11,ptz,2K 3MP,3,,355 pan/120 tilt,hybrid,IP65,,true,,0
iegeek-s2,ieGeek,S2,ptz,2K 3MP,3,,300 pan/120 tilt,hybrid,IP65,,true,,0
iegeek-s4,ieGeek,S4,floodlight,2K 3MP,3,,100 horizontal,hybrid,IP65,,true,,0
iegeek-s5,ieGeek,S5,ptz,2K 3MP,3,,355 pan/90 tilt,hybrid,IP65,,true,,0
iegeek-s7,ieGeek,S7,ptz,2K 3MP,3,,360 pan,color,IP65,,true,,0
iegeek-sc1,ieGeek,SC1,ptz,2K 3MP,3,,355 pan/55 tilt,ir,,,true,,0
iegeek-sc1-pro,ieGeek,SC1 Pro,ptz,5MP,5,,355 pan/55 tilt,ir,,,true,,0
iegeek-zs-gq2,ieGeek,ZS-GQ2,ptz,2K 3MP,3,,355 pan/120 tilt,hybrid,IP65,,true,,0
iegeek-zs-gq4,ieGeek,ZS-GQ4,ptz,5MP Super HD,5,,355 pan/120 tilt,hybrid,IP65,,true,,0
iegeek-zs-gx1s,ieGeek,ZS-GX1S,ptz,2K 3MP,3,,355 pan/120 tilt,hybrid,IP65,,true,,0
iegeek-zs-gx3s,ieGeek,ZS-GX3S,bullet,2K 3MP,3,,120 horizontal,hybrid,IP65,,true,,0
iegeek-zs-gx4s,ieGeek,ZS-GX4S,ptz,5MP,5,,355 pan/120 tilt,hybrid,IP65,,true,,0
iegeek-zy-c1,ieGeek,ZY-C1,bullet,5MP Super HD,5,,125 horizontal,hybrid,IP65,,true,,0
iegeek-zy-c2,ieGeek,ZY-C2,ptz,2K 3MP,3,,355 pan/90 tilt,hybrid,IP65,,true,,0
iegeek-zy-g1,ieGeek,ZY-G1,ptz,2K 3MP,3,,355 pan/120 tilt,hybrid,IP66,,true,,0
iegeek-zy-g2,ieGeek,ZY-G2,ptz,2K 3MP,3,,300 pan,hybrid,,,true,,0
iegeek-zy-g4,ieGeek,ZY-G4,ptz,2K 3MP,3,,360 pan,color,IPX5,,true,,0
illustra-ies02-b10-bi04,Illustra,IES02-B10-BI04,bullet,1080p,2,"Sony 1/2.8"" CMOS",110 H / 60 V,ir,IP67,IK07,,,0
illustra-ies02-b12-bi04,Illustra,IES02-B12-BI04,bullet,1080p,2,"Sony 1/2.8"" CMOS",100-34 H / 53-20 V,ir,IP67,IK07,,,0
illustra-ies02-d10-oi04,Illustra,IES02-D10-OI04,dome,1080p,2,"Sony 1/2.8"" CMOS",110 H / 60 V,ir,IP67,IK10,,,0
illustra-ies02-d12-oi04,Illustra,IES02-D12-OI04,dome,1080p,2,"Sony 1/2.8"" CMOS",100-34 H / 53-20 V,ir,IP67,IK10,,,0
illustra-ifs02-b12-oib4,Illustra,IFS02-B12-OIB4,bullet,1080p,2,"Sony 1/2.8"" Progressive Scan CMOS",103.1-31.5 H / 54.5-17.7 V,ir,IP67,IK10,true,,0
illustra-ifs02-c10-oib4,Illustra,IFS02-C10-OIB4,dome,1080p,2,"Sony 1/2.8"" Progressive Scan CMOS",114.1 H / 61.3 V,ir,IP67,IK10,false,,0
illustra-ifs02-d12-atb4,Illustra,IFS02-D12-ATB4,dome,1080p,2,"Sony 1/2.8"" Progressive Scan CMOS",103.1-31.5 H / 54.5-17.7 V,color,,IK08,true,,0
illustra-ifs02-d12-oib4,Illustra,IFS02-D12-OIB4,dome,1080p,2,"Sony 1/2.8"" Progressive Scan CMOS",103.1-31.5 H / 54.5-17.7 V,ir,IP67,IK10,true,,0
illustra-ifs02-p07-ata4,Illustra,IFS02-P07-ATA4,ptz,1080p,2,"Sony 1/2.8"" Progressive Scan CMOS",59.8-2.34 H / 40.5-1.48 V,color,,IK10,true,,0
illustra-ifs02-p07-iia4,Illustra,IFS02-P07-IIA4,ptz,1080p,2,"Sony 1/2.8"" Progressive Scan CMOS",59.8-2.34 H / 40.5-1.48 V,ir,,IK10,true,,0
illustra-ifs02-p07-oia4,Illustra,IFS02-P07-OIA4,ptz,1080p,2,"Sony 1/2.8"" Progressive Scan CMOS",59.8-2.34 H / 40.5-1.48 V,ir,IP66,IK10,true,,0
illustra-ifs04-p07-ata4,Illustra,IFS04-P07-ATA4,ptz,5MP,5,"Sony 1/2.8"" Progressive Scan CMOS",58.1-2.34 H / 40.5-1.48 V,color,,IK10,true,,0
illustra-ifs04-p07-iia4,Illustra,IFS04-P07-IIA4,ptz,5MP,5,"Sony 1/2.8"" Progressive Scan CMOS",58.1-2.34 H / 40.5-1.48 V,ir,,IK10,true,,0
illustra-ifs04-p07-oia4,Illustra,IFS04-P07-OIA4,ptz,5MP,5,"Sony 1/2.8"" Progressive Scan CMOS",58.1-2.34 H / 40.5-1.48 V,ir,IP66,IK10,true,,0
illustra-ifs05-b12-oib4,Illustra,IFS05-B12-OIB4,bullet,5MP,5,"Sony 1/2.8"" Progressive Scan CMOS",107.4-34.2 H / 56.2-19.2 V,ir,IP67,IK10,true,,0
illustra-ifs05-b31-oib4,Illustra,IFS05-B31-OIB4,bullet,5MP,5,"Sony 1/2.8"" Progressive Scan CMOS",50.85-7.7 H / 30.96-4.84 V,ir,IP67,IK10,false,,0
illustra-ifs05-c10-oib4,Illustra,IFS05-C10-OIB4,dome,5MP,5,"Sony 1/2.8"" Progressive Scan CMOS",113.74 H / 61.5 V,ir,IP67,IK10,false,,0
illustra-ifs05-d12-atb4,Illustra,IFS05-D12-ATB4,dome,5MP,5,"Sony 1/2.8"" Progressive Scan CMOS",107.4-34.2 H / 56.2-19.2 V,color,,IK08,true,,0
illustra-ifs05-d12-oib4,Illustra,IFS05-D12-OIB4,dome,5MP,5,"Sony 1/2.8"" Progressive Scan CMOS",107.4-34.2 H / 56.2-19.2 V,ir,IP67,IK10,true,,0
illustra-ifs08-b13-oib4,Illustra,IFS08-B13-OIB4,bullet,4K,8,"Sony 1/1.8"" Progressive Scan CMOS",112.1-47.5 H / 58.0-26.6 V,ir,IP67,IK10,true,,0
illustra-ifs08-c23-oib4,Illustra,IFS08-C23-OIB4,dome,4K,8,"Sony 1/1.8"" Progressive Scan CMOS",109.9 H / 56.7 V,ir,IP67,IK10,false,,0
illustra-ifs08-d13-atb4,Illustra,IFS08-D13-ATB4,dome,4K,8,"Sony 1/1.8"" Progressive Scan CMOS",112.1-47.5 H / 58.0-26.6 V,color,,IK08,true,,0
illustra-ifs08-d13-oib4,Illustra,IFS08-D13-OIB4,dome,4K,8,"Sony 1/1.8"" Progressive Scan CMOS",112.1-47.5 H / 58.0-26.6 V,ir,IP67,IK10,true,,0
illustra-ifs10-m10-oia4,Illustra,IFS10-M10-OIA4,dual-lens,10MP,10,"2x 5MP Sony 1/2.8"" Progressive Scan CMOS",99.7-45.5 H / 68.1-32.7 V,ir,IP67,IK10,true,,0
illustra-ifs10-m10-ota4,Illustra,IFS10-M10-OTA4,dual-lens,10MP,10,"2x 5MP Sony 1/2.8"" Progressive Scan CMOS",99.7-45.5 H / 68.1-32.7 V,color,IP67,IK10,true,,0
illustra-ifs16-m10-oia4,Illustra,IFS16-M10-OIA4,dual-lens,16MP,16,"2x 8MP Sony 1/1.8"" Progressive Scan CMOS",104.4-47.2 H / 53.9-26.3 V,ir,IP67,IK10,true,,0
illustra-ip5m-15pnt,Illustra,IP5M-15PNT,panoramic,15MP,14.47,"5MP x3 Sony 1/2.8"" Progressive Scan CMOS",188 H / 74 V,ir,IP67,IK10,true,,0
illustra-ip5m-20ffq,Illustra,IP5M-20FFQ,panoramic,20MP,20,"4x 5MP Sony 1/2.8"" Progressive Scan CMOS",100.8 H / 74.7 V,ir,IP67,IK10,true,,0
illustra-ip5m-20mvq,Illustra,IP5M-20MVQ,panoramic,20MP,20,"4x 5MP Sony 1/2.8"" Progressive Scan CMOS",99.7-45.5 H / 68.1-32.7 V,ir,IP67,IK10,true,,0
illustra-ipr20-m12-oia4,Illustra,IPR20-M12-OIA4,panoramic,20MP,20,"4x 5MP Sony 1/2.8"" CMOS",103 H / 74 V,ir,IP66,IK10,true,,0
illustra-ipr32-m13-oia4,Illustra,IPR32-M13-OIA4,panoramic,32MP,32,"4x 8MP Sony 1/1.8"" CMOS",95 H / 53 V,ir,IP66,IK10,true,,0
illustra-ips02-b12-oia4,Illustra,IPS02-B12-OIA4,bullet,1080p,2,"Sony 1/2.8"" progressive scan ultra-lowlight CMOS",103.8-33.8 H / 55-19 V,ir,IP67,IK10,true,,0
illustra-ips02-b15-oia4,Illustra,IPS02-B15-OIA4,bullet,1080p,2,"Sony 1/2.8"" progressive scan ultra-lowlight CMOS",65-7 H / 39-4 V,ir,IP67,IK10,true,,0
illustra-ips02-c10-oia4,Illustra,IPS02-C10-OIA4,dome,1080p,2,"Sony 1/2.8"" progressive scan ultra-lowlight CMOS",105 H / 59 V,ir,IP67,IK10,true,,0
illustra-ips02-d12-oi04,Illustra,IPS02-D12-OI04,dome,1080p,2,"Sony 1/2.8"" progressive scan ultra-lowlight CMOS",112 H / 58 V,ir,IP67,IK10,true,,0
illustra-ips02-d17-oi04,Illustra,IPS02-D17-OI04,dome,1080p,2,"Sony 1/2.8"" progressive scan ultra-lowlight CMOS",40 H / 21 V,ir,IP67,IK10,true,,0
illustra-ips02-p07-rt04,Illustra,IPS02-P07-RT04,ptz,1080p,2,"Sony 1/2.8"" CMOS",60-5 H / 37-3 V,color,,IK10,true,,0
illustra-ips02-p24-oi04,Illustra,IPS02-P24-OI04,ptz,1080p,2,"Sony 1/2.8"" CMOS",43-1.6 H / 24-0.9 V,ir,IP66,IK10,true,,0
illustra-ips04-b12-oia4,Illustra,IPS04-B12-OIA4,bullet,5MP,5,"Sony 1/2.8"" progressive scan ultra-lowlight CMOS",101-31.8 H / 54-18 V,ir,IP67,IK10,true,,0
illustra-ips04-b12-ota4,Illustra,IPS04-B12-OTA4,bullet,5MP,5,"Sony 1/2.8"" progressive scan ultra-lowlight CMOS",101-31.8 H / 54-18 V,color,IP67,IK10,true,,0
illustra-ips04-b16-oia4,Illustra,IPS04-B16-OIA4,bullet,5MP,5,"Sony 1/2.8"" progressive scan ultra-lowlight CMOS",21.8-5.6 H / 16.2-4.3 V,ir,IP67,IK10,true,,0
illustra-ips04-c10-oia4,Illustra,IPS04-C10-OIA4,dome,5MP,5,"Sony 1/2.8"" progressive scan ultra-lowlight CMOS",101 H / 75 V,ir,IP67,IK10,true,,0
illustra-ips04-d12-oi04,Illustra,IPS04-D12-OI04,dome,5MP,5,"Sony 1/2.8"" progressive scan ultra-lowlight CMOS",103 H / 74 V,ir,IP67,IK10,true,,0
illustra-ips04-d14-oi04,Illustra,IPS04-D14-OI04,dome,5MP,5,"Sony 1/2.8"" progressive scan ultra-lowlight CMOS",40 H / 30 V,ir,IP67,IK10,true,,0
illustra-ips05-b12-lpr4,Illustra,IPS05-B12-LPR4,bullet,5MP,5,"Sony 1/2.8"" progressive scan ultra-lowlight CMOS",103.8-33.8 H / 55-19 V,ir,IP67,IK10,true,,0
illustra-ips05-b16-lpr4,Illustra,IPS05-B16-LPR4,bullet,5MP,5,"Sony 1/2.8"" progressive scan ultra-lowlight CMOS",21.8-5.6 H / 16.2-4.3 V,ir,IP67,IK10,true,,0
illustra-ips05-d12-lpr4,Illustra,IPS05-D12-LPR4,dome,5MP,5,"Sony 1/2.8"" progressive scan CMOS",103-33 H / 74-25 V,ir,IP67,IK10,true,,0
illustra-ips05-r10-oia4,Illustra,IPS05-R10-OIA4,box,5MP,5,"Sony 1/2.8"" progressive scan ultra-lowlight CMOS",132 H / 97 V,ir,IP68,IK11,true,,0
illustra-ips08-b13-oia4,Illustra,IPS08-B13-OIA4,bullet,4K,8,"Sony 1/1.8"" progressive scan ultra-lowlight CMOS",102-47.8 H / 57.8-27.8 V,ir,IP67,IK10,true,,0
illustra-ips08-b16-oia4,Illustra,IPS08-B16-OIA4,bullet,4K,8,"Sony 1/1.8"" progressive scan ultra-lowlight CMOS",34.2-8.3 H / 20-5.6 V,ir,IP67,IK10,true,,0
illustra-ips08-c10-oia4,Illustra,IPS08-C10-OIA4,dome,4K,8,"Sony 1/1.8"" progressive scan ultra-lowlight CMOS",110 H / 57 V,ir,IP67,IK10,true,,0
illustra-ips08-d13-oi04,Illustra,IPS08-D13-OI04,dome,4K,8,"Sony 1/1.8"" progressive scan ultra-lowlight CMOS",95 H / 53 V,ir,IP67,IK10,true,,0
illustra-ips08-d14-oi04,Illustra,IPS08-D14-OI04,dome,4K,8,"Sony 1/1.8"" progressive scan ultra-lowlight CMOS",50 H / 28 V,ir,IP67,IK10,true,,0
illustra-ips08-p25-oi04,Illustra,IPS08-P25-OI04,ptz,4K,8,"Sony 1/1.8"" CMOS",61.9-3.4 H / 36.2-1.7 V,ir,IP66,IK10,true,,0
illustra-ips08-p25-rt04,Illustra,IPS08-P25-RT04,ptz,4K,8,"Sony 1/1.8"" CMOS",61.9-3.4 H / 36.2-1.7 V,color,,IK10,true,,0
illustra-ips12-f27-oia4,Illustra,IPS12-F27-OIA4,fisheye,12MP,12,"Sony IMX412 1/2.3"" CMOS",180,ir,IP67,IK10,true,,0
illustra-ips20-m12-oia4,Illustra,IPS20-M12-OIA4,panoramic,20MP,20,"4x 5MP Sony 1/2.8"" CMOS",103 H / 74 V,ir,IP66,IK10,true,,0
illustra-ips20-m12-ota4,Illustra,IPS20-M12-OTA4,panoramic,20MP,20,"4x 5MP Sony 1/2.8"" CMOS",103 H / 74 V,color,IP66,IK10,true,,0
illustra-ips32-m13-oia4,Illustra,IPS32-M13-OIA4,panoramic,32MP,32,"4x 8MP Sony 1/1.8"" CMOS",95 H / 53 V,ir,IP66,IK10,true,,0
illustra-ips32-m13-ota4,Illustra,IPS32-M13-OTA4,panoramic,32MP,32,"4x 8MP Sony 1/1.8"" CMOS",95 H / 53 V,color,IP66,IK10,true,,0
imilab-c21,IMILAB,C21,ptz,2.5K (4MP),4,,,ir,,,true,,0
imou-a1-pro-4k,IMOU,A1 Pro 4K,ptz,4K,8,,91 H; pan 355 / tilt -5~80,hybrid,,,true,,0
imou-aov-dual,IMOU,AOV Dual,dual-lens,3K (5MP dual-lens),5,,,hybrid,,,true,,0
imou-aov-pt-4k,IMOU,AOV PT 4K,ptz,4K,8,"1/3"" Progressive CMOS",89 H / 46 V / 105 D; pan 340 / tilt 90,hybrid,,,true,,0
imou-aov-pt-5mp,IMOU,AOV PT 5MP,ptz,5MP,5,"1/3"" Progressive CMOS",76 H / 41 V / 91 D; pan 340 / tilt 90,hybrid,IP66,,true,,0
imou-aov-pt-lite,IMOU,AOV PT Lite 5MP,ptz,5MP,5,"1/3"" Progressive CMOS",76 H / 41 V / 91 D; pan 340 / tilt 90,hybrid,IP66,,true,,0
imou-aov-pt-pro,IMOU,AOV PT Pro 5MP,ptz,5MP,5,"1/1.8"" Progressive CMOS",107 D; pan 340 / tilt 0-90,hybrid,IP66,,true,,0
imou-bullet-2-4mp,IMOU,Bullet 2 4MP,bullet,4MP,4,"1/2.7"" progressive CMOS",107h,hybrid,IP67,,false,2023,0
imou-bullet-2-pro-4mp,IMOU,Bullet 2 Pro 4MP,bullet,4MP,4,"1/2.7"" CMOS",108 H / 56 V / 128 D,hybrid,IP67,,true,,0
imou-bullet-2c-5mp,IMOU,Bullet 2C 5MP,bullet,5MP/3K,5,"1/3.2"" progressive CMOS (3MP variant)",100 H / 54 V / 117 D,ir,IP67,,false,,0
imou-bullet-2c-pro-5mp,IMOU,Bullet 2C Pro 5MP,bullet,5MP/3K,5,"1/2.9"" progressive CMOS (3MP variant)",100 H / 54 V / 117 D,ir,IP67,,false,,0
imou-bullet-2e-5mp,IMOU,Bullet 2E 5MP,bullet,5MP 3K,5,"1/2.7"" CMOS",102 horizontal,color,IP67,,false,2023,0
imou-bullet-2e-pro-5mp,IMOU,Bullet 2E Pro 5MP,bullet,5MP/3K,5,"1/2.9"" progressive CMOS (3MP variant)",96 H / 52 V / 111 D,ir,IP67,,false,,0
imou-bullet-3-5mp,IMOU,Bullet 3 5MP,bullet,5MP/3K,5,"1/3"" 5MP progressive CMOS",104 H,hybrid,IP67,,true,,0
imou-bullet-3c-5mp,IMOU,Bullet 3C 5MP,bullet,5MP/3K,5,,,ir,IP67,,true,,0
imou-cell-2,IMOU,Cell 2,bullet,4MP/2.5K,4,"1/2.9"" CMOS",110 H,hybrid,IP65,,true,,0
imou-cell-3,IMOU,Cell 3,bullet,2K/3MP,3,"1/2.8"" Progressive CMOS",98 H / 54 V / 121 D,hybrid,IP66,,true,,0
imou-cell-3c-5mp,IMOU,Cell 3C 5MP,bullet,5MP/3K,5,"1/2.8"" Progressive CMOS",98 H / 54 V / 121 D,hybrid,IP66,,true,,0
imou-cell-3c-all-in-one-5mp,IMOU,Cell 3C All In One 5MP,bullet,5MP/3K,5,"1/2.8"" Progressive CMOS",98 H / 54 V / 121 D,hybrid,IP66,,true,,0
imou-cell-go,IMOU,Cell Go,bullet,2K/3MP,3,"1/2.8"" CMOS",108h,color,IP66,,false,2023,0
imou-cell-go-full-color,IMOU,Cell Go Full Color,bullet,2K/3MP,3,,98 H,color,IP65,,true,,0
imou-cell-pt,IMOU,Cell PT,ptz,2K/3MP,3,,pan 360 / tilt,hybrid,IP66,,true,,0
imou-cell-pt-2c-5mp,IMOU,Cell PT 2C 5MP,ptz,5MP/3K,5,,pan 350 / tilt 90,hybrid,,,true,,0
imou-cell-pt-4g-2nd,IMOU,Cell PT 4G (2nd Gen),ptz,2K/3MP,3,"1/2.8"" Progressive CMOS",88 H / 45 V / 107 D; pan 330 / tilt 90,ir,IP66,,true,,0
imou-cell-pt-lite,IMOU,Cell PT Lite,ptz,2K/3MP,3,,88 H / 45 V; pan 330 / tilt 90,hybrid,IP66,,true,,0
imou-cruiser,IMOU,Cruiser 4MP,ptz,4MP,4,"1/2.7"" progressive CMOS",105 diagonal; pan 355 / tilt 0-90,ir,IP66,,true,,0
imou-cruiser-2-5mp,IMOU,Cruiser 2 5MP,ptz,5MP/3K,5,"1/2.7"" progressive CMOS",pan 340 / tilt 0-90,color,IP66,,true,2024,0
imou-cruiser-2c-5mp,IMOU,Cruiser 2C 5MP,ptz,5MP/3K,5,"1/3"" 5MP progressive CMOS",78 H / 41 V / 94 D; pan 355 / tilt 0-90,hybrid,IP66,,true,,0
imou-cruiser-4g,IMOU,Cruiser 4G,ptz,1080p,2,,355 pan/90 tilt,color,IP66,,false,2023,0
imou-cruiser-dual,IMOU,Cruiser Dual 6MP,dual-lens,6MP (3MP+3MP),6,"1/2.8"" 3MP progressive CMOS (per lens)",78 H (per lens); PT lens pan 355 / tilt 0-90,hybrid,IP66,,true,,0
imou-cruiser-dual-2,IMOU,Cruiser Dual 2 10MP,dual-lens,10MP (5MP+5MP),10,"1/3.06"" 5MP progressive CMOS (per lens)",fixed lens pan 0-260; PT lens pan 355 / tilt 0-90,hybrid,IP66,,true,,0
imou-cruiser-dual-2c-4g,IMOU,Cruiser Dual 2C 4G 6MP,dual-lens,6MP (3MP+3MP),6,"1/3"" 3MP progressive CMOS (per lens)",80 H / 43 V / 93 D (each lens); PT pan 355 / tilt 0-90,hybrid,IP65,,true,,0
imou-cruiser-pano-z,IMOU,Cruiser Pano Z 13MP,dual-lens,13MP (2x4MP pano + 5MP PT zoom),13,"fixed 1/3"" 4MP CMOS x2; PT 1/3"" 5MP CMOS",panoramic 158 H; PT lens 12x mixed zoom,hybrid,IP66,,true,,0
imou-cruiser-sc-4g-5mp,IMOU,Cruiser SC 4G 5MP,ptz,5MP,5,"1/3"" 5MP progressive CMOS",73 H / 40 V / 89 D; pan 355 / tilt 0-90,hybrid,IP66,,true,,0
imou-cruiser-sc-8mp,IMOU,Cruiser SC 8MP,ptz,4K/8MP,8,"1/2.7"" progressive CMOS",105 diagonal; pan 355 / tilt 0-90,hybrid,IP66,,true,,0
imou-cruiser-se-plus,IMOU,Cruiser SE+,ptz,4MP,4,"1/3"" progressive CMOS",79 H / 44 V / 94 D; pan 355 / tilt 0-90,color,IP66,,false,2023,0
imou-cruiser-triple,IMOU,Cruiser Triple 11MP,dual-lens,11MP (2x3MP fixed + 5MP PT),11,"fixed 1/2.8"" 3MP CMOS x2; PT 1/3.06"" 5MP CMOS",fixed 87 H / PT 51 H; PT lens pan 355 / tilt 0-90,hybrid,IP66,,true,,0
imou-cruiser-z-5mp,IMOU,Cruiser Z 5MP,ptz,5MP/3K,5,"1/3"" 5MP progressive CMOS",wide 95.3 H + tele 24.4 H; pan 355 / tilt 0-90,hybrid,IP66,,true,,0
imou-dk3-3mp,IMOU,DK3 3MP,bullet,3MP,3,"1/2.8"" CMOS",104 diagonal,ir,IP67,,true,,0
imou-dk7-5mp,IMOU,DK7 5MP,ptz,5MP,5,"1/2.8"" CMOS",pan 355 / tilt 0-90,hybrid,IP66,,true,,0
imou-indoor-2k,IMOU,Indoor 2K,ptz,2K/3MP,3,"1/2.8"" CMOS",107h,ir,IP20,,true,2023,0
imou-knight-8mp,IMOU,Knight 8MP,bullet,4K/8MP,8,"1/2.8"" 8MP progressive CMOS",107 H / 56 V / 127 D,hybrid,IP66,,true,,0
imou-ps2m-5mp,IMOU,PS2M 5MP (Ranger Mini),ptz,5MP/3K,5,"1/3"" progressive CMOS",102 diagonal,hybrid,,,true,,0
imou-ps3d-5mp,IMOU,PS3D 5MP,bullet,5MP/3K,5,"1/3"" progressive scan CMOS",,hybrid,IP67,,false,,0
imou-ps3e-8mp,IMOU,PS3E 8MP,bullet,4K/8MP,8,"1/3"" progressive scan CMOS",129 diagonal,hybrid,IP67,,true,,0
imou-ps70f-10mp,IMOU,PS70F 5MP+5MP,dual-lens,10MP (5MP+5MP),10,"1/3"" progressive scan CMOS (per lens)",91 diagonal (per lens); PT pan 355 / tilt 0-90,hybrid,IP66,,true,,0
imou-ps7f-5mp,IMOU,PS7F 5MP,ptz,5MP,5,"1/3"" progressive scan CMOS",76 H / 41 V / 91 D; pan 355 / tilt 0-90,hybrid,IP67,,true,,0
imou-ps8d-5mp,IMOU,PS8D 5MP,turret,5MP/3K,5,"1/3"" progressive scan CMOS",,hybrid,IP67,,true,,0
imou-ranger-2,IMOU,Ranger 2,ptz,1080p HD,2,"1/2.7"" CMOS",355 pan / 85 tilt,ir,IP20,,true,2021,0
imou-ranger-2-4mp,IMOU,Ranger 2 4MP,ptz,4MP,4,"1/2.7"" Progressive CMOS",85 H / 109 D; pan 355 / tilt -5~80,ir,,,true,,0
imou-ranger-2-pro-4k,IMOU,Ranger 2 Pro 4K,ptz,4K,8,"1/2.7"" Progressive CMOS",89 H; pan 355 / tilt -5~80,hybrid,,,true,,0
imou-ranger-2c-pro-4k,IMOU,Ranger 2C Pro 4K,ptz,4K,8,"1/2.7"" Progressive CMOS",89 H / 45 V / 105 D; pan 355 / tilt -5~80,hybrid,,,true,,0
imou-ranger-rc-r1,IMOU,Ranger RC-R1,ptz,5MP (3MP/4MP/5MP variants),5,"1/3"" Progressive CMOS",88-91 H / 47 V / 107 D; pan 355 / tilt -10~70,ir,,,true,2026,0
imou-ranger-s2,IMOU,Ranger S2,ptz,3MP 2K,3,"1/2.7"" CMOS",355 pan / 90 tilt,ir,IP20,,true,2024,0
imou-rex-3d-r1-5mp,IMOU,Rex 3D-R1 5MP,turret,5MP,5,"1/2.8"" CMOS",77 H / 40 V / 91 D; pan 355 / tilt 0~90,ir,,,true,,0
imou-titan-pro-6mp,IMOU,Titan Pro 6MP,ptz,6MP/3K,6,"1/1.8"" CMOS",pan 340 / tilt 0-90,hybrid,,,true,,0
imou-versa-2mp,IMOU,Versa 2MP,bullet,1080p,2,"1/2.8"" 2MP progressive CMOS",97 H,hybrid,IP67,,true,,0
instar-in-8003-full-hd,INSTAR,IN-8003 Full HD,box,1080p Full HD,2,Panasonic WDR CMOS (1080p),,ir,,,false,,0
instar-in-8015-full-hd,INSTAR,IN-8015 Full HD,ptz,1080p Full HD,2,"1/3"" Panasonic WDR CMOS, OmniPixel3-HS 4.3-micron pixel, 115dB dynamic range","Pan 350 / Tilt 100 (remote-controlled, no optical zoom)",ir,,,true,,0
instar-in-8401-2k-plus,INSTAR,IN-8401 2K+,box,2K+/WQHD,4,Sony STARVIS CMOS (2K+ line),,ir,,,false,,0
instar-in-8403-2k-plus,INSTAR,IN-8403 2K+,dome,2K+/WQHD,4,"Sony STARVIS CMOS (2K+ line, 1440p chipset)",,hybrid,,,false,,0
instar-in-8415-2k-plus,INSTAR,IN-8415 2K+,ptz,2K+/WQHD,4,Sony STARVIS CMOS (2K+ line),,ir,,,true,,0
instar-in-8815-4k,INSTAR,IN-8815 4K,ptz,4K/QFHD,8,Sony STARVIS CMOS (4K),,ir,,,true,,0
instar-in-9008-full-hd,INSTAR,IN-9008 Full HD,bullet,1080p Full HD,2,Panasonic WDR CMOS (1080p),90 diagonal,ir,,,false,,0
instar-in-9020-full-hd,INSTAR,IN-9020 Full HD,ptz,1080p Full HD,2,"1/3"" Panasonic WDR CMOS (1080p)","36-120 diagonal (autofocus varifocal, 4x optical zoom)",ir,,,false,,0
instar-in-9408-2k-plus,INSTAR,IN-9408 2K+,bullet,2K+/WQHD,4,"1/3"" Sony STARVIS IMX335 CMOS",90 diagonal,ir,,,false,,0
instar-in-9420-2k-plus,INSTAR,IN-9420 2K+,ptz,2K+/WQHD,4,Panasonic WQHD CMOS (STARVIS-class),"36-120 diagonal (autofocus varifocal, 5x optical zoom)",hybrid,IP66,,true,,0
instar-in-9808-4k,INSTAR,IN-9808 4K,bullet,4K/QFHD,8,Sony STARVIS CMOS (4K),,,,,false,,0
instar-in-9820-4k,INSTAR,IN-9820 4K,ptz,4K/QFHD,8,Sony STARVIS CMOS (4K),"30-130 diagonal (autofocus varifocal, 5x optical zoom)",hybrid,,,true,,0
intelbras-im3-wifi-indoor,Intelbras,iM3,dome,1080p HD,2,"1/2.7"" Progressive CMOS",131 diagonal (SuperWide),ir,IP20,,true,2022,0
intelbras-im5-wifi-outdoor,Intelbras,iM5,bullet,1080p,2,CMOS,107 horizontal,color,IP67,,false,2024,0
intelbras-vip-1230-b-g4,Intelbras,VIP 1230 B G4,bullet,1080p HD,2,"1/2.8"" Progressive Scan CMOS",103 horizontal (2.8mm),ir,IP67,,false,2022,0
intelbras-vip-1230-d-g5,Intelbras,VIP 1230 D G5,dome,1080p HD,2,"1/2.8"" CMOS",103 horizontal,ir,IP67,,false,2023,0
intelbras-vip-1430-b-g2,Intelbras,VIP 1430 B G2,bullet,4MP QHD,4,"1/2.7"" CMOS",106 horizontal,ir,IP67,,false,2023,0
intelbras-vip-3230-b-sl,Intelbras,VIP 3230 B SL,bullet,1080p HD,2,,103h,color,IP67,,true,2023,0
intelbras-vip-3830-b-ai,Intelbras,VIP 3830 B AI,bullet,4K UHD,8,,107h,color,IP67,,false,2024,0
intelbras-vip-s4020-g2,Intelbras,VIP-S4020-G2,dome,720p,1,,107h,ir,IP67,IK10,false,2022,0
invid-tech-elev-alldir2812d,InVid Tech,ELEV-ALLDIR2812D,dome,2MP,2,"1/2.9"" Sony CMOS",H: 100-32,ir,,,,,0
invid-tech-elev-c5lirn,InVid Tech,ELEV-C5LIRN,turret,5MP,5,"1/2.8"" 5MP Sony CMOS",H: 105,ir,IP66,,,,0
invid-tech-invid-ms-c2941-x42rpe,InVid Tech,INVID-MS-C2941-X42RPE,ptz,2MP,2,"1/2.8"" Progressive Scan CMOS",H: 45-2,ir,IP66,IK10,true,,0
invid-tech-invid-ms-c2972-rfpe,InVid Tech,INVID-MS-C2972-RFPE,dome,2MP,2,"1/2.8"" Progressive Scan CMOS",H: 115-34,ir,IP67,IK10,,,0
invid-tech-invid-ms-c4441-x36rpe,InVid Tech,INVID-MS-C4441-X36RPE,ptz,4MP,4,"1/1.8"" Progressive Scan CMOS",H: 63-3,ir,IP66,IK10,true,,0
invid-tech-invid-ms-c4471-x20rpe,InVid Tech,INVID-MS-C4471-X20RPE,ptz,4MP,4,"1/1.8"" Progressive Scan CMOS",H: 60-3,ir,IP66,IK10,true,,0
invid-tech-invid-ms-c5321-fpe,InVid Tech,INVID-MS-C5321-FPE,panoramic,5MP,5,"1/2.8"" Progressive Scan CMOS",H: 92-40,ir,IP66,IK10,true,,0
invid-tech-invid-ms-c5364-pd,InVid Tech,INVID-MS-C5364-PD,bullet,5MP,5,"1/2.8"" Progressive Scan CMOS",H: 105 (2.8mm),ir,IP67,IK10,,,0
invid-tech-invid-ms-c5366-fpe,InVid Tech,INVID-MS-C5366-FPE,bullet,5MP,5,"1/2.8"" Progressive Scan CMOS",H: 113-16,ir,IP67,IK10,true,,0
invid-tech-invid-ms-c5366-x12pe,InVid Tech,INVID-MS-C5366-X12PE,bullet,5MP,5,"1/2.8"" Progressive Scan CMOS",H: 57-4,ir,IP67,IK10,true,,0
invid-tech-invid-ms-c5372-fpe,InVid Tech,INVID-MS-C5372-FPE,dome,5MP,5,"1/2.8"" Progressive Scan CMOS",H: 89-15,ir,IP67,IK10,,,0
invid-tech-invid-ms-c5375-pd,InVid Tech,INVID-MS-C5375-PD,dome,5MP,5,"1/2.8"" Progressive Scan CMOS",H: 105-52,ir,IP67,IK10,,,0
invid-tech-invid-ms-c5383-pd,InVid Tech,INVID-MS-C5383-PD,dome,5MP,5,"1/2.8"" Progressive Scan CMOS",H: 105-52,ir,,,,,0
invid-tech-invid-ms-c8164-fpe,InVid Tech,INVID-MS-C8164-FPE,bullet,4K,8,"1/2.8"" Progressive Scan CMOS",H107-H33 / D125-D37 / V58-V18,ir,IP67,IK10,true,,0
invid-tech-invid-ms-c8164-pd,InVid Tech,INVID-MS-C8164-PD,bullet,4K,8,"1/2.8"" Progressive Scan CMOS",H110 / D126 / V60,ir,IP67,IK10,,,0
invid-tech-invid-ms-c8165-pe,InVid Tech,INVID-MS-C8165-PE,bullet,4K,8,"1/2.8"" Progressive Scan CMOS",H180 / V86,ir,IP67,IK10,,,0
invid-tech-invid-ms-c8173-pd,InVid Tech,INVID-MS-C8173-PD,dome,4K,8,"1/2.8"" Progressive Scan CMOS",H110 / D126 / V60,ir,IP67,IK10,true,,0
invid-tech-invid-ms-c8175-pd,InVid Tech,INVID-MS-C8175-PD,dome,4K,8,"1/2.8"" Progressive Scan CMOS",H110 / D126 / V60,ir,IP67,IK10,,,0
invid-tech-invid-ms-c8176-pe,InVid Tech,INVID-MS-C8176-PE,panoramic,4K,8,"1/2.8"" Progressive Scan CMOS","H180, V86",ir,IP67,IK10,,,0
invid-tech-invid-ms-c8183-pd,InVid Tech,INVID-MS-C8183-PD,dome,4K,8,"1/2.8"" Progressive Scan CMOS","H110/D126/V60 (2.8mm), H91/D106/V50 (4mm), H55/D63/V32 (6mm)",ir,,,,,0
invid-tech-invid-ms-c8274-pa,InVid Tech,INVID-MS-C8274-PA,fisheye,4K,8,"1/1.8"" Progressive Scan CMOS","Ceiling 360, Wall 180, Flat 360",ir,IP67,IK10,true,,0
invid-tech-invid-ms-c8477-hpg1,InVid Tech,INVID-MS-C8477-HPG1,panoramic,8MP,8,"Dual 1/1.8"" Progressive Scan CMOS","H180, V58",color,IP67,IK10,,,0
invid-tech-invid-ms-c9674-pa,InVid Tech,INVID-MS-C9674-PA,fisheye,12MP,12,"1/1.7"" Progressive Scan CMOS","Ceiling 360, Wall 180, Flat 360",ir,IP67,IK10,true,,0
invid-tech-invid-ms-cq5472-hpg1,InVid Tech,INVID-MS-CQ5472-HPG1,dome,5MP,5,"1/2.65"" Progressive Scan CMOS","H111/V58.5/D136 (2.8mm), H92/V50/D108.5 (4mm)",color,IP67,IK10,true,,0
invid-tech-invid-ms-cq8231-hypg1,InVid Tech,INVID-MS-CQ8231-HYPG1,turret,8MP,8,"1/1.8"" Progressive Scan CMOS","H: 112 (2.8mm), 93 (4mm)",ir,IP67,IK10,true,,0
invid-tech-invid-ms-cq8272-hpg1,InVid Tech,INVID-MS-CQ8272-HPG1,dome,8MP,8,"1/1.8"" Progressive Scan CMOS","H: 112 (2.8mm), 93 (4mm)",ir,IP67,IK10,,,0
invid-tech-invid-ts2966-x12tpe,InVid Tech,INVID-TS2966-X12TPE,bullet,2MP,2,"1/2.8"" Progressive Scan CMOS",H: 61-5,ir,IP67,IK10,true,,0
invid-tech-invid-ts4466-x4rvpe,InVid Tech,INVID-TS4466-X4RVPE,bullet,4MP,4,"1/1.8"" Progressive Scan CMOS",H: 44-13,ir,IP67,,true,,0
invid-tech-invid-ts5366-x12pe,InVid Tech,INVID-TS5366-X12PE,bullet,5MP,5,"1/2.8"" Progressive Scan CMOS",H: 57-4,ir,IP67,IK10,true,,0
invid-tech-par-all5bira27135d,InVid Tech,PAR-ALL5BIRA27135D,bullet,5MP,5,"1/2.8"" 5MP Sony CMOS",H: 108-27,ir,IP67,,,,0
invid-tech-par-allbira650dn,InVid Tech,PAR-ALLBIRA650DN,bullet,5MP,5,"1/2.8"" 5MP Sony CMOS",H: 53-9,ir,IP67,,,,0
invid-tech-par-c5bir36awl,InVid Tech,PAR-C5BIR36AWL,bullet,5MP,5,"1/2.5"" CMOS","H: 79, V: 63.4, D: 91.7",color,IP67,,,,0
invid-tech-par-c5bira28,InVid Tech,PAR-C5BIRA28,bullet,5MP,5,"1/2.5"" CMOS",,ir,IP67,,,,0
invid-tech-par-c8bir28,InVid Tech,PAR-C8BIR28,bullet,8MP,8,"1/2.5"" CMOS",,ir,IP67,,,,0
invid-tech-par-p12bira2812nh-ai,InVid Tech,PAR-P12BIRA2812NH-AI,bullet,12MP,12,"1/1.7"" CMOS","H: 96-46, V: 70-35, D: 128-58",ir,IP67,,,,0
invid-tech-par-p12drira2812nh-ai,InVid Tech,PAR-P12DRIRA2812NH-AI,dome,12MP,12,"1/1.7"" CMOS","H: 96-46, V: 70-35, D: 128-58",ir,IP67,IK10,,,0
invid-tech-seca-p4txir28,InVid Tech,SECA-P4TXIR28,turret,4MP,4,"1/2.8"" Progressive Scan CMOS","H: 93.4, V: 69.1",ir,IP66,,,,0
invid-tech-seca-p8bxira27135,InVid Tech,SECA-P8BXIRA27135,bullet,8MP,8,"1/2.8"" Progressive Scan CMOS","H: 98.1-30.9, V: 52.6-17.3",ir,IP67,,,,0
invid-tech-vis-p4multi160-wl,InVid Tech,VIS-P4MULTI160-WL,panoramic,4MP,4,"1/2.9"" 4.0 megapixel progressive scan CMOS","H: 160, V: 43.22, D: 180.13",color,IP67,,true,,0
ipc-hdbw71242e1-z-x,Dahua,IPC-HDBW71242E1-Z-X,dome,12MP,12,"1/1.7"" CMOS",106-45 horizontal (wide-tele),ir,IP67,IK10,true,2026,0
ipc-hdbw7442e1-z-x,Dahua,IPC-HDBW7442E1-Z-X,dome,4MP,4,"1/1.8"" CMOS",107-48 horizontal (wide-tele),ir,IP67,IK10,true,2026,0
ipc-hdbw7842e1-z-x,Dahua,IPC-HDBW7842E1-Z-X,dome,4K,8,"1/1.8"" CMOS",105-48 horizontal (wide-tele),ir,IP67,IK10,true,2026,0
ipc-hdbw7842e1-z4-x,Dahua,IPC-HDBW7842E1-Z4-X,dome,4K,8,"1/1.8"" CMOS",42-15 horizontal (wide-tele),ir,IP67,IK10,true,2026,0
ipc-hdw1230dt-saw,Dahua,IPC-HDW1230DT-SAW,turret,1080p,2,"1/3"" CMOS",100 horizontal (2.8mm) / 86 horizontal (3.6mm),ir,IP67,,false,2026,0
ipc-hfw1230ds1-saw,Dahua,IPC-HFW1230DS1-SAW,bullet,1080p,2,"1/3"" CMOS",100 horizontal (2.8mm) / 86 horizontal (3.6mm),ir,IP67,,false,2026,0
ipc-hfw1339dtk1-saw-il,Dahua,IPC-HFW1339DTK1-SAW-IL,bullet,3MP,3,"1/2.8"" CMOS",103 horizontal (2.8mm) / 85 horizontal (3.6mm),hybrid,IP67,,false,2026,0
ipc-hfw1430ds-saw,Dahua,IPC-HFW1430DS-SAW,bullet,4MP,4,"1/3"" CMOS",90 horizontal (2.8mm) / 76 horizontal (3.6mm),ir,IP67,,false,2026,0
ipc-hfw1539dtk1-saw-il,Dahua,IPC-HFW1539DTK1-SAW-IL,bullet,5MP,5,"1/2.7"" CMOS",104 horizontal (2.8mm) / 89 horizontal (3.6mm),hybrid,IP67,,false,2026,0
ipc-hfw71242h-z-x,Dahua,IPC-HFW71242H-Z-X,bullet,12MP,12,"1/1.7"" CMOS",106-45 horizontal (wide-tele),ir,IP67,IK10,true,2026,0
iqinvision-iq032si-3series,IQinVision,IQ032SI,box,HD 1080p,2,,,,,,,2013,0
iqinvision-iq762ni-7series,IQinVision,IQ762NI,box,5 MP,5,,,hybrid,,,true,2013,0
iqinvision-iq862ne-sentinel,IQinVision,IQ862NE,bullet,5 MP,5,,,hybrid,IP66,,,2013,0
iqinvision-iqa32ne-alliance-pro,IQinVision,IQA32NE,dome,5 MP,5,,,hybrid,IP66,,true,2013,0
iqinvision-iqd32sv-alliance-mini,IQinVision,IQD32SV,dome,HD 1080p,2,,,,,,true,2013,0
iqinvision-iqm32ne-alliance-mx,IQinVision,IQM32NE,dome,HD 1080p,2,,,hybrid,IP66,,true,2013,0
jidetech-a268,JideTech,A268,bullet,8MP,8,"1/1.8"" CMOS",,ir,IP67,,true,,0
jidetech-a3238,JideTech,A3238,dome,8MP,8,"1/1.8"" CMOS",,ir,IP67,,true,,0
jidetech-ahdp2-20x-2mpw,JideTech,AHDP2-20X-2MPW,ptz,2MP,2,,355 pan/90 tilt,ir,,,,,0
jidetech-bc10,JideTech,BC10-8MP-WP,bullet,8MP,8,"1/1.8"" 378DE+850SL",89 horizontal,ir,IP67,,true,,0
jidetech-bc2318-wp,JideTech,BC2318-WP,bullet,8MP,8,"1/1.8"" CMOS",2.8mm: 111.0 horizontal / 4mm: 94.2 horizontal,color,IP67,,false,,0
jidetech-bc2v-12mp,JideTech,BC2V-12MP,bullet,12MP,12,"1/2.3"" CMOS SONY IMX577",,hybrid,IP66,,,,0
jidetech-bc7-4mp-dl,JideTech,BC7-4MP-DL,dual-lens,4MP,4,,170 horizontal (dual lens),ir,IP67,,,,0
jidetech-bc7-8mp-dl,JideTech,BC7-8MP-DL,dual-lens,8MP,8,"1/2.7"" GC5623 CMOS",160 horizontal (dual lens),hybrid,IP67,,,,0
jidetech-bl2318-8mp,JideTech,BL2318-8MP,bullet,8MP,8,"1/1.8"" CMOS",111.5 horizontal,color,IP67,,false,,0
jidetech-bl2b28-8mp-ai,JideTech,BL2B28-8MP-AI,bullet,8MP,8,"1/1.8"" CMOS",104.7 to 49.1 horizontal,ir,IP67,,true,,0
jidetech-bl3238-8mp,JideTech,BL3238-8MP,turret,8MP,8,"1/1.8"" CMOS",111.5 horizontal,color,IP67,,false,,0
jidetech-dm12,JideTech,DM12,dual-lens,8MP,8,"1/2.9"" SSC30KQ+GC2063 (4MP) / 1/2.7"" SSC359G+GC5623 (8MP)",180 horizontal (dual lens),hybrid,IP66,,,,0
jidetech-dm15,JideTech,DM15-8MP-WP,turret,8MP,8,"1/1.8"" 378DE+850SL",104 horizontal,hybrid,IP67,,true,,0
jidetech-dm3624-wp,JideTech,DM3624-WP,turret,4MP,4,"1/1.8"" CMOS",2.8mm: 124.3 horizontal / 4mm: 96.1 horizontal,color,IP67,,false,,0
jidetech-ipc3634zp,JideTech,IPC3634ZP,turret,4MP,4,"1/1.8"" CMOS",,hybrid,IP67,,,,0
jidetech-p1-4x-5mpw,JideTech,P1-4X-5MPW,ptz,5MP,5,"1/2.8"" IMX335 CMOS",355 pan/90 tilt,ir,IP66,,true,,0
jidetech-p1-plus-10x-5mpw,JideTech,P1 Plus 10X 5MPW,ptz,5MP,5,"1/2.8"" IMX335 CMOS",355 pan/90 tilt,ir,IP65,,true,,0
jidetech-p1-plus-10x-5mpwb,JideTech,P1 Plus-10X-5MPWB,ptz,5MP,5,,355 pan/90 tilt,ir,IP65,,true,,0
jidetech-p1-plus-5x-8mp,JideTech,P1 Plus-5X-8MP,ptz,8MP,8,"1/2.7"" SSC378DE+GC8613",355 pan/85 tilt,ir,,,true,,0
jidetech-p1-plus-5x-8mpw,JideTech,P1 Plus-5X-8MPW,ptz,8MP,8,,355 pan/90 tilt,ir,IP65,,true,,0
jidetech-p1-plus-black,JideTech,P1 Plus Black,ptz,4K,8,"1/2.7"" SSC378DE + GC8613",355 pan/85 tilt,ir,,,true,,0
jidetech-p10-20x-5mpw,JideTech,P10-20X-5MPW,ptz,5MP,5,"1/2.9"" CMOS",360 pan/90 tilt,hybrid,IP66,,true,,0
jidetech-p10-20x-8mp,JideTech,P10-20X-8MP,ptz,8MP,8,"1/2.8"" 338Q+IMX415",360 pan/90 tilt,hybrid,IP66,,,,0
jidetech-p12,JideTech,P12,ptz,8MP,8,"1/1.8"" Progressive Scan CMOS",360 pan/105 tilt,ir,IP66,,,,0
jidetech-p15-30x-5mp,JideTech,P15-30X-5MP,ptz,5MP,5,"1/2.8"" Progressive Scan CMOS",360 pan/100 tilt,ir,IP66,,,,0
jidetech-p15-plus,JideTech,P15 PLUS,ptz,4MP,4,"1/2.7"" progressive scan CMOS",,ir,IP66,,,,0
jidetech-p16,JideTech,P16,ptz,4MP,4,"1/1.8"" Progressive Scan CMOS",360 pan/100 tilt,ir,,,,,0
jidetech-p2-20x-5mpw,JideTech,P2-20X-5MPW,ptz,5MP,5,"1/2.8"" IMX335 CMOS",360 pan/90 tilt,ir,IP66,,true,,0
jidetech-p2-20x-8mp,JideTech,P2-20X-8MP,ptz,4K,8,"1/2.8"" Sony IMX415 CMOS + SSC338",360 pan/90 tilt,ir,IP66,,true,,0
jidetech-p22-30x-12mp,JideTech,P22-30X-12MP,ptz,12MP,12,"1/2.3"" MSC359G+IMX577",360 pan/90 tilt,hybrid,IP66,,,,0
jidetech-p22-30x-8mp,JideTech,P22-30X-8MP,ptz,8MP,8,"1/2.7"" SSC378DE+GC8613 / 1/2.8"" MSTAR338Q+IMX415 / 1/2.8"" MSTAR339G+IMX415",360 pan/90 tilt,hybrid,IP66,,,,0
jidetech-p22-36x-5mpw,JideTech,P22-36X-5MPW,ptz,5MP,5,,360 pan/90 tilt,hybrid,IP66,,,,0
jidetech-p22-36x-8mp,JideTech,P22-36X-8MP,ptz,8MP,8,"1/2.7"" SSC378DE+GC8613 / 1/2.8"" MSTAR338Q+IMX415 / 1/2.8"" MSTAR339G+IMX415",360 pan/90 tilt,hybrid,IP66,,,,0
jidetech-p23,JideTech,P23,ptz,5MP,5,"1/2.8"" CMOS SigmaStar SSC377 + GC4653",360 pan/95 tilt,hybrid,IP66,,true,,0
jidetech-p25,JideTech,P25,ptz,5MP,5,"1/2.8"" CMOS SigmaStar SSC377 + GC4653",360 pan/95 tilt,hybrid,IP66,,true,,0
jidetech-p2plus-20x-2mpw,JideTech,P2plus-20X-2MPW,ptz,2MP,2,,360 pan/90 tilt,ir,IP66,,true,,0
jidetech-p5-plus-5x-5mpw,JideTech,P5 Plus-5X-5MPW,ptz,5MP,5,,355 pan/90 tilt,ir,,,,,0
jidetech-p5-plus-5x-8mpw,JideTech,P5 Plus 5X 8MPW,ptz,8MP,8,"1/2.8"" IMX415 CMOS",355 pan/90 tilt,ir,,,true,,0
jovision-jvs-a516-hyc,Jovision,JVS-A516-HYC,bullet,5MP,5,"1/2.9"" CMOS",,color,IP66,,,,0
jovision-jvs-a536-hyc,Jovision,JVS-A536-HYC,dome,5MP,5,"1/2.9"" CMOS",,color,,,,,0
jovision-jvs-fr3022,Jovision,JVS-FR3022,dome,2MP,2,"1/2.9"" CMOS",38.3 horizontal / 28.9 vertical,ir,IP66,,false,,0
jovision-jvs-h320c,Jovision,JVS-H320C,ptz,3MP,3,"1/2.9"" CMOS",78.6 horizontal / 42 vertical,hybrid,IP66,,true,,0
jovision-jvs-h950e,Jovision,JVS-H950E,ptz,3MP,3,"1/2.8"" CMOS",87 horizontal / 41 vertical,ir,,,true,,0
jovision-jvs-n3122sl,Jovision,JVS-N3122SL,dome,2MP,2,"1/2.7"" CMOS",92.5 horizontal / 59.9 vertical,ir,IP66,,false,,0
jovision-jvs-n410k-sdl,Jovision,JVS-N410K-SDL,bullet,4K,8,"1/3"" CMOS",78.5 horizontal / 42.8 vertical,hybrid,IP66,,false,,0
jovision-jvs-n415-edl,Jovision,JVS-N415-EDL,bullet,4MP,4,"1/2.9"" CMOS",83.8 horizontal / 42.7 vertical,hybrid,IP66,,false,,0
jovision-jvs-n430k-sdl,Jovision,JVS-N430K-SDL,dome,4K,8,"1/3"" CMOS",78.5 horizontal / 42.8 vertical,hybrid,IP66,,false,,0
jovision-jvs-n433-z5,Jovision,JVS-N433-Z5,ptz,4MP,4,"1/2.9"" CMOS",,ir,IP66,,false,,0
jovision-jvs-n435-edl,Jovision,JVS-N435-EDL,turret,4MP,4,"1/2.9"" CMOS",96 horizontal / 53 vertical,hybrid,IP66,,false,,0
jovision-jvs-n437-pcl,Jovision,JVS-N437-PCL,dome,4MP,4,"1/3"" CMOS",98.4 horizontal / 53.4 vertical,hybrid,IP67,,true,,0
jovision-jvs-n437-vdb,Jovision,JVS-N437-VDB,dome,4MP,4,"1/2.9"" CMOS",101.8 horizontal / 55.6 vertical,ir,IP67,IK10,false,,0
jovision-jvs-n47-x4,Jovision,JVS-N47-X4,ptz,4MP,4,"1/3"" CMOS",78.5 horizontal / 42.8 vertical,hybrid,IP66,,true,,0
jovision-jvs-n510-yws,Jovision,JVS-N510-YWS,bullet,5MP,5,"1/3"" CMOS",104 horizontal,ir,IP66,,false,,0
jovision-jvs-n516-ydl,Jovision,JVS-N516-YDL,bullet,5MP,5,"1/2.8"" CMOS",78.5 horizontal / 42.8 vertical,hybrid,IP66,,false,,0
jovision-jvs-n517-tdl,Jovision,JVS-N517-TDL,bullet,5MP,5,"1/2.66"" CMOS Sensor",95.1 horizontal / 48.5 vertical,hybrid,IP67,,true,,0
jovision-jvs-n517-ydl,Jovision,JVS-N517-YDL,bullet,5MP,5,"1/2.9"" CMOS Sensor",83.4 horizontal / 43.1 vertical,hybrid,IP67,,true,,0
jovision-jvs-n518-zdl,Jovision,JVS-N518-ZDL,bullet,5MP,5,"1/3"" CMOS",101.4 to 26.9 horizontal,hybrid,IP67,,true,,0
jovision-jvs-n519-pwl,Jovision,JVS-N519-PWL,bullet,5MP,5,"1/1.79"" Progressive CMOS",88.9 horizontal / 47.3 vertical,hybrid,IP67,,true,,0
jovision-jvs-n53-z18,Jovision,JVS-N53-Z18,ptz,5MP,5,"1/3"" CMOS",50 horizontal / 29 vertical,hybrid,IP66,,true,,0
jovision-jvs-n53-z30,Jovision,JVS-N53-Z30,ptz,5MP,5,"1/3"" CMOS",50 horizontal / 29 vertical,hybrid,IP66,,true,,0
jovision-jvs-n533-z5,Jovision,JVS-N533-Z5,ptz,5MP,5,"1/2.9"" CMOS",,ir,IP66,,false,,0
jovision-jvs-n537-sdl,Jovision,JVS-N537-SDL,bullet,5MP,5,"1/3"" CMOS",96 horizontal / 53 vertical,hybrid,IP67,,true,,0
jovision-jvs-n538-vdb,Jovision,JVS-N538-VDB,dome,5MP,5,"1/3"" CMOS",103.5 horizontal / 57.9 vertical,hybrid,IP67,IK10,true,,0
jovision-jvs-n59-z40,Jovision,JVS-N59-Z40,ptz,5MP,5,"1/1.8"" CMOS",,hybrid,IP67,,true,,0
jovision-jvs-n617-udl,Jovision,JVS-N617-UDL,bullet,6MP,6,"1/3"" CMOS",81.5 horizontal / 40.3 vertical,hybrid,IP67,,true,,0
jovision-jvs-n637-udl,Jovision,JVS-N637-UDL,turret,6MP,6,"1/3"" CMOS",98.4 horizontal / 53.4 vertical,hybrid,,,true,,0
jovision-jvs-n815-edl,Jovision,JVS-N815-EDL,bullet,2MP,2,"1/2.9"" CMOS",83.8 horizontal / 42.7 vertical,hybrid,IP66,,false,,0
jovision-jvs-n816-edl,Jovision,JVS-N816-EDL,bullet,8MP,8,"1/2.82"" CMOS",87.8 horizontal / 43.4 vertical,hybrid,IP66,,false,,0
jovision-jvs-n817-udl,Jovision,JVS-N817-UDL,bullet,8MP,8,"1/2.82"" CMOS",,hybrid,IP67,,true,,0
jovision-jvs-n818-zdl,Jovision,JVS-N818-ZDL,bullet,4K,8,"1/3"" CMOS",101.4 to 26.9 horizontal,hybrid,IP67,,true,,0
jovision-jvs-n819-lpr,Jovision,JVS-N819-LPR,bullet,8MP,8,"1/2.8"" CMOS",101.4 to 26.9 horizontal / 53.6 to 15.2 vertical,hybrid,IP67,,true,,0
jovision-jvs-n819-zdl,Jovision,JVS-N819-ZDL,bullet,4K,8,"1/2.8"" CMOS",101.4 to 26.9 horizontal,hybrid,IP67,,true,,0
jovision-jvs-n833-z5,Jovision,JVS-N833-Z5,ptz,8MP,8,"1/2.9"" CMOS",,ir,IP66,,false,,0
jovision-jvs-n835-edl,Jovision,JVS-N835-EDL,turret,2MP,2,"1/2.9"" CMOS",96 horizontal / 53 vertical,hybrid,IP66,,false,,0
jovision-jvs-n837-udl,Jovision,JVS-N837-UDL,turret,8MP,8,"1/2.82"" CMOS",104.3 horizontal / 57.9 vertical,hybrid,IP67,,true,,0
jovision-jvs-n837-vdl,Jovision,JVS-N837-VDL,turret,8MP,8,"1/2.82"" CMOS",104.3 horizontal / 57.9 vertical,hybrid,IP67,,true,,0
jovision-jvs-n838-vdb,Jovision,JVS-N838-VDB,dome,8MP,8,"1/3"" CMOS",103.5 horizontal / 57.9 vertical,hybrid,IP67,IK10,true,,0
jovision-jvs-n913-k1-pe,Jovision,JVS-N913-K1-PE,bullet,3MP,3,"1/2.9"" CMOS",78.5 horizontal / 42.8 vertical,ir,IP67,,false,,0
jovision-jvs-n915-xdl,Jovision,JVS-N915-XDL,bullet,3MP,3,"1/2.7"" CMOS",96 horizontal / 53 vertical,hybrid,IP67,,false,,0
jovision-jvs-n916-mdl,Jovision,JVS-N916-MDL,bullet,3MP,3,"1/2.8"" CMOS Sensor",85.5 horizontal / 46.0 vertical,hybrid,IP67,,false,,0
jovision-jvs-n916-ydl,Jovision,JVS-N916-YDL,bullet,3MP,3,"1/2.9"" CMOS",78.5 horizontal / 42.8 vertical,hybrid,IP66,,false,,0
jovision-jvs-n917-jdl,Jovision,JVS-N917-JDL,turret,3MP,3,"1/2.9"" CMOS",83.4 horizontal / 43.1 vertical,hybrid,IP67,,true,,0
jovision-jvs-n917-tdl,Jovision,JVS-N917-TDL,bullet,3MP,3,"1/2.9"" CMOS Sensor",83.8 horizontal / 42.7 vertical,hybrid,IP67,,true,,0
jovision-jvs-n917-wf,Jovision,JVS-N917-WF,turret,3MP,3,"1/2.9"" CMOS",83.4 horizontal / 43.1 vertical,hybrid,IP67,,true,,0
jovision-jvs-n917-ydl,Jovision,JVS-N917-YDL,bullet,3MP,3,"1/2.9"" CMOS Sensor",83.4 horizontal / 43.1 vertical,hybrid,IP67,,true,,0
jovision-jvs-n935-cdl,Jovision,JVS-N935-CDL,dome,3MP,3,"1/2.9"" CMOS",96 horizontal / 53 vertical,hybrid,IP53,,false,,0
jovision-jvs-n935-xdl,Jovision,JVS-N935-XDL,turret,3MP,3,"1/2.7"" CMOS",96 horizontal / 53 vertical,hybrid,IP53,,false,,0
jovision-jvs-n935sl-hy-r2,Jovision,JVS-N935SL-HY-R2,dome,3MP,3,"1/2.7"" CMOS",88.5 horizontal / 65.3 vertical,ir,,,false,,0
jovision-jvs-n936-mdl,Jovision,JVS-N936-MDL,dome,3MP,3,"1/2.8"" CMOS Sensor",100.4 horizontal / 53.9 vertical,hybrid,,,true,,0
jovision-jvs-n937-jdl,Jovision,JVS-N937-JDL,turret,3MP,3,"1/2.7"" Progressive Scan CMOS",96 horizontal / 53 vertical,hybrid,IP67,,true,,0
jovision-jvs-n937-sdl,Jovision,JVS-N937-SDL,bullet,3MP,3,"1/2.9"" CMOS",96 horizontal / 53 vertical,hybrid,IP67,,true,,0
jovision-jvs-n955-hy,Jovision,JVS-N955-HY,dome,5MP,5,"1/3"" CMOS",88.5 horizontal / 65.3 vertical,ir,IP20,,false,,0
jovision-jvs-n97-sw,Jovision,JVS-N97-SW,ptz,3MP,3,"1/2.9"" CMOS",78.6 horizontal / 42 vertical,hybrid,IP66,,true,,0
jovision-jvs-n97-x3,Jovision,JVS-N97-X3,ptz,3MP,3,"1/2.9"" CMOS",78.6 horizontal / 42 vertical,hybrid,IP66,,true,,0
jovision-jvs-ts3622,Jovision,JVS-TS3622,dome,2MP,2,"1/2.9"" CMOS",97.37 horizontal / 52.49 vertical,ir,IP66,,false,,0
kasa-ec60,Kasa,EC60,box,1080p Full HD,2,"1/2.7""",113,ir,,,true,2020,0
kasa-ec70,Kasa,EC70,ptz,1080p Full HD,2,"1/2.9""",,ir,,,true,2021,0
kasa-ec71,Kasa,EC71,ptz,1080p Full HD,2,"1/2.9""",360,ir,,,true,2023,0
kasa-kc120,Kasa,KC120,box,1080p,2,"1/2.7""",130,ir,,,true,2017,0
kasa-kc400,Kasa,KC400,box,2K QHD,4,"1/3.0""",106,ir,,,true,2021,0
kasa-kc401,Kasa,KC401,box,2K HD,3.7,"1/3.0""",106,ir,,,true,2022,0
kasa-kc410s,Kasa,KC410S,ptz,2K HD,4,"1/3.0""",360 horizontal / 113 vertical,hybrid,,,true,2021,0
kasa-kc411s,Kasa,KC411S,ptz,2K HD (4MP),4,"1/3.0""",360,ir,,,true,2022,0
kasa-kc420ws,Kasa,KC420WS,bullet,4MP HD,4,"1/3""",110,hybrid,IP65,,true,,0
kasa-kd110,Kasa,KD110,doorbell,3MP HD,3,"1/2.8""",160,ir,IP64,,true,2022,0
kedacom-ipc121-ei7n,Kedacom,IPC121-Ei7N,box,1080p,2,"1/1.9"" progressive scan CMOS",,none,,,true,,0
kedacom-ipc123-ei7n,Kedacom,IPC123-Ei7N,box,1080p,2,"1/1.9"" progressive scan CMOS",,none,,,true,,0
kedacom-ipc123-fi4n,Kedacom,IPC123-Fi4N,box,1080p,2,"1/2"" progressive scan CMOS",,none,,,true,,0
kedacom-ipc143-hn,Kedacom,IPC143-HN,box,4MP,4,"1/3"" progressive scan CMOS",depends on interchangeable C/CS lens,none,,,true,,0
kedacom-ipc2131-an,Kedacom,IPC2131-AN,dome,960p,1.3,"1/3"" Progressive Scan CMOS",99-55 (L1/L2); 129 (L3); 149 (L4),none,IP67,IK11,true,,0
kedacom-ipc2131-an-ir1,Kedacom,IPC2131-AN-IR1,dome,960p,1.3,"1/3"" Progressive Scan CMOS",99-55,ir,IP67,IK11,true,,0
kedacom-ipc2131-dn-ir,Kedacom,IPC2131-DN-IR,dome,960p,1.3,"1/3"" progressive scan CMOS",55-99,ir,IP67,IK10,true,,0
kedacom-ipc2131-dn-l,Kedacom,IPC2131-DN-L,dome,1080p,2,"1/3"" Progressive Scan CMOS",113-64 (L1/L2); 129 (L3); 149 (L4),none,IP67,IK11,true,,0
kedacom-ipc2132-an,Kedacom,IPC2132-AN,dome,960p,1.3,"1/3"" progressive scan CMOS",87.6-31.3 (varifocal) / 101 (2.8mm) / 134 (2.1mm),ir,IP67,IK11,true,,0
kedacom-ipc2150-an,Kedacom,IPC2150-AN,bullet,960p,1.3,"1/3"" progressive scan CMOS",36.5-15.2,ir,IP66,,true,,0
kedacom-ipc2151-an-bn,Kedacom,IPC2151-AN/BN,bullet,960p,1.3,"1/3"" progressive scan CMOS",89.4-47.7,ir,IP66,,true,,0
kedacom-ipc2151-an-bn-d,Kedacom,IPC2151-AN/BN-D,bullet,960p,1.3,"1/3"" progressive scan CMOS",47.7-89.4,ir,IP66,,,,0
kedacom-ipc2211-fn-dir,Kedacom,IPC2211-FN-DIR,dome,1080p,2,"1/2.8"" progressive scan CMOS",36.8-101.2,ir,IP66,,,,0
kedacom-ipc2211-hn-dir,Kedacom,IPC2211-HN-DIR,dome,1080p,2,"1/3"" progressive scan CMOS",36.8-101.2,ir,IP66,,,,0
kedacom-ipc2211-hn-pir,Kedacom,IPC2211-HN-PIR,dome,1080p,2,"1/3"" progressive scan CMOS",36.8-101.2,ir,IP66,,,,0
kedacom-ipc2211-hn-sir,Kedacom,IPC2211-HN-SIR,dome,1080p,2,"1/3"" progressive scan CMOS",36.8-101.2,ir,IP66,,true,,0
kedacom-ipc2231-dn,Kedacom,IPC2231-DN,dome,1080p,2,"1/3"" progressive scan CMOS",64-149,none,IP67,IK10,true,,0
kedacom-ipc2231-dn-ir,Kedacom,IPC2231-DN-IR,dome,1080p,2,"1/3"" progressive scan CMOS",113-64,ir,IP67,IK11,true,,0
kedacom-ipc2231-en-l,Kedacom,IPC2231-EN-L,dome,1080p,2,"1/1.9"" progressive scan CMOS",142,color,IP67,,true,,0
kedacom-ipc2231-fn-s,Kedacom,IPC2231-FN-S,dome,1080p,2,"1/2.8"" Progressive Scan CMOS",108-35 (varifocal); 126 (2.2mm); 151 (2mm),none,IP67,,true,,0
kedacom-ipc2231-fn-sir40,Kedacom,IPC2231-FN-SIR40,dome,1080p,2,"1/2.8"" progressive scan CMOS",35-108,ir,IP67,IK11,true,,0
kedacom-ipc2231-hn-s,Kedacom,IPC2231-HN-S,dome,1080p,2,"1/3"" progressive scan CMOS",108-35 (Z3009) / 151 (L0200) / 126 (L0220),none,IP67,IK11,true,,0
kedacom-ipc2231-hn-sir40,Kedacom,IPC2231-HN-SIR40,dome,1080p,2,"1/3"" progressive scan CMOS",35-108,ir,IP67,,true,,0
kedacom-ipc2232-an-dir,Kedacom,IPC2232-AN-DIR,dome,1080p,2,"1/2.8"" progressive scan CMOS",31.3-101,ir,IP67,IK11,true,,0
kedacom-ipc2232-an-dl,Kedacom,IPC2232-AN-DL,dome,1080p,2,"1/2.8"" progressive scan CMOS",31.3-134,none,,IK11,true,,0
kedacom-ipc2233-fn-s,Kedacom,IPC2233-FN-S,dome,1080p,2,"1/2.8"" progressive scan CMOS",132,ir,IP67,,true,,0
kedacom-ipc2233-fn-sir40-z2712,Kedacom,IPC2233-FN-SIR40-Z2712,dome,1080p,2,"1/2.7"" progressive scan CMOS",33-106,ir,IP67,IK10,true,,0
kedacom-ipc2240-hn-p,Kedacom,IPC2240-HN-P,dome,1080p,2,"1/3"" progressive scan CMOS",143.3,none,,,,,0
kedacom-ipc2240-hn-pir30,Kedacom,IPC2240-HN-PIR30,dome,1080p,2,"1/3"" progressive scan CMOS",53.4-101.2,ir,,,,,0
kedacom-ipc2240-hn-s,Kedacom,IPC2240-HN-S,dome,1080p,2,"1/3"" progressive scan CMOS",143.3,none,,,true,,0
kedacom-ipc2240-hn-sir30,Kedacom,IPC2240-HN-SIR30,dome,1080p,2,"1/3"" progressive scan CMOS",53.4-101.2,ir,,,true,,0
kedacom-ipc2241-fn-sir,Kedacom,IPC2241-FN-SIR,dome,1080p,2,"1/2.8"" progressive scan CMOS",36.8-101.2,ir,IP67,IK10,true,,0
kedacom-ipc2250-an,Kedacom,IPC2250-AN,bullet,1080p,2,"1/2.8"" progressive scan CMOS",40.3-17.3,ir,IP66,,true,,0
kedacom-ipc2251-hn,Kedacom,IPC2251-HN/HNB,bullet,1080p,2,"1/2.8"" progressive scan CMOS",37-90 (2.8-12mm) / 7.2-65 (6-48mm),ir,IP67,,true,,0
kedacom-ipc2252-fn-dir,Kedacom,IPC2252-FN-DIR,bullet,1080p,2,"1/2.8"" progressive scan CMOS",17.8-78.6,ir,IP66,,,,0
kedacom-ipc2252-hn-pir,Kedacom,IPC2252-HN-PIR,bullet,1080p,2,"1/3"" progressive scan CMOS",17.8-78.6,ir,IP66,,,,0
kedacom-ipc2411-hn-dir,Kedacom,IPC2411-HN-DIR,dome,4MP,4,"1/3"" progressive scan CMOS",36.8-101.2,ir,IP66,,,,0
kedacom-ipc2411-hn-pir,Kedacom,IPC2411-HN-PIR,dome,4MP,4,"1/3"" progressive scan CMOS",36.8-101.2,ir,IP66,,,,0
kedacom-ipc2411-hn-sir,Kedacom,IPC2411-HN-SIR,dome,4MP,4,"1/3"" progressive scan CMOS",36.8-101.2,ir,IP66,,true,,0
kedacom-ipc2431-hn-s,Kedacom,IPC2431-HN-S,dome,4MP,4,"1/3"" progressive scan CMOS",33-151,none,IP67,IK11,true,,0
kedacom-ipc2433-hn-sir40,Kedacom,IPC2433-HN-SIR40,dome,4MP,4,"1/3"" progressive scan CMOS",33-106,ir,IP67,IK11,true,,0
kedacom-ipc2440-hn-s,Kedacom,IPC2440-HN-S,dome,4MP,4,"1/3"" progressive scan CMOS",143.3,none,,,true,,0
kedacom-ipc2440-hn-sir30,Kedacom,IPC2440-HN-SIR30,dome,4MP,4,"1/3"" progressive scan CMOS",53.4-101.2,ir,IP67,IK10,true,,0
kedacom-ipc2451-fi4n-sir50,Kedacom,IPC2451-Fi4N/Fi4NB-SIR50,bullet,4MP,4,"1/1.8"" progressive scan CMOS",45.5-91 (Z2812) / 15-38 (Z8032),ir,IP67,,true,,0
kedacom-ipc2452-hn-hnb-sir50,Kedacom,IPC2452-HN/HNB-SIR50,bullet,4MP,4,"1/3"" progressive scan CMOS",95-38,ir,IP67,,true,,0
kedacom-ipc2452-hn-pir,Kedacom,IPC2452-HN/HNB-PIR,bullet,4MP,4,"1/3"" progressive scan CMOS",78.6 (3.6mm) / 53.2 (6mm) / 36.8 (8mm) / 23.7 (12mm) / 17.8 (16mm),ir,IP67,,,,0
kedacom-ipc2511-fn-sir,Kedacom,IPC2511-FN-SIR,dome,5MP,5,"1/2.8"" progressive scan CMOS",111.4 (2.8mm) / 91.5 (3.6mm) / 51.8 (6mm),ir,IP67,,true,,0
kedacom-ipc2533-fn-sir50-z2812,Kedacom,IPC2533-FN-SIR50-Z2812,dome,5MP,5,"1/2.8"" progressive scan CMOS",30.3-107,ir,IP67,,true,,0
kedacom-ipc2533-fn-sir50-z6022-l,Kedacom,IPC2533-FN-SIR50-Z6022-L,dome,5MP,5,"1/2.8"" progressive scan CMOS",,ir,IP67,IK10,true,,0
kedacom-ipc2552-fn-sir50-z2812,Kedacom,IPC2552-FN/FNB-SIR50-Z2812,bullet,5MP,5,"1/2.8"" progressive scan CMOS",30.3-107 horizontal / 17-56.1 vertical,ir,IP67,IK10,true,,0
kedacom-ipc2655-gi4n,Kedacom,IPC2655-Gi4N,bullet,6MP,6,"1/1.8"" progressive scan CMOS",,ir,IP66,,true,,0
kedacom-ipc2655-gi7n,Kedacom,IPC2655-Gi7N,bullet,6MP,6,"1/1.8"" progressive scan CMOS",,color,IP66,,true,,0
kedacom-ipc2833-fi4n-sir50-z6022,Kedacom,IPC2833-Fi4N-SIR50-Z6022,dome,4K,8,"1/2.8"" progressive scan CMOS",17.6-42.9 horizontal / 9.7-23.4 vertical,ir,IP67,IK10,true,,0
kedacom-ipc2833-fn-sir50-l,Kedacom,IPC2833-FN-SIR50-L,dome,4K,8,"1/2.8"" progressive scan CMOS",54.5-105.5,ir,IP67,,true,,0
kedacom-ipc2852-fn-sir50-z,Kedacom,IPC2852-FN/FNB-SIR50-Z,bullet,4K,8,"1/2.8"" progressive scan CMOS",30.3-107 (Z2812) / 17.6-42.9 (Z6022),ir,IP67,IK10,true,,0
kedacom-ipc2855-gi4n,Kedacom,IPC2855-Gi4N,bullet,4K,8,"1/1.8"" progressive scan CMOS",,ir,IP66,,true,,0
kedacom-ipc425-f223-n,Kedacom,IPC425-F223-N,ptz,1080p,2,"1/1.9"" progressive scan CMOS",,ir,,,true,,0
kedacom-ipc425-f233-n,Kedacom,IPC425-F233-N,ptz,1080p,2,"1/2.8"" progressive scan CMOS",2.34-67.8 (tele-wide),ir,,,true,,0
kedacom-ipc425-g223-n,Kedacom,IPC425-G223-N,ptz,1080p,2,"1/1.9"" progressive scan CMOS",,ir,,,true,,0
kedacom-ipc442-i405-np,Kedacom,IPC442-i405-NP,ptz,1080p,2,"1/1.8"" progressive scan CMOS",108.1-46.6 (wide-tele),ir,IP66,,true,,0
kedacom-lc2110-an,Kedacom,LC2110-AN,dome,960p,1.3,"1/3"" progressive scan CMOS",23-96.3,ir,IP66,,,,0
kedacom-lc2110-bn-d,Kedacom,LC2110-BN-D,dome,960p,1.3,"1/3"" progressive scan CMOS",23-96.3,ir,IP66,,,,0
kedacom-lc2150-an-d,Kedacom,LC2150-AN-D,bullet,960p,1.3,"1/3"" progressive scan CMOS",16.9-75.6,ir,IP66,,,,0
laview-b10,LaView,B10,ptz,2K QHD,4,,,color,,,true,,0
laview-f1,LaView,F1,box,1080p FHD,2,,,ir,,,true,2023,0
laview-f2,LaView,F2,box,2K QHD,4,,,ir,,,true,,0
laview-l2,LaView,L2,dome,4MP QHD,4,,,color,,,true,2024,0
laview-n3,LaView,N3,bullet,2K QHD,3,,110 horizontal,color,IP65,,true,2024,0
laview-r12,LaView,R12,ptz,1080p FHD,2,,,ir,IP65,,true,2023,0
laview-r18,LaView,R18,ptz,3MP,3,,,color,,,true,2024,0
laview-r28,LaView,R28,ptz,2K QHD,4,,,color,IP65,,true,2024,0
lilin-e5r4052a,LILIN,E5R4052A,box,5MP,5,"1/2.7"" CMOS",80,ir,IP66,,,,0
lilin-e5r4152ax,LILIN,E5R4152AX,box,5MP,5,"1/2.7"" CMOS",102-32,ir,IP66,,true,,0
lilin-e5r9152a,LILIN,E5R9152A,box,5MP,5,"1/2.7"" CMOS",80,ir,IP66,,,,0
lilin-e5r9252ax,LILIN,E5R9252AX,box,5MP,5,"1/2.7"" CMOS",102-32,ir,IP66,,true,,0
lilin-f2r3682im,LILIN,F2R3682IM,fisheye,4.7MP,4.7,"1/1.8"" CMOS",185,ir,IP67,IK10,true,,0
lilin-p2g1022,LILIN,P2G1022,box,1080P,2,"1/2.8"" CMOS",,ir,,,true,,0
lilin-p2g1022x,LILIN,P2G1022X,box,1080P,2,"1/2.8"" CMOS",102-35.5,ir,,,true,,0
lilin-p2g1052,LILIN,P2G1052,box,5MP,5,"1/2.8"" CMOS",,,,,true,,0
lilin-p2g1052x,LILIN,P2G1052X,box,5MP,5,"1/2.8"" CMOS",94.0 (W) - 34.2 (T),,,,true,,0
lilin-p2r3022ae2,LILIN,P2R3022AE2,turret,1080P,2,"1/2.8"" CMOS",104.4,ir,,,true,,0
lilin-p2r3052ae2,LILIN,P2R3052AE2,dome,5MP,5,"1/2.8"" CMOS",92.8,ir,,,true,,0
lilin-p2r6322ae2,LILIN,P2R6322AE2,turret,1080P,2,"1/2.8"" CMOS",104.4,ir,IP67,IK10,true,,0
lilin-p2r6322ae4,LILIN,P2R6322AE4,turret,1080P,2,"1/2.8"" CMOS",91.0,ir,IP67,IK10,true,,0
lilin-p2r6352ae2,LILIN,P2R6352AE2,dome,5MP,5,"1/2.8"" CMOS",92.8,ir,IP67,IK10,true,,0
lilin-p2r6352ae4,LILIN,P2R6352AE4,dome,5MP,5,"1/2.8"" CMOS",76.6,ir,IP67,IK10,true,,0
lilin-p2r6522e2,LILIN,P2R6522E2,turret,1080P,2,"1/2.8"" CMOS",104.4,ir,IP67,IK10,,,0
lilin-p2r6522e4,LILIN,P2R6522E4,turret,1080P,2,"1/2.8"" CMOS",91.0,ir,IP67,IK10,,,0
lilin-p2r6552e2,LILIN,P2R6552E2,dome,5MP,5,"1/2.8"" CMOS",92.8,ir,IP67,IK10,,,0
lilin-p2r6552e4,LILIN,P2R6552E4,dome,5MP,5,"1/2.8"" CMOS",76.6,ir,IP67,IK10,,,0
lilin-p2r6822e2,LILIN,P2R6822E2,dome,1080P,2,"1/2.8"" CMOS",104.4,ir,IP67,IK10,,,0
lilin-p2r6822e4,LILIN,P2R6822E4,dome,1080P,2,"1/2.8"" CMOS",91.0,ir,IP67,IK10,,,0
lilin-p2r6852e2,LILIN,P2R6852E2,dome,5MP,5,"1/2.8"" CMOS",92.8,ir,IP67,IK10,,,0
lilin-p2r6852e4,LILIN,P2R6852E4,dome,5MP,5,"1/2.8"" CMOS",76.6,ir,IP67,IK10,,,0
lilin-p2r8822e2,LILIN,P2R8822E2,bullet,1080P,2,"1/2.8"" CMOS",104.4,ir,IP67,IK10,,,0
lilin-p2r8822e4,LILIN,P2R8822E4,bullet,1080P,2,"1/2.8"" CMOS",91.0,ir,IP67,IK10,,,0
lilin-p2r8852e2,LILIN,P2R8852E2,bullet,5MP,5,"1/2.8"" CMOS",92.8,ir,IP67,IK10,,,0
lilin-p2r8852e4,LILIN,P2R8852E4,bullet,5MP,5,"1/2.8"" CMOS",76.6,ir,IP67,IK10,,,0
lilin-p3r6322e2,LILIN,P3R6322E2,dome,1080P,2,"1/2.8"" CMOS",108.2,ir,IP67,IK10,,,0
lilin-p3r6522e2,LILIN,P3R6522E2,dome,1080P,2,"1/2.8"" CMOS",109.1,ir,IP67,IK10,,,0
lilin-p3r6822e2,LILIN,P3R6822E2,dome,1080P,2,"1/2.8"" CMOS",105.3,ir,IP67,IK10,,,0
lilin-p3r8822e2,LILIN,P3R8822E2,dome,1080P,2,"1/2.8"" CMOS",113.6,ir,IP67,IK10,,,0
lilin-p5r6322e2,LILIN,P5R6322E2,dome,1080P,2,"1/2.7"" CMOS",107.4,ir,IP67,IK10,,,0
lilin-p5r6352e2,LILIN,P5R6352E2,dome,5MP,5,"1/2.7"" CMOS",98.0,ir,IP67,IK10,,,0
lilin-p5r6522e2,LILIN,P5R6522E2,dome,1080P,2,"1/2.7"" CMOS",112.4,ir,IP67,IK10,,,0
lilin-p5r6552e2,LILIN,P5R6552E2,dome,5MP,5,"1/2.7"" CMOS",100.4,ir,IP67,IK10,,,0
lilin-p5r8822e2,LILIN,P5R8822E2,dome,1080P,2,"1/2.7"" CMOS",118.6,ir,IP67,IK10,,,0
lilin-p5r8852e2,LILIN,P5R8852E2,dome,5MP,5,"1/2.7"" CMOS",106.6,ir,IP67,IK10,,,0
lilin-s7r5554x30,LILIN,S7R5554X30,ptz,5MP,5,"Sony Starvis IMX 1/2.8"" CMOS",58-2.5,ir,IP66,IK10,true,,0
lilin-s7r5558x30,LILIN,S7R5558X30,ptz,5MP,5,"Sony Starvis IMX 1/2.8"" CMOS",58-2.5,ir,IP66,IK10,true,,0
lilin-s7r5584x30,LILIN,S7R5584X30,ptz,4K,8.4,"Sony Starvis IMX 1/2.8"" CMOS",60-2.1,ir,IP66,IK10,true,,0
lilin-s7r5584x30-c,LILIN,S7R5584X30-C,ptz,4K,8.4,"Sony Starvis IMX 1/2.8"" CMOS",60-2.1,ir,IP66,IK10,true,,0
lilin-s7r5588x30,LILIN,S7R5588X30,ptz,4K,8.4,"Sony Starvis IMX 1/2.8"" CMOS",60-2.1,ir,IP66,IK10,true,,0
lilin-s7r5588x30-c,LILIN,S7R5588X30-C,ptz,4K,8.4,"Sony Starvis IMX 1/2.8"" CMOS",60-2.1,ir,IP66,IK10,true,,0
lilin-s7r5884ex40-l8,LILIN,S7R5884EX40-L8,ptz,4K,8.4,"Sony Starvis IMX 1/2.8"" CMOS",61-1.8,ir,IP66,IK10,true,,0
lilin-s7r5888x40-l8,LILIN,S7R5888X40-L8,ptz,4K,8.4,"Sony Starvis IMX 1/2.8"" CMOS",61-1.8,ir,IP66,IK10,true,,0
lilin-s8d4624ex30,LILIN,S8D4624EX30,ptz,2MP,2,"Sony IMX 1/2.8"" CMOS",61.2-2.8,ir,IP66,IK10,true,,0
lilin-s8r5554x30,LILIN,S8R5554X30,ptz,5MP,5,"Sony Starvis IMX 1/2.8"" CMOS",57.3-2.5,ir,IP66,IK10,true,,0
lilin-s8r5558x30,LILIN,S8R5558X30,ptz,5MP,5,"Sony Starvis IMX 1/2.8"" CMOS",57.3-2.5,ir,IP66,IK10,true,,0
lilin-s8r5722px25,LILIN,S8R5722PX25,ptz,2MP,2,"Sony Starvis IMX 1/2.8"" CMOS",60.6-2.9,ir,IP66,IK10,,,0
lilin-s8r5724ex25,LILIN,S8R5724EX25,ptz,2MP,2,"Sony Starvis IMX 1/2.8"" CMOS",60.6-2.9,ir,IP66,IK10,true,,0
lilin-s8r5728x25,LILIN,S8R5728X25,ptz,2MP,2,"Sony Starvis IMX 1/2.8"" CMOS",60.6-2.9,ir,IP66,IK10,true,,0
lilin-s8r5754ex25,LILIN,S8R5754EX25,ptz,5MP,5,"Sony Starvis IMX 1/2.8"" CMOS",57-3.2,ir,IP66,IK10,true,,0
lilin-s8r5758x25,LILIN,S8R5758X25,ptz,5MP,5,"Sony Starvis IMX 1/2.8"" CMOS",57-3.2,ir,IP66,IK10,true,,0
lilin-v1r4452e2,LILIN,V1R4452E2,dome,5MP,5,"1/2.7"" CMOS",109,ir,IP67,IK10,,,0
lilin-v1r4552x3,LILIN,V1R4552X3,dome,5MP,5,"1/2.7"" CMOS",108-38,ir,IP66,IK10,,,0
lilin-v1r6052e2,LILIN,V1R6052E2,dome,5MP,5,"1/2.7"" CMOS",108.9,ir,IP66,IK10,,,0
lilin-v1r6052x3,LILIN,V1R6052X3,dome,5MP,5,"1/2.7"" CMOS",108-38,ir,IP67,IK08,,,0
lilin-v1r6052x3k,LILIN,V1R6052X3K,dome,5MP,5,"1/2.7"" CMOS",108-38,ir,IP67,IK08,,,0
lilin-v1r9452e2,LILIN,V1R9452E2,dome,5MP,5,"1/2.7"" CMOS",108.9,ir,IP67,IK10,,,0
lilin-v1r9452e2k,LILIN,V1R9452E2K,dome,5MP,5,"1/2.7"" CMOS",109,ir,IP67,IK10,,,0
lilin-v1r9552x3,LILIN,V1R9552X3,dome,5MP,5,"1/2.7"" CMOS",108-38,ir,IP67,IK10,,,0
lilin-v1w4082a,LILIN,V1W4082A,bullet,4K,8.4,"1/2.8"" CMOS",85,ir,IP67,IK10,,,0
lilin-v1w4182ax,LILIN,V1W4182AX,bullet,4K,8.4,"1/2.8"" CMOS",107-34,ir,IP67,IK10,true,,0
lilin-v1w4452e2,LILIN,V1W4452E2,bullet,5MP,4.7,"1/2.7"" CMOS",111,ir,IP66,IK10,,,0
lilin-v1w4552x3,LILIN,V1W4552X3,bullet,5MP,4.7,"1/2.7"" CMOS",108-38,ir,IP66,IK10,,,0
lilin-v1w9182a,LILIN,V1W9182A,bullet,4K,8.4,"1/2.8"" CMOS",85,ir,IP67,IK10,,,0
lilin-v1w9282ax,LILIN,V1W9282AX,bullet,4K,8.4,"1/2.8"" CMOS",107-34,ir,IP67,IK10,true,,0
lilin-v1w9452e2,LILIN,V1W9452E2,bullet,5MP,4.7,"1/2.7"" CMOS",111,ir,IP67,IK08,,,0
lilin-v1w9552x3,LILIN,V1W9552X3,bullet,5MP,4.7,"1/2.7"" CMOS",108-38,ir,IP67,IK10,,,0
lilin-z2r6422ax,LILIN,Z2R6422AX,ptz,1080P,2,"1/2.8"" CMOS",108.1-56.7,ir,IP67,IK10,true,,0
lilin-z2r6422ax-p,LILIN,Z2R6422AX-P,ptz,1080P,2,"1/2.8"" CMOS",93.1-31.4,ir,IP67,IK10,true,,0
lilin-z2r6452ax,LILIN,Z2R6452AX,ptz,5MP,5,"1/2.8"" CMOS",95.3-51.8,ir,IP67,IK10,true,,0
lilin-z2r6452ax-p,LILIN,Z2R6452AX-P,ptz,5MP,5,"1/2.8"" CMOS",87-30,ir,IP67,IK10,true,,0
lilin-z2r6522x,LILIN,Z2R6522X,ptz,1080P,2,"1/2.8"" CMOS",108.1-56.7,ir,IP67,IK10,,,0
lilin-z2r6552x,LILIN,Z2R6552X,ptz,5MP,5,"1/2.8"" CMOS",95.3-51.8,ir,IP67,IK10,,,0
lilin-z2r8022ex25,LILIN,Z2R8022EX25,ptz,1080P,2,"1/2.8"" CMOS",58.5-2.8,ir,IP67,IK10,true,,0
lilin-z2r8052ex25,LILIN,Z2R8052EX25,ptz,5MP,5,"1/2.8"" CMOS",55.0-2.3,ir,IP67,IK10,true,,0
lilin-z2r8122x-p,LILIN,Z2R8122X-P,ptz,1080P,2,"1/2.8"" CMOS",98.0-33.0,ir,IP68,IK10,true,,0
lilin-z2r8122x2-p,LILIN,Z2R8122X2-P,ptz,1080P,2,"1/2.8"" CMOS",36.0-16.0,ir,IP68,IK10,true,,0
lilin-z2r8152x-p,LILIN,Z2R8152X-P,ptz,5MP,5,"1/2.8"" CMOS",87-30,ir,IP68,IK10,true,,0
lilin-z2r8152x2-p,LILIN,Z2R8152X2-P,ptz,5MP,5,"1/2.8"" CMOS",31-14,ir,IP68,IK10,true,,0
lilin-z2r8822ax,LILIN,Z2R8822AX,ptz,1080P,2,"1/2.8"" CMOS",108.1-56.7,ir,IP67,IK10,true,,0
lilin-z2r8852ax,LILIN,Z2R8852AX,ptz,5MP,5,"1/2.8"" CMOS",95.3-51.8,ir,IP67,IK10,true,,0
lilin-z3r6422x3,LILIN,Z3R6422X3,ptz,1080P,2,"1/2.8"" CMOS",103.1-39.0,ir,IP67,IK10,,,0
lilin-z3r6522x,LILIN,Z3R6522X,ptz,1080P,2,"1/2.8"" CMOS",99.0-58.7,ir,IP67,IK10,,,0
lilin-z3r8922x3,LILIN,Z3R8922X3,ptz,1080P,2,"1/2.8"" CMOS",104.2-39.0,ir,IP67,IK10,,,0
lilin-z5r6422x3,LILIN,Z5R6422X3,ptz,1080P,2,"1/2.7"" CMOS",105.9-36.5,ir,IP67,IK10,,,0
lilin-z5r6452x,LILIN,Z5R6452X,ptz,5MP,5,"1/2.7"" CMOS",104.2-51.9,ir,IP67,IK10,,,0
lilin-z5r6522x,LILIN,Z5R6522X,ptz,1080P,2,"1/2.7"" CMOS",96.0-59.0,ir,IP67,IK10,,,0
lilin-z5r6552x,LILIN,Z5R6552X,ptz,5MP,5,"1/2.7"" CMOS",90.6-53.3,ir,IP67,IK10,,,0
lilin-z5r8852x,LILIN,Z5R8852X,ptz,5MP,5,"1/2.7"" CMOS",97.2-52.5,ir,IP67,IK10,,,0
lilin-z5r8922x3,LILIN,Z5R8922X3,ptz,1080P,2,"1/2.7"" CMOS",104.0-36.6,ir,IP67,IK10,,,0
lilin-z6r6452x3,LILIN,Z6R6452X3,ptz,5MP,5,"Sony Starvis IMX 1/2.8"" CMOS",103-37,ir,IP67,IK10,true,,0
lilin-z6r6452x3k,LILIN,Z6R6452X3K,ptz,5MP,5,"Sony Starvis IMX 1/2.8"" CMOS",103-37,ir,IP67,IK10,true,,0
lilin-z6r6552x3,LILIN,Z6R6552X3,ptz,5MP,5,"Sony Starvis IMX 1/2.8"" CMOS",103-37,ir,IP67,IK10,,,0
lilin-z6r6582x3,LILIN,Z6R6582X3,ptz,4K,8.3,"Sony Starvis IMX 1/2.8"" CMOS",111-33,ir,IP67,IK10,,,0
lilin-z6r8152x3-p,LILIN,Z6R8152X3-P,ptz,5MP,5,"Sony Starvis IMX 1/2.8"" CMOS",103-37,ir,IP67,IK10,true,,0
lilin-z6r8952x3,LILIN,Z6R8952X3,ptz,5MP,5,"Sony Starvis IMX 1/2.7"" CMOS",103-37,ir,IP67,IK10,true,,0
lilin-z6r8952x3k,LILIN,Z6R8952X3K,ptz,5MP,5,"Sony Starvis IMX 1/2.7"" CMOS",103-37,ir,IP67,IK10,true,,0
lilin-z6r8982x3,LILIN,Z6R8982X3,ptz,4K,8.3,"Sony Starvis IMX 1/2.8"" CMOS",106-32,ir,IP67,IK10,true,,0
lilin-z7r6482x3-p,LILIN,Z7R6482X3-P,ptz,4K,8.4,"Sony Starvis IMX 1/2.8"" CMOS",108-32,ir,IP67,IK10,true,,0
lilin-z7r6482x3-pk,LILIN,Z7R6482X3-PK,ptz,4K,8.4,"Sony Starvis IMX 1/2.8"" CMOS",108-32,ir,IP68,IK10,true,,0
lilin-z7r8082ex25,LILIN,Z7R8082EX25,ptz,4K,8.4,"Sony Starvis IMX 1/2.8"" CMOS",60-3,ir,IP67,IK10,true,,0
lilin-z7r8082ex30,LILIN,Z7R8082EX30,ptz,4K,8.4,"Sony Starvis IMX 1/2.8"" CMOS",60-2,ir,IP67,IK10,true,,0
lilin-z7r8082x10-p,LILIN,Z7R8082X10-P,ptz,4K,8.4,"Sony Starvis IMX 1/2.8"" CMOS",42-6,ir,IP67,IK10,true,,0
lilin-z7r8182x10-p,LILIN,Z7R8182X10-P,ptz,4K,8.4,"Sony Starvis IMX 1/2.8"" CMOS",42-6,ir,IP68,IK10,true,,0
lilin-z7r8182x2-p,LILIN,Z7R8182X2-P,ptz,4K,8.4,"Sony Starvis IMX 1/2.8"" CMOS",43-18,ir,IP67,IK10,true,,0
lilin-z7r8182x2-pk,LILIN,Z7R8182X2-PK,ptz,4K,8.4,"Sony Starvis IMX 1/2.8"" CMOS",43-18,ir,IP67,IK10,true,,0
lilin-z7r8182x3-p,LILIN,Z7R8182X3-P,ptz,4K,8.4,"Sony Starvis IMX 1/2.8"" CMOS",108-32,ir,IP68,IK10,true,,0
lilin-z7r8182x3-pk,LILIN,Z7R8182X3-PK,ptz,4K,8.4,"Sony Starvis IMX 1/2.8"" CMOS",108-32,ir,IP68,IK10,true,,0
linovision-4gptz-m4,Linovision,4GPTZ-M4,ptz,4MP,4,"1/1.8"" Progressive Scan CMOS","88.7 horizontal, 46.5 vertical, 105 diagonal",color,IP66,,true,2022,0
linovision-4gptz-portable230ai,Linovision,4GPTZ-Portable230AI,ptz,1080p,2,"1/2.8"" Progressive Scan CMOS","60.5 horizontal, 36 vertical",ir,IP66,,,,0
linovision-ipc-to56c-a3,Linovision,IPC-TO56C-A3,bullet,4MP,4,"Optical: 1/2.7"" Progressive Scan CMOS; Thermal: Vanadium Oxide Uncooled Focal Plane Arrays 160 x 120","Optical 84 x 44.8, Thermal 50 x 37.2",ir,IP66,,,,0
linovision-ipc504ac,Linovision,IPC504AC,bullet,4MP,4,"1/3"" Progressive Scan CMOS","101.73 horizontal, 55.12 vertical, 120.84 diagonal",color,IP68,,,,0
linovision-ipc534ai-csl,Linovision,IPC534AI-CSL,turret,4MP,4,"1/1.8"" Progressive Scan CMOS","112 horizontal, 61 vertical, 134 diagonal",color,IP67,,true,,0
linovision-ipc7a27-anpr,Linovision,IPC7A27-ANPR,bullet,1080p,2,"1/1.8"" Progressive Scan CMOS",107.3 to 39.8 horizontal,ir,IP67,IK10,,,0
linovision-ipc7a47-anpr,Linovision,IPC7A47-ANPR,bullet,4MP,4,"1/1.8"" Progressive Scan CMOS",114.5 to 41.8 horizontal,ir,IP67,IK10,,,0
linovision-ipc7p8ai-csl,Linovision,IPC7P8AI-CSL,bullet,4K,7.4,"2 x 1/1.8"" Progressive Scan CMOS","180 horizontal (+/-10), 44 vertical",color,IP67,,true,2022,0
linovision-iptz5432ac,Linovision,IPTZ5432AC,ptz,4MP,4,"1/2.8"" progressive scan CMOS",55 to 2.5 horizontal (wide-tele),ir,IP67,,,,0
linovision-iptz544d-25x,Linovision,IPTZ544D-25X,ptz,4MP,4,"Bullet: 1/3"" Progressive Scan CMOS; PTZ: 1/2.8"" Progressive Scan CMOS",PTZ: 55 to 2.4 horizontal (wide-tele); Bullet: 96.1 horizontal,color,IP66,,true,,0
linovision-iptz544dl-25x,Linovision,IPTZ544DL-25X,ptz,4MP,4,"Bullet: 1/2.8"" Progressive Scan CMOS; PTZ: 1/2.8"" Progressive Scan CMOS",Bullet: 96.1 horizontal; PTZ: 55 to 2.4 horizontal,ir,IP67,,true,,0
linovision-ptz-m4,Linovision,PTZ-M4,ptz,4MP,4,"1/1.8"" progressive scan CMOS","88.7 horizontal, 46.5 vertical, 105.0 diagonal",color,IP66,,true,2022,0
linovision-ptzm4l,Linovision,PTZM4L,ptz,4MP,4,"Bullet: 1/2.8"" progressive scan CMOS; PTZ: 1/2.8"" progressive scan CMOS",Bullet: 114.9 horizontal; PTZ: 98 to 34.2 horizontal,ir,IP66,,true,,0
longse-lbe905xss500,Longse,LBE905XSS500,bullet,5MP,5,,23-97 (across zoom range),ir,,,false,,0
longse-lbf30sv800,Longse,LBF30SV800,bullet,4K/8MP,8,"1/1.8"" OmniVision CMOS",,ir,IP66,,false,,0
longse-lbh30ss500,Longse,LBH30SS500,bullet,5MP,5,Sony STARVIS CMOS,109,ir,IP66,,false,,0
longse-lbp60ss500,Longse,LBP60SS500,bullet,5MP,5,Sony STARVIS CMOS,109 (at widest zoom setting),ir,,,false,,0
lorex-b862aj,Lorex,B862AJ,doorbell,4K UHD,8,,150 diagonal (head-to-toe),color,IP65,,true,2024,0
lorex-e841cd,Lorex,E841CD,dome,4K UHD,8,"1/2.7"" CMOS",105 horizontal,color,IP67,,false,2023,0
lorex-e842cab,Lorex,Lorex A14 4K IP Wired Bullet Security Camera with Listen-In Audio and Smart Motion Detection,bullet,4K,8,,106 horizontal / 56 vertical / 125 diagonal,hybrid,IP67,,,,0
lorex-e842cdb,Lorex,Lorex A14 4K IP Wired Dome Security Camera with Listen-In Audio and Smart Motion Detection,dome,4K,8,"1/2.7"" CMOS",125 diagonal,hybrid,IP67,,,,0
lorex-e871ab,Lorex,Lorex H20 4K IP Wired Dual Lens Security Camera with Smart Security Lighting and Smart Motion Detection,dual-lens,4K dual-lens 180deg panoramic,8,,180 panoramic,hybrid,IP67,,true,,0
lorex-e872sb,Lorex,Lorex Classic 4K Dual-Lens IP Camera with Smart Lighting & Motion Detection,dual-lens,4K dual-lens 180deg panoramic,8,,180 panoramic,hybrid,IP67,,true,,0
lorex-e891ab,Lorex,E891AB 4K Smart Deterrence Bullet PoE,bullet,4K UHD,8,"1/1.8"" CMOS",111 horizontal,hybrid,IP67,,true,,0
lorex-e893ab,Lorex,E893AB (4K PoE Smart Deterrence Bullet),bullet,4K UHD,8,"1/2.8"" CMOS",108 horizontal,hybrid,IP67,,true,2024,0
lorex-e896ab,Lorex,E896AB,bullet,4K UHD,8,"1/2.8"" CMOS",111 horizontal,hybrid,IP67,,true,2024,0
lorex-e920sb,Lorex,Lorex Classic 4K+ PoE AI Bullet Camera with Person & Vehicle Detection,bullet,4K+ (12MP),12,,,hybrid,IP67,,,,0
lorex-e920sd,Lorex,Lorex Classic 4K+ PoE AI Turret Camera with Person & Vehicle Detection,turret,4K+ (12MP),12,,,hybrid,IP67,,true,,0
lorex-f461aqd-e,Lorex,F461AQD-E,ptz,2K QHD,4,4MP CMOS,107 diagonal (optical); 360 pan / 90 tilt (mechanical),hybrid,IP66,,true,,0
lorex-f861asd,Lorex,F861ASD,bullet,4K UHD,8,"1/3"" CMOS",111 horizontal / 61 vertical / 132 diagonal,hybrid,IP65,,true,,0
lorex-lnb9242b,Lorex,Lorex 4K IP Wired Bullet Security Camera with Listen-in Audio and Real-Time 30FPS Recording,bullet,4K,8,"1/2.8"" CMOS",107,hybrid,IP67,,false,,0
lorex-lnb9292b,Lorex,LNB9292B Nocturnal N3,bullet,4K UHD,8,"1/2.8"" CMOS",113-31 horizontal,color,IP67,,false,2023,0
lorex-lnb9393,Lorex,LNB9393,bullet,4K UHD,8,"1/1.8"" CMOS",110.4-45 horizontal,color,IP67,IK10,false,2024,0
lorex-lne9242b,Lorex,Lorex 4K IP Wired Dome Security Camera with Listen-in Audio and Real-Time 30FPS Recording,dome,4K,8,"1/2.8"" CMOS",107,hybrid,IP67,,false,,0
lorex-lne9292b,Lorex,LNE9292B Nocturnal N3 Dome,dome,4K UHD,8,"1/2.8"" CMOS",113-31 horizontal,color,IP67,,false,2023,0
lorex-lne9393,Lorex,LNE9393,dome,4K UHD,8,"1/2.8"" CMOS",110.4-45 horizontal,color,IP67,IK10,false,2024,0
lorex-u3-2k-bullet,Lorex,Lorex Connect U3 2K+ PoE Bullet Camera,bullet,2K+,5,"1/2.7"" CMOS",110 horizontal / 59 vertical / 132 diagonal,hybrid,IP67,,,,0
lorex-u3-2k-turret,Lorex,Lorex Connect U3 2K+ PoE Turret Camera,turret,2K+,5,"1/2.7"" CMOS",110 horizontal / 59 vertical / 132 diagonal,hybrid,IP67,,,,0
lorex-u3-4k-bullet,Lorex,Lorex Connect U3 4K PoE Bullet Camera,bullet,4K,8,"1/2.7"" CMOS",110 horizontal / 58 vertical / 128 diagonal,hybrid,IP67,,,,0
lorex-u3-4k-turret,Lorex,Lorex Connect U3 4K PoE Turret Camera,turret,4K,8,"1/2.7"" CMOS",110 horizontal / 58 vertical / 128 diagonal,hybrid,IP67,,,,0
lorex-u471aa,Lorex,U471AA-E,bullet,2K QHD,4,,140 diagonal,color,IP65,,true,2024,0
lorex-v3-bullet,Lorex,Lorex Connect V3 4K PoE Bullet Camera with Smart AI Detection,bullet,4K,8,"1/2.7"" CMOS",126 diagonal,hybrid,IP67,,true,,0
lorex-v3-turret,Lorex,Lorex Connect V3 4K PoE Turret Camera with Smart AI Detection,turret,4K,8,"1/2.7"" CMOS",126 diagonal,hybrid,IP67,,true,,0
lorex-v5-bullet,Lorex,Lorex Connect V5 4K PoE Bullet Camera with Color Smart Security Lighting,bullet,4K,8,"1/2.7"" CMOS",131 diagonal,hybrid,IP67,,true,,0
lorex-v5-turret,Lorex,Lorex Connect V5 4K PoE Turret Camera with Color Smart Security Lighting,turret,4K,8,"1/2.7"" CMOS",131 diagonal,hybrid,IP67,,true,,0
lorex-w452asd,Lorex,W452ASD (2K Wired Floodlight),floodlight,2K QHD,4,"1/2.8"" CMOS",104 horizontal / 55 vertical / 122 diagonal,color,IP65,,true,2023,0
lorex-w461asc,Lorex,W461ASC,dome,2K QHD,4,,125,color,,,true,,0
lorex-w462aqc-e-pantilt,Lorex,W462AQC-E,ptz,2K QHD,4,"1/2.7"" CMOS",92 horizontal / 48 vertical / 109 diagonal (optical),ir,,,true,,0
lorex-w482cad,Lorex,W482CAD,bullet,2K QHD,4,"1/3"" CMOS",114 diagonal,color,IP65,,true,2024,0
lorex-w881aad,Lorex,W881AAD,bullet,4K UHD,8,"1/2.8"" CMOS",140,color,IP65,,true,,0
lorex-w891uad,Lorex,W891UAD (4K Dual-Lens WiFi),dual-lens,4K dual-lens 180deg (stitched 4096x1856),8,"1/2.8"" CMOS (dual, 5MP each)",180 horizontal,color,IP66,,true,2024,0
lorex-x-ptz-4k,Lorex,X PTZ 4K Dome Camera with 30x Zoom,ptz,4K,8,"1/1.8"" CMOS",Diagonal 67.6-3 / Horizontal 60.4-2.6 / Vertical 36.5-1.5 (across zoom range),hybrid,IP66,,true,,0
lorex-x3-dual-lens-turret,Lorex,Lorex Connect X3 4K Dual-Lens Turret Camera with 190° Panoramic Coverage,dual-lens,8MP combined panoramic (4224x1848),8,"1/2.8"" CMOS (dual)",190.8 horizontal / 80.2 vertical (combined panoramic),hybrid,IP66,,true,,0
lorex-x3-mvf-bullet,Lorex,X3 4K PoE Bullet Camera with Motorized Varifocal,bullet,4K,8,"1/2.7"" CMOS",Diagonal 106.7-37.2 / Horizontal 102.5-33 / Vertical 54-18,hybrid,IP66,,true,,0
lorex-x3-mvf-turret,Lorex,X3 4K PoE Turret Camera with Motorized Varifocal,turret,4K,8,"1/2.7"" CMOS",Diagonal 106.7-37.2 / Horizontal 102.5-33 / Vertical 54-18,hybrid,IP66,,,,0
lorex-x5-bullet,Lorex,X5 4K PoE Bullet Camera with AI Color Night Vision,bullet,4K,8,"1/1.8"" CMOS",109.4 horizontal / 59.5 vertical / 113.8 diagonal,hybrid,IP66,,true,,0
lorex-x5-turret,Lorex,X5 4K PoE Turret Camera with AI Color Night Vision,turret,4K,8,"1/1.8"" CMOS",109.4 horizontal / 59.5 vertical / 113.5 diagonal,hybrid,IP66,,true,,0
lts-ltcmip3c8pw-sdl,LTS,LTCMIP3C8PW-SDL,turret,8MP dual-sensor panoramic (2x4MP stitched),8,"2x 1/1.8"" Progressive Scan CMOS (dual sensor)","180 (panoramic, dual fixed lens)",color,IP67,IK10,true,,0
lts-ltcmip9783nw-sz,LTS,LTCMIP9783NW-SZ,bullet,4K/8MP,8,"1/2.5"" Progressive Scan CMOS","Horizontal 34.5-105, Vertical 19-55, Diagonal 40-125",ir,IP67,,false,,0
lts-lxip3c82w-28aisp,LTS,LXIP3C82W-28AISP,turret,8MP,8,"1/1.8"" CMOS",,color,,,false,,0
lts-lxptzip4c8wi-x25sdl,LTS,LXPTZIP4C8WI-X25SDL,ptz,8MP,8,"1/2.8"" CMOS",,hybrid,IP66,,false,,0
lts-ptzip688x36,LTS,PTZIP688X36,ptz,4K/8MP,8,"2/3"" Progressive Scan CMOS",,ir,IP67,IK10,false,,0
lts-vsip3442w-28ma,LTS,VSIP3442W-28MA,turret,4MP,4,CMOS,,ir,IP67,,false,,0
lts-vsip75122f-se,LTS,VSIP75122F-SE,fisheye,12MP,12,"1/1.7"" CMOS",360 panoramic (fisheye),ir,IP67,IK10,true,,0
luma-lum-110-bul-ip,Luma,LUM-110-BUL-IP,bullet,1080p,2,,103 horizontal,ir,IP66,,false,,0
luma-lum-1220-ip-fe,Luma,LUM-1220-IP-FE,fisheye,12MP,12,"1/1.7"" Progressive Scan CMOS","Horizontal (wall): 180, Horizontal (ceiling): 360",ir,IP67,IK10,,2023,0
luma-lum-210-ptz,Luma,LUM-210-PTZ,ptz,1080p FHD,2,"1/2.8"" CMOS",,ir,IP67,,true,2022,0
luma-lum-220-ip-bf,Luma,LUM-220-IP-BF,bullet,1080p,2,,106 horizontal,ir,IP67,,false,,0
luma-lum-220-ip-df,Luma,LUM-220-IP-DF,dome,1080p,2,,106 horizontal,ir,IP67,IK10,false,,0
luma-lum-220-ip-tf,Luma,LUM-220-IP-TF,turret,1080p,2,,106 horizontal,ir,IP67,,false,,0
luma-lum-31-bul-ip,Luma,LUM-31-BUL-IP,bullet,1080p,2,,103 horizontal,ir,IP66,,false,,0
luma-lum-310-drb,Luma,LUM-310-DRB,bullet,3MP,3,"1/2.8"" CMOS",,ir,IP65,,true,2023,0
luma-lum-410-fis,Luma,LUM-410-FIS,fisheye,1440p QHD,4,"1/2.8"" CMOS",,ir,IP67,IK10,false,2022,0
luma-lum-420-ip-bm,Luma,LUM-420-IP-BM,bullet,4MP,4,,,ir,IP67,,false,,0
luma-lum-420-ip-dm,Luma,LUM-420-IP-DM,dome,4MP,4,,,ir,IP67,,false,,0
luma-lum-420-ip-ptz-25,Luma,LUM-420-IP-PTZ-25,ptz,4MP,4,"1/1.8"" CMOS",Horizontal: 57.6 - 2.4,ir,IP66,IK10,,2023,0
luma-lum-420-ip-ptz-4,Luma,LUM-420-IP-PTZ-4,ptz,4MP,4,,"Horizontal: 97 - 31, Vertical: 51 - 18, Diagonal: 115 - 36",ir,,IK10,,2023,0
luma-lum-420-ip-tm,Luma,LUM-420-IP-TM,turret,4MP,4,,,ir,IP67,,false,,0
luma-lum-420-w-fls,Luma,LUM-420-W-FLS,floodlight,4MP,4,"1/2.9"" CMOS",130 horizontal,hybrid,IP66,,true,,0
luma-lum-510-bul,Luma,LUM-510-BUL,bullet,2K/4MP,4,"1/2.7"" CMOS",,ir,IP67,,false,2022,0
luma-lum-510-dom,Luma,LUM-510-DOM,dome,2K/4MP,4,"1/2.7"" CMOS",,ir,IP67,IK10,false,2022,0
luma-lum-510-tur,Luma,LUM-510-TUR,turret,2K/4MP,4,"1/2.7"" CMOS",,ir,IP67,,true,2022,0
luma-lum-520-ip-bf,Luma,LUM-520-IP-BF,bullet,5MP,5,,,ir,IP67,,false,,0
luma-lum-520-ip-bfc,Luma,LUM-520-IP-BFC,bullet,5MP,5,,,color,IP67,,false,,0
luma-lum-520-ip-df,Luma,LUM-520-IP-DF,dome,5MP,5,,99.87 horizontal,ir,IP67,IK10,true,,0
luma-lum-520-ip-dft,Luma,LUM-520-IP-DFT,dome,5MP,5,,99.87 horizontal,ir,IP67,IK10,true,,0
luma-lum-520-ip-tf,Luma,LUM-520-IP-TF,turret,5MP,5,,,ir,IP67,,false,,0
luma-lum-520-ip-tfc,Luma,LUM-520-IP-TFC,turret,5MP,5,,,color,IP67,,false,,0
luma-lum-720-ip-fld,Luma,LUM-720-IP-FLD,floodlight,Dual 7MP,7,"Dual 7MP 1/1.8"" CMOS","Horizontal: 200, Vertical: 60",hybrid,IP66,,,2023,0
luma-lum-810-bul,Luma,LUM-810-BUL,bullet,4K UHD,8,"1/2.8"" CMOS",,ir,IP67,,false,2023,0
luma-lum-810-dom,Luma,LUM-810-DOM,dome,4K UHD,8,"1/2.8"" CMOS",,ir,IP67,IK10,false,2023,0
luma-lum-820-ip-bf,Luma,LUM-820-IP-BF,bullet,4K/8MP,8,,106.7 horizontal,ir,IP67,,,,0
luma-lum-820-ip-bm,Luma,LUM-820-IP-BM,bullet,4K/8MP,8,,97 to 32 horizontal,ir,IP67,,true,,0
luma-lum-820-ip-df,Luma,LUM-820-IP-DF,dome,4K/8MP,8,,106.7 horizontal,ir,IP67,IK10,true,,0
luma-lum-820-ip-dm,Luma,LUM-820-IP-DM,dome,4K/8MP,8,,32 to 97 horizontal,ir,IP67,IK10,true,,0
luma-lum-820-ip-tf,Luma,LUM-820-IP-TF,turret,4K/8MP,8,,106.7 horizontal,ir,IP67,,false,,0
luma-lum-820-ip-tm,Luma,LUM-820-IP-TM,turret,4K/8MP,8,,97 to 32 horizontal,ir,IP67,,false,,0
luminys-n2b-8rb2,Luminys,N2B-8RB2,bullet,8MP (3840x2160),8,1/2.7-in. 8MP Progressive CMOS,"111 horizontal, 59 vertical, 133 diagonal",ir,IP66,IK10,,,0
luminys-n2b-8rbv,Luminys,N2B-8RBV,bullet,8MP (3840x2160),8,1/2.7-in. 8MP Progressive CMOS,"111-32 horizontal, 57-18 vertical, 136-37 diagonal",ir,IP66,IK10,,,0
luminys-n2d-8rb2,Luminys,N2D-8RB2,dome,8MP (3840x2160),8,1/2.7-in. 8MP Progressive CMOS,"111 horizontal, 59 vertical, 133 diagonal",ir,IP66,IK10,,,0
luminys-n2t-4ra2,Luminys,N2T-4RA2,turret,4MP (2688x1520),4,1/2.9-in. 4MP Progressive CMOS,"95 horizontal, 52 vertical, 114 diagonal",ir,IP67,,,,0
luminys-n2t-8rbv,Luminys,N2T-8RBV,turret,8MP (3840x2160),8,1/2.7-in. 8MP Progressive CMOS,"111-32 horizontal, 57-18 vertical, 136-37 diagonal",ir,IP66,IK10,,,0
luminys-n3b-4la2,Luminys,N3B-4LA2,bullet,4MP (2688x1520),4,1/2.9-in. 4MP Progressive CMOS,"95 horizontal, 52 vertical, 114 diagonal",color,IP67,,,,0
luminys-n3b-4lav,Luminys,N3B-4LAV,bullet,4MP (2688x1520),4,1/2.9-in. 4MP Progressive CMOS,"97-28 horizontal, 52-16 vertical, 117-32 diagonal",color,IP67,IK10,,,0
luminys-n3b-8la2,Luminys,N3B-8LA2,bullet,8MP (3840x2160),8,1/2.7-in. 8MP Progressive CMOS,"110 horizontal, 58 vertical, 132 diagonal",ir,IP67,,,,0
luminys-n3b-8lav,Luminys,N3B-8LAV,bullet,8MP (3840x2160),8,1/2.7-in. 8MP Progressive CMOS,"114-32 horizontal, 58-17 vertical, 138-36 diagonal",ir,IP67,IK10,,,0
luminys-n3d-4la2,Luminys,N3D-4LA2,dome,4MP (2688x1520),4,1/2.9-in. 4MP Progressive CMOS,"95 horizontal, 52 vertical, 114 diagonal",ir,IP67,IK10,,,0
luminys-n3d-4lav,Luminys,N3D-4LAV,dome,4MP (2688x1520),4,1/2.9-in. 4MP Progressive CMOS,"97-28 horizontal, 52-16 vertical, 117-32 diagonal",ir,IP67,IK10,,,0
luminys-n3d-8la2,Luminys,N3D-8LA2,dome,8MP,8,1/2.7-in. 8MP Progressive CMOS,110h,ir,IP67,IK10,,,0
luminys-n3d-8lav,Luminys,N3D-8LAV,dome,8MP,8,1/2.7-in. 8MP Progressive CMOS,114-32h,ir,IP67,IK10,true,,0
luminys-n3t-4la2,Luminys,N3T-4LA2,turret,4MP (2688x1520),4,1/2.9-in. 4MP Progressive CMOS,"95 horizontal, 52 vertical, 114 diagonal",ir,IP67,,,,0
luminys-n3t-4la2b,Luminys,N3T-4LA2B,turret,4MP (2688x1520),4,1/2.9-in. 4MP Progressive CMOS,"95 horizontal, 52 vertical, 114 diagonal",color,IP67,,,,0
luminys-n3t-4lav,Luminys,N3T-4LAV,turret,4MP (2688x1520),4,1/2.9-in. 4MP Progressive CMOS,"97-28 horizontal, 52-16 vertical, 117-32 diagonal",ir,IP67,,,,0
luminys-n3t-5da2,Luminys,N3T-5DA2,turret,5MP (2960x1668),5,1/2.7-in. 5MP Progressive CMOS,"111 horizontal, 58 vertical, 132 diagonal",color,IP67,IK10,,,0
luminys-n3t-8ba2,Luminys,N3T-8BA2,turret,8MP (3840x2160),8,1/2.8-in. 8MP Progressive CMOS,"111 horizontal, 58 vertical, 132 diagonal",color,IP67,,,,0
luminys-n3t-8la2,Luminys,N3T-8LA2,turret,8MP,8,1/2.7-in. 8MP Progressive CMOS,110h,ir,IP67,,,,0
luminys-n3t-8lav,Luminys,N3T-8LAV,turret,8MP,8,1/2.7-in. 8MP Progressive CMOS,114-32h,ir,IP67,,,,0
luminys-n3w-4la2,Luminys,N3W-4LA2,box,4MP (2688x1520),4,1/2.9-in. 4MP Progressive CMOS,"95 horizontal, 52 vertical, 114 diagonal",ir,IP67,IK10,,,0
luminys-n4b-4va2,Luminys,N4B-4VA2,bullet,4MP,4,1/1.8-in. 4MP Progressive CMOS,112h,color,IP67,,,,0
luminys-n4b-8va2,Luminys,N4B-8VA2,bullet,8MP,8,1/1.8-in. 8MP Progressive CMOS,110h,color,IP67,,,,0
luminys-n4t-4va2,Luminys,N4T-4VA2,turret,4MP,4,1/1.8-in. 4MP Progressive CMOS,112h,color,IP67,,,,0
luminys-n4t-8va2,Luminys,N4T-8VA2,turret,8MP,8,1/1.8-in. 8MP Progressive CMOS,110h,color,IP67,,,,0
luminys-n5b-12la2,Luminys,N5B-12LA2,bullet,12MP,12,1/2.5-in. 12MP Progressive CMOS,112,ir,IP67,IK10,,,0
luminys-n5b-4ca2,Luminys,N5B-4CA2,bullet,4MP,4,1/1.8-in. 4MP Progressive CMOS,112,color,IP67,IK10,,,0
luminys-n5b-4la2,Luminys,N5B-4LA2,bullet,4MP,4,1/1.8-in. 4MP Progressive CMOS,111h,ir,IP67,IK10,true,,0
luminys-n5b-4la2c,Luminys,N5B-4LA2C,bullet,4MP (2688x1520),4,1/1.8-in. 4MP Progressive CMOS,"111 horizontal, 60 vertical, 135 diagonal",color,IP67,IK10,,,0
luminys-n5b-4lav,Luminys,N5B-4LAV,bullet,4MP,4,1/1.8-in. 4MP Progressive CMOS,114-48,ir,IP67,IK10,,,0
luminys-n5b-8ca2,Luminys,N5B-8CA2,bullet,8MP,8,1/1.8-in. 8MP Progressive CMOS,110,color,IP67,IK10,,,0
luminys-n5b-8la2,Luminys,N5B-8LA2,bullet,8MP,8,1/1.8-in. 8MP Progressive CMOS,109,ir,IP67,IK10,,,0
luminys-n5b-8lav,Luminys,N5B-8LAV,bullet,8MP,8,1/1.8-in. 8MP Progressive CMOS,112-48,ir,IP67,IK10,,,0
luminys-n5d-12la2,Luminys,N5D-12LA2,dome,12MP,12,1/2.5-in. 12MP Progressive CMOS,112,ir,IP67,IK10,,,0
luminys-n5d-4la2,Luminys,N5D-4LA2,dome,4MP,4,1/1.8-in. 4MP Progressive CMOS,112,ir,IP67,IK10,true,,0
luminys-n5d-4lav,Luminys,N5D-4LAV,dome,4MP,4,1/1.8-in. 4MP Progressive CMOS,114 to 48 horizontal,ir,IP67,IK10,,,0
luminys-n5d-4lavc,Luminys,N5D-4LAVC,dome,4MP (2688x1520),4,1/1.8-in. 4MP Progressive CMOS,"114-48 horizontal, 59-27 vertical, 143-56 diagonal",ir,IP67,IK10,,,0
luminys-n5d-8la2,Luminys,N5D-8LA2,dome,8MP,8,1/1.8-in. 8MP Progressive CMOS,110,ir,IP67,IK10,,,0
luminys-n5d-8lav,Luminys,N5D-8LAV,dome,8MP,8,1/1.8-in. 8MP Progressive CMOS,112 to 48 horizontal,ir,IP67,IK10,,,0
luminys-n5p-12db2,Luminys,N5P-12DB2,panoramic,12MP (5000x2500),12,Dual 1/2.5-in. 6MP Progressive CMOS,"180 horizontal, 78 vertical",ir,IP67,IK10,true,,0
luminys-n5p-8da2,Luminys,N5P-8DA2,panoramic,"8MP (2x 4MP stitched, 4096x1860)",8,2x 1/2.7-in. 4MP Progressive CMOS,180 horizontal,ir,IP67,,true,,0
luminys-n5t-12la2,Luminys,N5T-12LA2,turret,12MP (4512x2512),12,1/2.5-in. 12MP Progressive CMOS,"112 horizontal, 58 vertical, 139 diagonal",ir,IP67,,,,0
luminys-n5t-4ca2,Luminys,N5T-4CA2,turret,4MP,4,1/1.8-in. 4MP Progressive CMOS,110 horizontal,color,IP67,,,,0
luminys-n5t-4da2,Luminys,N5T-4DA2,turret,4MP,4,1/2.7-in. 4MP Progressive CMOS,101 horizontal,ir,IP67,,true,,0
luminys-n5t-4la2,Luminys,N5T-4LA2,turret,4MP,4,1/1.8-in. 4MP Progressive CMOS,111 horizontal,ir,IP67,,,,0
luminys-n5t-4la2c,Luminys,N5T-4LA2C,turret,4MP (2688x1520),4,1/1.8-in. 4MP Progressive CMOS,"111 horizontal, 60 vertical, 135 diagonal",ir,IP67,,,,0
luminys-n5t-4lav,Luminys,N5T-4LAV,turret,4MP (2688x1520),4,1/1.8-in. 4MP Progressive CMOS,"114 to 48 horizontal, 59 to 27 vertical, 143 to 56 diagonal",ir,IP67,,,,0
luminys-n5t-8ca2,Luminys,N5T-8CA2,turret,8MP (3840x2160),8,1/1.8-in. 8MP Progressive CMOS,"110 horizontal, 59 vertical, 130 diagonal",color,IP67,,,,0
luminys-n5t-8da2,Luminys,N5T-8DA2,turret,8MP,8,1/2.8-in. 8MP Progressive CMOS,106 horizontal,ir,IP67,,true,,0
luminys-n5t-8dav,Luminys,N5T-8DAV,turret,8MP (3840x2160),8,1/2.8-in. 8MP Progressive CMOS,"108 to 34 horizontal, 56 to 19 vertical, 130 to 39 diagonal",ir,IP67,,true,,0
luminys-n5t-8la2,Luminys,N5T-8LA2,turret,8MP (3840x2160),8,1/1.8-in. 8MP Progressive CMOS,"109 horizontal, 59 vertical, 131 diagonal",ir,IP67,,,,0
luminys-n5t-8la2b,Luminys,N5T-8LA2B,turret,8MP (3840x2160),8,1/1.8-in. 8MP Progressive CMOS,"109 horizontal, 59 vertical, 131 diagonal",ir,IP67,,,,0
luminys-n5t-8lav,Luminys,N5T-8LAV,turret,8MP (3840x2160),8,1/1.8-in. 8MP Progressive CMOS,"112 to 48 horizontal, 58 to 27 vertical, 137 to 55 diagonal",ir,IP67,,,,0
luminys-n9f-12ra1,Luminys,N9F-12RA1,fisheye,12MP (4000x3000),12,1/1.7-in. 12MP Progressive CMOS,"185 horizontal, 180 vertical",ir,IP67,IK10,true,,0
luminys-n9f-8ra1,Luminys,N9F-8RA1,fisheye,8MP (3280x2480),8,1/1.7-in. 8MP Progressive CMOS,"185 horizontal, 180 vertical",ir,IP67,IK10,true,,0
luminys-n9l-4ral,Luminys,N9L-4RAL,box,4MP (2688x1520),4,1/1.8-in. 4MP Progressive CMOS,"40.55-9.33 horizontal, 22.7-5.3 vertical, 46.6-10.63 diagonal",ir,IP67,,,,0
luminys-n9p-20rav,Luminys,N9P-20RAV,panoramic,"20MP (4x 5MP, 2592x1944 per sensor)",20,Four (4) 1/2.7-in. 5MP Progressive CMOS,"100-42 horizontal, 74-32 vertical, 133-53 diagonal",ir,IP67,IK10,,,0
luminys-n9p-4ra2,Luminys,N9P-4RA2,panoramic,Dual 4MP (2688x1520 per sensor),8,Dual 1/2.7-in. 4MP CMOS,"101 horizontal, 54 vertical, 120 diagonal",ir,IP67,IK10,,,0
lupus-le201-wlan,Lupus Electronics,LE201,bullet,1.3MP,1.3,CMOS,92 horizontal,ir,IP66,,false,2019,0
lupus-le202-wlan,Lupus Electronics,LE202,bullet,3MP,3,CMOS,107 horizontal,ir,IP66,,false,2022,0
lupus-le203-poe,Lupus Electronics,LE203,dome,1.3MP,1.3,CMOS,92 horizontal,ir,IP67,,false,2020,0
lupus-le204-wlan,Lupus Electronics,LE204,dome,3MP,3,CMOS,107 horizontal,ir,IP66,,false,2022,0
lupus-le213-ai,Lupus Electronics,LE213,ptz,3MP,3,CMOS,355 pan / 90 tilt,ir,IP20,,true,2026,0
lupus-le221-poe,Lupus Electronics,LE221,bullet,4K UHD,8,CMOS,110-30 horizontal,ir,IP67,,false,2022,0
lupus-le224-poe,Lupus Electronics,LE224,dome,4K UHD,8,CMOS,107 horizontal,ir,IP67,IK10,false,2024,0
lupus-le228-poe,Lupus Electronics,LE228,panoramic,4MP,4,CMOS,360 fisheye,ir,IP66,,false,2022,0
lupus-le232-alarm,Lupus Electronics,LE232,bullet,4MP,4,CMOS,107 horizontal,hybrid,IP67,,true,2024,0
mapesen-50dai50fa2-ptbr-fc,Mapesen,50DAI50FA2-PTBR-FC,dome,5MP,5,"1/2.8"" CMOS",,ir,IP65,,true,,0
mapesen-50dg603lfa2-ptbr-pc,Mapesen,50DG603LFA2-PTBR-PC,dome,6MP,6,"1/3"" OS04D10 CMOS",,hybrid,IP65,,true,,0
mapesen-50dq500sfa2-p,Mapesen,50DQ500SFA2-P,dome,5MP,5,"1/2.7"" CMOS",,hybrid,IP65,,true,,0
mapesen-50dq500sfa2-pt,Mapesen,50DQ500SFA2-PT,dome,5MP,5,"1/2.7"" CMOS",,hybrid,IP65,,true,,0
mapesen-50dq80xsfa2-p,Mapesen,50DQ80XSFA2-P,dome,8MP,8,"1/2.66"" CMOS",,hybrid,IP65,,true,,0
mapesen-50dq80xsfa2-pt,Mapesen,50DQ80XSFA2-PT,dome,8MP,8,"1/2.66"" CMOS",,hybrid,IP65,,true,,0
mapesen-80bai40fa-ptbr-fc,Mapesen,80BAI40FA-PTBR-FC,bullet,4MP,4,"1/1.8"" CMOS",,ir,IP66,,false,,0
mapesen-80bai40m5a2-ptbr-fc,Mapesen,80BAI40M5A2-PTBR-FC,bullet,4MP,4,"1/1.8"" CMOS",,ir,IP66,,true,,0
mapesen-80bai50fa-ptbr-fc,Mapesen,80BAI50FA-PTBR-FC,bullet,5MP,5,"1/2.8"" CMOS",,ir,IP66,,true,,0
mapesen-80bai50m1a2-ptbr-fc,Mapesen,80BAI50M1A2-PTBR-FC,bullet,5MP,5,"1/2.8"" CMOS",,ir,IP66,,true,,0
mapesen-80bai80sm5a2-ptba-lpr,Mapesen,80BAI80SM5A2-PTBA-LPR,bullet,8MP,8,"1/2.8"" Sony IMX415 CMOS",,hybrid,IP66,,true,,0
mapesen-80bg603lfa2-ptbr-pc,Mapesen,80BG603LFA2-PTBR-PC,bullet,6MP,6,"1/3"" OS04D10 CMOS",,hybrid,IP66,,true,,0
mapesen-80bg603lfa2-tbr-pc-4g,Mapesen,80BG603LFA2-TBR-PC-4G,bullet,6MP,6,"1/3"" OS04D10 CMOS",,hybrid,IP66,,true,,0
mapesen-80bh203lf,Mapesen,80BH203LF,bullet,2MP,2,"1/3.02"" Color CMOS",,color,,,,,0
mapesen-80bh203lv,Mapesen,80BH203LV,bullet,2MP,2,"1/3.02"" Color CMOS",,color,,,,,0
mapesen-80bh500lf,Mapesen,80BH500LF,bullet,5MP,5,"1/3"" Color CMOS",,hybrid,,,,,0
mapesen-80bh500lv,Mapesen,80BH500LV,bullet,5MP,5,"1/3"" Color CMOS",,hybrid,,,,,0
mapesen-80bh800lf,Mapesen,80BH800LF,bullet,8MP,8,"1/2.8"" SONY Color CMOS",,color,,,,,0
mapesen-80bh800lv,Mapesen,80BH800LV,bullet,8MP,8,"1/2.8"" SONY Color CMOS",,color,,,,,0
mapesen-80bh802lf,Mapesen,80BH802LF,bullet,8MP,8,"1/3"" Color CMOS",,color,,,,,0
mapesen-80bq500sfa2-p,Mapesen,80BQ500SFA2-P,bullet,5MP,5,"1/2.7"" CMOS",,hybrid,IP67,,true,,0
mapesen-80bq500sfa2-pt,Mapesen,80BQ500SFA2-PT,bullet,5MP,5,"1/2.7"" CMOS",,hybrid,IP67,,true,,0
mapesen-80bq80xsfa2-p,Mapesen,80BQ80XSFA2-P,bullet,8MP,8,"1/2.66"" CMOS",,hybrid,IP67,,true,,0
mapesen-80bq80xsfa2-pt,Mapesen,80BQ80XSFA2-PT,bullet,8MP,8,"1/2.66"" CMOS",,hybrid,IP67,,true,,0
mapesen-be501h2-q506-p,Mapesen,BE501H2-Q506-P,ptz,5MP,5,"1/2.7"" low-illumination CMOS",2.9-55.4,,IP68,,,,0
mapesen-l2ih203lf,Mapesen,L2IH203LF,bullet,2MP,2,"1/3.02"" Color CMOS",,hybrid,,,,,0
mapesen-l2ih500lf,Mapesen,L2IH500LF,bullet,5MP,5,"1/3"" Color CMOS",,hybrid,,,,,0
mapesen-l2ih509lf,Mapesen,L2IH509LF,bullet,5MP,5,"1/3.02"" Color CMOS",,hybrid,,,,,0
mapesen-l2ih800lf,Mapesen,L2IH800LF,bullet,8MP,8,"1/2.8"" Sony Color CMOS",,hybrid,,,,,0
mapesen-l2ih802lf,Mapesen,L2IH802LF,bullet,8MP,8,"1/3"" Color CMOS",,hybrid,,,,,0
mapesen-l2iq401lfa2-p,Mapesen,L2IQ401LFA2-P,bullet,4MP,4,"1/2.9"" CMOS",,hybrid,IP66,,true,,0
mapesen-l2iq504lfa2-p,Mapesen,L2IQ504LFA2-P,bullet,5MP,5,"1/2.8"" CMOS",,hybrid,IP66,,true,,0
mapesen-l2iq80xlfa2-p,Mapesen,L2IQ80XLFA2-P,bullet,8MP,8,"1/2.66"" CMOS",,hybrid,IP66,,true,,0
mapesen-l2kh203lf,Mapesen,L2KH203LF,bullet,2MP,2,"1/3.02"" Color CMOS",,hybrid,,,,,0
mapesen-l2kh500lf,Mapesen,L2KH500LF,bullet,5MP,5,"1/3"" Color CMOS",,hybrid,,,,,0
mapesen-l2kh509lf,Mapesen,L2KH509LF,bullet,5MP,5,"1/3.02"" Color CMOS",,hybrid,,,,,0
mapesen-l2kh800lf,Mapesen,L2KH800LF,bullet,8MP,8,"1/2.8"" Sony Color CMOS",,hybrid,,,,,0
mapesen-l2kh802lf,Mapesen,L2KH802LF,bullet,8MP,8,"1/3"" Color CMOS",,hybrid,,,,,0
mapesen-l2kq401lfa2-p,Mapesen,L2KQ401LFA2-P,bullet,4MP,4,"1/2.9"" low illumination CMOS",,hybrid,IP67,,true,,0
mapesen-l2kq500sfa2-p,Mapesen,L2KQ500SFA2-P,bullet,5MP,5,"1/2.7"" CMOS",,hybrid,IP67,,true,,0
mapesen-l2kq500sfa2-pt,Mapesen,L2KQ500SFA2-PT,bullet,5MP,5,"1/2.7"" CMOS",,hybrid,IP67,,true,,0
mapesen-l2kq504lfa2-p,Mapesen,L2KQ504LFA2-P,bullet,5MP,5,"1/2.8"" low illumination CMOS",,hybrid,IP67,,true,,0
mapesen-l2kq80xlfa2-p,Mapesen,L2KQ80XLFA2-P,bullet,4K,8,"1/2.66"" 8MP low illumination CMOS",,hybrid,IP67,,true,,0
mapesen-l2kq80xlfa2-pt,Mapesen,L2KQ80XLFA2-PT,bullet,4K,8,"1/2.66"" 8MP low illumination CMOS",,hybrid,IP67,,true,,0
mapesen-l2kq80xsfa2-p,Mapesen,L2KQ80XSFA2-P,bullet,8MP,8,"1/2.66"" CMOS",,hybrid,IP67,,true,,0
mapesen-l2kq80xsfa2-pt,Mapesen,L2KQ80XSFA2-PT,bullet,8MP,8,"1/2.66"" CMOS",,hybrid,IP67,,true,,0
mapesen-l6kh203lf,Mapesen,L6KH203LF,bullet,2MP,2,"1/3.02"" Color CMOS",,color,,,,,0
mapesen-l6kh500lf,Mapesen,L6KH500LF,bullet,5MP,5,"1/3"" Color CMOS",,color,,,,,0
mapesen-l6kh509lf,Mapesen,L6KH509LF,bullet,5MP,5,"1/3.02"" Color CMOS",,color,,,,,0
mapesen-l6kh800lf,Mapesen,L6KH800LF,bullet,8MP,8,"1/2.8"" Sony Color CMOS",,color,,,,,0
mapesen-l6kh802lf,Mapesen,L6KH802LF,bullet,8MP,8,"1/3"" Color CMOS",,color,,,,,0
mapesen-l6kq401lfa2-p,Mapesen,L6KQ401LFA2-P,bullet,4MP,4,"1/2.9"" low illumination CMOS",,hybrid,IP67,,true,,0
mapesen-l6kq500sfa2-p,Mapesen,L6KQ500SFA2-P,bullet,5MP,5,"1/2.7"" 5MP low illumination CMOS",,hybrid,IP67,,true,,0
mapesen-l6kq500sfa2-pt,Mapesen,L6KQ500SFA2-PT,bullet,5MP,5,"1/2.7"" 5MP low illumination CMOS",,hybrid,IP67,,true,,0
mapesen-l6kq504lfa2-p,Mapesen,L6KQ504LFA2-P,bullet,5MP,5,"1/2.8"" low illumination CMOS",,hybrid,IP67,,true,,0
mapesen-l6kq80xlfa2-p,Mapesen,L6KQ80XLFA2-P,bullet,8MP,8,"1/2.66"" 8MP low illumination CMOS",,hybrid,IP67,,true,,0
mapesen-l6kq80xsfa2-p,Mapesen,L6KQ80XSFA2-P,bullet,8MP,8,"1/2.66"" 8MP low illumination CMOS",,hybrid,IP67,,true,,0
mapesen-l6kq80xsfa2-pt,Mapesen,L6KQ80XSFA2-PT,bullet,8MP,8,"1/2.66"" 8MP low illumination CMOS",,hybrid,IP67,,true,,0
mapesen-lpr-h3kp500m4-t,Mapesen,LPR-H3KP500M4-T,bullet,5MP,5,5MP starlight CMOS,,ir,IP65,,,,0
mapesen-m1kq401lfa2-p,Mapesen,M1KQ401LFA2-P,dome,4MP,4,"1/2.9"" CMOS",,hybrid,,,true,,0
mapesen-m1kq504lfa2-p,Mapesen,M1KQ504LFA2-P,dome,5MP,5,"1/2.8"" CMOS",,hybrid,IP65,,true,,0
mapesen-m1kq80xlfa2-p,Mapesen,M1KQ80XLFA2-P,dome,8MP,8,"1/2.66"" CMOS",,hybrid,IP65,,true,,0
mapesen-m2jq500sfa2-p,Mapesen,M2JQ500SFA2-P,dome,5MP,5,"1/2.7"" low-illumination CMOS",,hybrid,IP65,,true,,0
mapesen-m2jq504lfa2-p,Mapesen,M2JQ504LFA2-P,dome,5MP,5,"1/2.8"" low illumination CMOS",,hybrid,IP65,,true,,0
mapesen-m2jq80xlfa2-p,Mapesen,M2JQ80XLFA2-P,dome,8MP,8,"1/2.66"" low illumination CMOS",,hybrid,IP65,,true,,0
mapesen-m2jq80xlfa2-pt,Mapesen,M2JQ80XLFA2-PT,dome,8MP,8,"1/2.66"" low illumination CMOS",,hybrid,IP65,,true,,0
mapesen-m2jq80xsfa2-p,Mapesen,M2JQ80XSFA2-P,dome,8MP,8,"1/2.66"" low-illumination CMOS",,hybrid,IP65,,true,,0
mapesen-m6jq500sfa2-p,Mapesen,M6JQ500SFA2-P,dome,5MP,5,"1/2.7"" low-illumination CMOS",,hybrid,IP65,,true,,0
mapesen-m6jq504lfa2-p,Mapesen,M6JQ504LFA2-P,dome,5MP,5,"1/2.8"" CMOS",,hybrid,IP65,,true,,0
mapesen-m6jq80xlfa2-p,Mapesen,M6JQ80XLFA2-P,dome,8MP,8,"1/2.66"" CMOS",,hybrid,IP65,,true,,0
mapesen-m6jq80xlfa2-pt,Mapesen,M6JQ80XLFA2-PT,dome,8MP,8,"1/2.66"" 8MP low illumination CMOS",,hybrid,IP65,,true,,0
mapesen-m6jq80xsfa2-p,Mapesen,M6JQ80XSFA2-P,dome,8MP,8,"1/2.66"" low-illumination CMOS",,hybrid,IP65,,true,,0
mapesen-p1ah203lf,Mapesen,P1AH203LF,bullet,2MP,2,"1/3.02"" Color CMOS",,color,,,,,0
mapesen-p1ah500lf,Mapesen,P1AH500LF,bullet,5MP,5,"1/3"" Color CMOS",,color,,,,,0
mapesen-p1ah509lf,Mapesen,P1AH509LF,bullet,5MP,5,"1/3.02"" Color CMOS",,color,,,,,0
mapesen-p1ah800lf,Mapesen,P1AH800LF,bullet,8MP,8,"1/2.8"" Sony Color CMOS",,color,,,,,0
mapesen-p1ah802lf,Mapesen,P1AH802LF,bullet,8MP,8,"1/3"" Color CMOS",,color,,,false,,0
mapesen-q2eh500lf,Mapesen,Q2EH500LF,dome,5MP,5,"1/3"" Color CMOS",,hybrid,,,,,0
mapesen-q2eh509lf,Mapesen,Q2EH509LF,dome,5MP,5,"1/3.02"" Color CMOS",,hybrid,,,,,0
mapesen-q2eh802lf,Mapesen,Q2EH802LF,dome,8MP,8,"1/3"" Color CMOS",,hybrid,,,,,0
mapesen-q3bq401lfa2-p,Mapesen,Q3BQ401LFA2-P,dome,4MP,4,"1/2.9"" CMOS",,hybrid,,,true,,0
mapesen-q3bq504lfa2-p,Mapesen,Q3BQ504LFA2-P,dome,5MP,5,"1/2.8"" CMOS",,hybrid,,,true,,0
mapesen-q3bq80xlfa2-p,Mapesen,Q3BQ80XLFA2-P,dome,8MP,8,"1/2.66"" CMOS",,hybrid,,,true,,0
march-networks-me4-series,March Networks,ME4 Series,dome,1440p QHD,4,"1/3"" CMOS",,ir,IP66,IK10,false,2022,0
march-networks-me8,March Networks,ME8,dome,4K UHD,8,"1/2.8"" CMOS",,ir,IP66,IK10,false,2023,0
march-networks-se2,March Networks,SE2,dome,1080p FHD,2,"1/2.8"" CMOS",,ir,IP66,IK10,false,2021,0
march-networks-se4,March Networks,SE4,dome,1440p QHD,4,"1/3"" CMOS",,ir,IP66,IK10,false,2022,0
milesight-ms-c2942-epb,Milesight,MS-C2942-EPB,ptz,2MP Fisheye,2,"1/2.8"" Progressive Scan CMOS",360 horizontal,ir,IP66,IK10,false,2022,0
milesight-ms-c2961-rlpb,Milesight,MS-C2961-RLPB,bullet,1080p,2,"1/2.8"" Progressive Scan CMOS",92-33 horizontal,ir,IP67,,false,2023,0
milesight-ms-c2962-fpb,Milesight,MS-C2962-FPB,bullet,1080p,2,"1/2.8"" Progressive Scan CMOS",109 horizontal,ir,IP67,,false,2022,0
milesight-ms-c2964-fpd,Milesight,MS-C2964-FPD,bullet,1080p,2,"1/2.8"" Progressive Scan CMOS",109 horizontal,ir,IP67,,false,2022,0
milesight-ms-c2972-fpb,Milesight,MS-C2972-FPB,dome,1080p,2,"1/2.8"" Progressive Scan CMOS",109-30 horizontal,ir,IP67,,false,2022,0
milesight-ms-c2983-pb,Milesight,MS-C2983-PB,dome,1080p,2,"1/2.8"" Starlight CMOS",109 horizontal,hybrid,IP67,,true,2023,0
milesight-ms-c4462-fpb,Milesight,MS-C4462-FPB,bullet,4MP QHD,4,"1/2.7"" Progressive Scan CMOS",102 horizontal,ir,IP67,,false,2022,0
milesight-ms-c5362-fpa,Milesight,MS-C5362-FPA,bullet,5MP,5,"1/2.7"" Progressive Scan CMOS",101 horizontal,ir,IP67,IK10,false,2022,0
milesight-ms-c5383-pb,Milesight,MS-C5383-PB,dome,5MP,5,"1/2.7"" Starlight CMOS",101 horizontal,hybrid,IP67,,true,2023,0
milesight-ms-c8172-fpa,Milesight,MS-C8172-FPA,dome,4K UHD,8,"1/1.8"" Progressive Scan CMOS",112 horizontal,ir,IP67,IK10,false,2023,0
milesight-ms-c8262-fpb,Milesight,MS-C8262-FPB,bullet,4K UHD,8,"1/1.8"" Progressive Scan CMOS",112 horizontal,ir,IP67,,false,2023,0
milesight-ms-c9674-pb,Milesight,MS-C9674-PB,panoramic,12MP 180° Panoramic,12,"1/1.8"" CMOS (x2)",180 horizontal,ir,IP67,,false,2023,0
mobotix-c71,Mobotix,C71,dome,4K UHD,4,,100h,ir,IP66,IK10,false,2022,0
mobotix-d14,Mobotix,D14,dual-lens,3MP (QXGA),3,,,,IP65,,,2013,0
mobotix-d15,Mobotix,D15,dual-lens,5MP (2 x 3MP),5,,,,IP65,,,2013,0
mobotix-d24m,Mobotix,D24M,dome,3MP (QXGA),3,,,ir,IP65,,,2013,0
mobotix-d71,Mobotix,D71,dome,4K UHD or 4MP ULL,8,"1/2"" 4K UHD or 4MP ULL CMOS (selectable)",,ir,IP66,IK10,true,,0
mobotix-m12d,Mobotix,M12D,dual-lens,3MP (QXGA),3,,,hybrid,,,,2013,0
mobotix-m24m,Mobotix,M24M,box,3MP (QXGA),3,,,ir,IP66,,,2013,0
mobotix-m73,Mobotix,M73,box,4K/8MP,8,Interchangeable: 4K UHD / 12MP / 4MP ULL / hemispheric sensor modules,,hybrid,IP66,IK10,true,,0
mobotix-p71,Mobotix,P71,box,4K UHD,8,"1/2.5"" CMOS",60-2.3 horizontal,ir,IP66,IK10,false,,0
mobotix-q24m,Mobotix,Q24M,fisheye,3MP (QXGA),3,,,ir,,,,2013,0
mobotix-q71,Mobotix,Q71,fisheye,12MP UHD,12,"1/1.7"" 12MP CMOS",360 (ceiling) / 180 (wall),hybrid,IP66,IK10,true,,0
mobotix-s14,Mobotix,S14,fisheye,3.1MP,3.1,,,ir,IP65,,,2013,0
mobotix-s74,Mobotix,S74,box,Up to 12MP (sensor-dependent),12,Interchangeable: 4K / 12MP / hemispheric modules,,hybrid,IP42,,true,,0
mobotix-s74-dual,Mobotix,S74 Dual Sensor,dual-lens,2x6MP dual sensor,12,"2x 1/1.8"" CMOS",,color,IP66,IK10,true,2022,0
mobotix-t24,Mobotix,T24,doorbell,3.1MP,3.1,,,,,,,2013,0
mobotix-v71,Mobotix,V71,dome,4K UHD,4,,100h,none,IP30,,false,2022,0
netatmo-smart-indoor-camera,Netatmo,Smart Indoor Camera,dome,1080p,2,,130 diagonal,ir,IP20,,true,2015,0
netatmo-smart-outdoor-camera,Netatmo,Smart Outdoor Camera,bullet,1080p,2,,100 horizontal,ir,IP66,,false,2016,0
netatmo-smart-outdoor-camera-with-siren,Netatmo,"Smart Outdoor Camera (Presence, with Siren)",bullet,1080p,2,,100 horizontal,ir,IP66,,false,2021,0
netatmo-smart-video-doorbell,Netatmo,Smart Video Doorbell,doorbell,1080p,2,,165 diagonal,ir,IP44,,true,2021,0
night-owl-cam-bw4,Night Owl,CAM-BW4,bullet,2K,4,,,hybrid,,,true,,0
night-owl-cam-bw4-slr,Night Owl,CAM-BW4-SLR,bullet,2K,4,,,,,,true,,0
night-owl-cam-bwip4lu-fp,Night Owl,CAM-BWIP4LU-FP,bullet,2K,4,,105 diagonal,ir,IP65,,true,,0
night-owl-cam-bwnip2lbu,Night Owl,CAM-BWNIP2LBU,bullet,1080p,2,,,ir,IP65,,true,,0
night-owl-cam-ftn12-dm,Night Owl,CAM-FTN12-DM,dome,4K (12MP),12,,100 diagonal,hybrid,IP65,,true,,0
night-owl-cam-ftn12-mt-b,Night Owl,CAM-FTN12-MT-B,dome,4K (12MP),12,,100 diagonal,ir,IP66,,true,,0
night-owl-cam-fwip2-in,Night Owl,CAM-FWIP2-IN,bullet,1080p,2,,,,,,true,,0
night-owl-cam-fwip3pt-in,Night Owl,CAM-FWIP3PT-IN,ptz,3MP,3,,,,,,true,,0
night-owl-cam-fwip4l,Night Owl,CAM-FWIP4L,bullet,2K,4,,,,IP65,,true,,0
night-owl-cam-wnip2lbu,Night Owl,CAM-WNIP2LBU,bullet,1080p,2,,,color,IP65,,true,,0
night-owl-db-dbw2,Night Owl,DB-DBW2,doorbell,1080p,2,,140 diagonal,,IP43,,true,,0
novus-nvahd-1c5102d-1,NOVUS,NVAHD-1C5102D-1,box,720p,1,"1/3"" SONY CMOS",92-32,,,,,2016,0
novus-nvahd-1dn3101d-ir-1,NOVUS,NVAHD-1DN3101D/IR-1,dome,720p,1,"1/4"" APTINA CMOS",60,ir,,,,2016,0
novus-nvahd-1dn3101h-ir-1,NOVUS,NVAHD-1DN3101H/IR-1,bullet,720p,1,"1/4"" APTINA CMOS",60,ir,IP66,,,2016,0
novus-nvahd-1dn3101v-ir-1,NOVUS,NVAHD-1DN3101V/IR-1,dome,720p,1,"1/4"" APTINA CMOS",60,ir,IP66,,,2016,0
novus-nvahd-1dn3102sd-ir-1,NOVUS,NVAHD-1DN3102SD/IR-1,ptz,720p,1,"1/3"" SONY CMOS",51.8-5.86,ir,IP66,,,2016,0
novus-nvahd-1dn3103v-ir-1,NOVUS,NVAHD-1DN3103V/IR-1,dome,720p,1,"1/4"" APTINA CMOS",60,ir,IP66,,,2016,0
novus-nvahd-1dn3105v-ir-1,NOVUS,NVAHD-1DN3105V/IR-1,dome,720p,1,"1/4"" APTINA CMOS",60,ir,IP66,,,2016,0
novus-nvahd-1dn5100c-1,NOVUS,NVAHD-1DN5100C-1,box,720p,1,"1/3"" SONY CMOS",,,,,,2016,0
novus-nvahd-1dn5101h-ir-1,NOVUS,NVAHD-1DN5101H/IR-1,bullet,720p,1,"1/3"" SONY CMOS",78,ir,IP66,,,2016,0
novus-nvahd-1dn5101v-ir-1,NOVUS,NVAHD-1DN5101V/IR-1,dome,720p,1,"1/3"" SONY CMOS",78,ir,IP65,,,2016,0
novus-nvahd-1dn5102d-ir-1,NOVUS,NVAHD-1DN5102D/IR-1,dome,720p,1,"1/3"" SONY CMOS",87-31,ir,,,,2016,0
novus-nvahd-1dn5102h-ir-1,NOVUS,NVAHD-1DN5102H/IR-1,bullet,720p,1,"1/3"" SONY CMOS",92-32,ir,IP66,,,2016,0
novus-nvahd-1dn5102v-ir-1,NOVUS,NVAHD-1DN5102V/IR-1,dome,720p,1,"1/3"" SONY CMOS",92-32,ir,IP66,,,2016,0
novus-nvahd-1dn5104h-irh-2,NOVUS,NVAHD-1DN5104H/IRH-2,bullet,720p,1,"1/3"" SONY CMOS",94-32,ir,IP66,,,2016,0
novus-nvahd-1dn5106h-ir-1,NOVUS,NVAHD-1DN5106H/IR-1,bullet,720p,1,"1/3"" SONY CMOS",92-32,ir,IP66,,,2016,0
novus-nvahd-1dn5301h-1,NOVUS,NVAHD-1DN5301H-1,bullet,720p,1,"1/2"" SMARTSENS CMOS",85,,IP66,,,2016,0
novus-nvahd-1dn5301v-1,NOVUS,NVAHD-1DN5301V-1,dome,720p,1,"1/2"" SMARTSENS CMOS",85,,IP66,,,2016,0
novus-nvahd-2dn3102sd-ir-1,NOVUS,NVAHD-2DN3102SD/IR-1,ptz,1080p,2,"1/2.8"" SONY CMOS",64.2-7.3,ir,IP66,,,2016,0
novus-nvahd-2dn5100c-1,NOVUS,NVAHD-2DN5100C-1,box,1080p,2,"1/2.9"" SONY CMOS",,,,,,2016,0
novus-nvahd-2dn5101h-ir-1,NOVUS,NVAHD-2DN5101H/IR-1,bullet,1080p,2,"1/2.9"" SONY CMOS",83,ir,IP66,,,2016,0
novus-nvahd-2dn5101v-ir-1,NOVUS,NVAHD-2DN5101V/IR-1,dome,1080p,2,"1/2.9"" SONY CMOS",84,ir,IP65,,,2016,0
novus-nvahd-2dn5102d-ir-1,NOVUS,NVAHD-2DN5102D/IR-1,dome,1080p,2,"1/2.9"" SONY CMOS",100-53,ir,,,,2016,0
novus-nvahd-2dn5102h-ir-1,NOVUS,NVAHD-2DN5102H/IR-1,bullet,1080p,2,"1/2.9"" SONY CMOS",99-35,ir,IP66,,,2016,0
novus-nvahd-2dn5102v-ir-1,NOVUS,NVAHD-2DN5102V/IR-1,dome,1080p,2,"1/2.9"" SONY CMOS",106-55,ir,IP66,,,2016,0
novus-nvahd-2dn5104h-irh-2,NOVUS,NVAHD-2DN5104H/IRH-2,bullet,1080p,2,"1/3"" SONY CMOS",106-41,ir,IP66,,,2016,0
novus-nvahd-2dn5106h-ir-1,NOVUS,NVAHD-2DN5106H/IR-1,bullet,1080p,2,"1/2.9"" SONY CMOS",108-35,ir,IP66,,,2016,0
novus-nvahd-2dn5202h-ir-1,NOVUS,NVAHD-2DN5202H/IR-1,bullet,1080p,2,"1/2.9"" SONY CMOS",108-35,ir,IP66,,,2016,0
novus-nvahd-2dn5202sd-2,NOVUS,NVAHD-2DN5202SD-2,ptz,1080p,2,"1/3"" PANASONIC CMOS",58.7-3.2,,IP67,,,2016,0
novus-nvahd-2dn5202v-ir-1,NOVUS,NVAHD-2DN5202V/IR-1,dome,1080p,2,"1/2.9"" SONY CMOS",109-36,ir,IP66,,,2016,0
novus-nvip-12f-4201,NOVUS,NVIP-12F-4201,fisheye,12MP,12,"1/2.3"" OmniVision CMOS",,ir,IP66,,,,0
novus-nvip-12f-6501,NOVUS,NVIP-12F-6501,fisheye,12MP,12,"12 MPX CMOS 1/1.7"" SONY STARVIS",,ir,IP67,IK10,,,0
novus-nvip-12f-8501,NOVUS,NVIP-12F-8501,fisheye,12MP,12,"1/1.7"" SONY Exmor R STARVIS CMOS",,ir,IP66,IK10,,,0
novus-nvip-12h-6522m-f,NOVUS,NVIP-12H-6522M/F,bullet,12MP,12,"1/1.7"" SONY Exmor R STARVIS CMOS",,ir,IP67,,,,0
novus-nvip-2dpt-8701-30-t,NOVUS,NVIP-2DPT-8701/30/T,dual-lens,4MP,4,"4 MPX CMOS 1/2.8"" SONY (visual); Uncooled FPA Microbolometer 400x300 (thermal)",,,IP66,,,,0
novus-nvip-2dpt-8711-30-t,NOVUS,NVIP-2DPT-8711/30/T,dual-lens,4MP,4,"4 MPX CMOS 1/2.8"" SONY (visual); Uncooled FPA Microbolometer 400x300 (thermal)",,,IP66,,,,0
novus-nvip-2dpt-8721-30-t,NOVUS,NVIP-2DPT-8721/30/T,dual-lens,4MP,4,"4 MPX CMOS 1/2.8"" SONY (visual); Uncooled FPA Microbolometer 400x300 (thermal)",,,IP66,,,,0
novus-nvip-2dpt-8721m-30-t,NOVUS,NVIP-2DPT-8721M/30/T,dual-lens,4MP,4,"4 MPX CMOS 1/2.8"" SONY (visual); Uncooled FPA Microbolometer 400x300 (thermal)",,,IP66,,,,0
novus-nvip-2dpt-8731-30-t,NOVUS,NVIP-2DPT-8731/30/T,dual-lens,4MP,4,"4 MPX CMOS 1/2.8"" SONY (visual); Uncooled FPA Microbolometer 400x300 (thermal)",,,IP66,,,,0
novus-nvip-2dpt-8741-30-t,NOVUS,NVIP-2DPT-8741/30/T,dual-lens,4MP,4,"4 MPX CMOS 1/2.8"" SONY (visual); Uncooled FPA Microbolometer 400x300 (thermal)",,,IP66,,,,0
novus-nvip-2dpt-8741m-30-t,NOVUS,NVIP-2DPT-8741M/30/T,dual-lens,4MP,4,"4 MPX CMOS 1/2.8"" SONY (visual); Uncooled FPA Microbolometer 400x300 (thermal)",,,IP66,,,,0
novus-nvip-2dq-8303-t,NOVUS,NVIP-2DQ-8303/T,dual-lens,2MP,2,"2 MPX CMOS 1/2.8"" SONY STARVIS (visual) + Uncooled FPA Microbolometer 256x192 (thermal)",,,IP67,,,,0
novus-nvip-2h-4231,NOVUS,NVIP-2H-4231,bullet,1080p,2,"2 MPX CMOS 1/2.7"" SmartSens",,ir,IP66,,,,0
novus-nvip-2h-4231-wl,NOVUS,NVIP-2H-4231/WL,bullet,2 MPX,2,"2 MPX CMOS 1/2.7"" SmartSens",,ir,IP66,,,,0
novus-nvip-2h-6101-wl-lite,NOVUS,NVIP-2H-6101/WL/LITE,bullet,2MP,2,"1/3"" SmartSens CMOS",,ir,IP67,,,,0
novus-nvip-2h-6103-wl-lite,NOVUS,NVIP-2H-6103/WL/LITE,bullet,1080p,2,"2 MPX CMOS 1/3"" SmartSens",,ir,IP67,,,,0
novus-nvip-2h-6231-wl-ii,NOVUS,NVIP-2H-6231/WL-II,bullet,1080p,2,"1/2.8"" SmartSens CMOS",,ir,IP67,,,,0
novus-nvip-2h-6231-wl-ii-7043,NOVUS,NVIP-2H-6231/WL-II/7043,bullet,1080p,2,"1/2.8"" SmartSens CMOS",,ir,IP67,,,,0
novus-nvip-2h-6232,NOVUS,NVIP-2H-6232,bullet,1080p,2,"2 MPX CMOS 1/2.8"" SmartSens",,ir,IP67,,,,0
novus-nvip-2h-6232-ii-7043,NOVUS,NVIP-2H-6232-II/7043,bullet,2 MPX,2,"2 MPX CMOS 1/2.8"" SmartSens",,ir,IP67,,,,0
novus-nvip-2h-6232-wl-ii,NOVUS,NVIP-2H-6232/WL-II,bullet,1080p,2,"2 MPX CMOS 1/2.8"" SmartSens",,ir,IP67,,,,0
novus-nvip-2h-6232-wl-ii-7043,NOVUS,NVIP-2H-6232/WL-II/7043,bullet,1080p,2,"2 MPX CMOS 1/2.8"" SmartSens",,ir,IP67,,,,0
novus-nvip-2h-6511-f-ii,NOVUS,NVIP-2H-6511/F-II,bullet,1080p,2,"1/2.8"" SONY STARVIS CMOS",,ir,IP67,,,,0
novus-nvip-2h-6732m-lpr-ii,NOVUS,NVIP-2H-6732M/LPR-II,bullet,2 MPX,2,"1/1.8"" SONY STARVIS CMOS",,ir,IP67,IK10,,,0
novus-nvip-2sd-4550-18-f,NOVUS,NVIP-2SD-4550/18/F,ptz,1080p,2,"1/2.8"" SmartSens CMOS",,ir,IP66,,true,,0
novus-nvip-2sd-6540-15,NOVUS,NVIP-2SD-6540/15,ptz,1080p,2,"1/2.8"" SmartSens CMOS",,ir,IP66,IK10,,,0
novus-nvip-2sd-6540-25-f-ii,NOVUS,NVIP-2SD-6540/25/F-II,ptz,1080p,2,"1/2.8"" SmartSens CMOS",,ir,IP66,IK10,true,,0
novus-nvip-2v-6502m-f-ii,NOVUS,NVIP-2V-6502M/F-II,dome,1080p,2,"2 MPX CMOS 1/2.8"" SONY STARVIS",,ir,IP67,IK10,,,0
novus-nvip-2ve-4231,NOVUS,NVIP-2VE-4231,dome,1080p,2,"2 MPX CMOS 1/2.7"" SmartSens",,ir,IP66,,,,0
novus-nvip-2ve-6101-wl-lite,NOVUS,NVIP-2VE-6101/WL/LITE,dome,2MP,2,"1/3"" SmartSens CMOS",,ir,IP67,,,,0
novus-nvip-2ve-6103-wl-lite,NOVUS,NVIP-2VE-6103/WL/LITE,dome,1080p,2,"2 MPX CMOS 1/3"" SmartSens",,ir,IP67,,,,0
novus-nvip-2ve-6231-wl-ii,NOVUS,NVIP-2VE-6231/WL-II,dome,1080p,2,"2 MPX CMOS 1/2.8"" SmartSens",,ir,IP67,IK10,,,0
novus-nvip-2ve-6231-wl-ii-7043,NOVUS,NVIP-2VE-6231/WL-II/7043,dome,1080p,2,"1/2.8"" SmartSens CMOS",,ir,IP67,IK10,,,0
novus-nvip-2ve-6232-wl-ii,NOVUS,NVIP-2VE-6232/WL-II,dome,1080p,2,"1/2.8"" SmartSens CMOS",,ir,IP67,IK10,,,0
novus-nvip-2ve-6232-wl-ii-7043,NOVUS,NVIP-2VE-6232/WL-II/7043,dome,1080p,2,"1/2.8"" SmartSens CMOS",,ir,IP67,IK10,,,0
novus-nvip-2ve-6602,NOVUS,NVIP-2VE-6602,dome,2 MPX,2,"2 MPX CMOS 1/2.8"" SONY STARVIS",,ir,IP67,IK10,,,0
novus-nvip-3sd-8200-30,NOVUS,NVIP-3SD-8200/30,ptz,3MP,3,"3 MPX CMOS 1/2.8"" SONY Exmor R STARVIS",,ir,IP66,,,,0
novus-nvip-4c-6500-f,NOVUS,NVIP-4C-6500/F,box,4MP,4,"1/3"" SmartSens CMOS",,ir,,,,,0
novus-nvip-4d-6502m-f-ii,NOVUS,NVIP-4D-6502M/F-II,turret,4MP,4,"4 MPX CMOS 1/3"" SmartSens",,ir,,,,,0
novus-nvip-4h-4231-wlad,NOVUS,NVIP-4H-4231/WLAD,bullet,4MP,4,"1/3"" SmartSens CMOS",,ir,IP67,,,,0
novus-nvip-4h-6103-wl-lite,NOVUS,NVIP-4H-6103/WL/LITE,bullet,4MP,4,"4 MPX CMOS 1/3"" SmartSens",,ir,IP67,,,,0
novus-nvip-4h-6201-wl-ii,NOVUS,NVIP-4H-6201/WL-II,bullet,4MP,4,"1/3"" OmniVision CMOS",,ir,IP67,,,,0
novus-nvip-4h-6202m-wlad-ii,NOVUS,NVIP-4H-6202M/WLAD-II,bullet,4MP,4,"4 MPX CMOS 1/3"" OmniVision",,ir,IP66,IK10,true,,0
novus-nvip-4h-6211-wl-ii,NOVUS,NVIP-4H-6211/WL-II,bullet,4MP,4,"4 MPX CMOS 1/3"" OmniVision",,ir,IP67,,,,0
novus-nvip-4h-6502m-f-ii,NOVUS,NVIP-4H-6502M/F-II,bullet,4 MPX,4,"4 MPX CMOS 1/3"" SmartSens",,ir,IP67,IK10,,,0
novus-nvip-4h-6502m-f-ii-7043,NOVUS,NVIP-4H-6502M/F-II/7043,bullet,4 MPX,4,"4 MPX CMOS 1/3"" SmartSens",,ir,IP67,IK10,,,0
novus-nvip-4h-6511-f-ii,NOVUS,NVIP-4H-6511/F-II,bullet,4 MPX,4,"4 MPX CMOS 1/3"" SmartSens",,ir,IP67,IK10,,,0
novus-nvip-4h-6522m-f-ii,NOVUS,NVIP-4H-6522M/F-II,bullet,4MP,4,"1/3"" SmartSens CMOS",,ir,IP67,IK10,true,,0
novus-nvip-4h-6532m-f-ii,NOVUS,NVIP-4H-6532M/F-II,bullet,4 MPX,4,"4 MPX CMOS 1/3"" SmartSens",,ir,IP67,IK10,,,0
novus-nvip-4h-6601-wl-f,NOVUS,NVIP-4H-6601/WL/F,bullet,4 MPX,4,"1/2.9"" SmartSens CMOS",,ir,IP67,,,,0
novus-nvip-4h-6602m-wl-f,NOVUS,NVIP-4H-6602M/WL/F,bullet,4MP,4,"4 MPX CMOS 1/2.9"" SmartSens",,color,IP67,IK10,,,0
novus-nvip-4h-6702m-fwlad,NOVUS,NVIP-4H-6702M/FWLAD,bullet,4MP,4,"1/2.9"" SmartSens CMOS",,ir,IP66,,true,,0
novus-nvip-4h-6711-fwlad,NOVUS,NVIP-4H-6711/FWLAD,bullet,4MP,4,"1/2.9"" SmartSens CMOS",,ir,IP66,,true,,0
novus-nvip-4h-6732m-lpr-ii,NOVUS,NVIP-4H-6732M/LPR-II,bullet,4MP,4,"4 MPX CMOS 1/1.8"" SONY STARVIS",,ir,IP67,IK10,,,0
novus-nvip-4q-6101-pir-w,NOVUS,NVIP-4Q-6101/PIR/W,box,4MP,4,"4 MPX CMOS 1/3"" SmartSens",,ir,,,true,,0
novus-nvip-4sd-6510-3-f,NOVUS,NVIP-4SD-6510/3/F,ptz,4MP,4,"4 MPX CMOS 1/2.7"" SmartSens",,ir,IP67,IK10,,,0
novus-nvip-4sd-6543-25-f,NOVUS,NVIP-4SD-6543/25/F,ptz,4MP,4,"1/2.7"" SmartSens CMOS",,ir,IP66,IK10,true,,0
novus-nvip-4sd-6550-40,NOVUS,NVIP-4SD-6550/40,ptz,QHD,4,"4 MPX CMOS 1/2.7"" SmartSens",,ir,IP67,IK10,,,0
novus-nvip-4v-6511-f-ii,NOVUS,NVIP-4V-6511/F-II,dome,4MP,4,"1/3"" SmartSens CMOS",,ir,IP66,IK10,,,0
novus-nvip-4ve-4231-wlad,NOVUS,NVIP-4VE-4231/WLAD,dome,4MP,4,"1/3"" SmartSens CMOS",,ir,IP66,,,,0
novus-nvip-4ve-6103-wl-lite,NOVUS,NVIP-4VE-6103/WL/LITE,dome,4MP,4,"4 MPX CMOS 1/3"" SmartSens",,ir,IP67,,,,0
novus-nvip-4ve-6201-wl-ii,NOVUS,NVIP-4VE-6201/WL-II,dome,4MP,4,"1/3"" OmniVision CMOS",,ir,IP67,IK10,,,0
novus-nvip-4ve-6202m-wlad-ii,NOVUS,NVIP-4VE-6202M/WLAD-II,dome,4MP,4,"4 MPX CMOS 1/3"" OmniVision",,ir,IP66,IK10,true,,0
novus-nvip-4ve-6501-f-ii,NOVUS,NVIP-4VE-6501/F-II,dome,4 MPX,4,"4 MPX CMOS 1/3"" SmartSens",,ir,IP67,IK10,,,0
novus-nvip-4ve-6502m-f-ii,NOVUS,NVIP-4VE-6502M/F-II,dome,4 MPX,4,"4 MPX CMOS 1/3"" SmartSens",,ir,IP67,IK10,,,0
novus-nvip-4ve-6502m-f-ii-7043,NOVUS,NVIP-4VE-6502M/F-II/7043,dome,4 MPX,4,"4 MPX CMOS 1/3"" SmartSens",,ir,IP67,IK10,,,0
novus-nvip-4ve-6601-wl-f,NOVUS,NVIP-4VE-6601/WL/F,dome,4MP,4,"4 MPX CMOS 1/2.9"" SmartSens",,ir,IP67,IK10,,,0
novus-nvip-4ve-6602m-wl-f,NOVUS,NVIP-4VE-6602M/WL/F,dome,4MP,4,"4 MPX CMOS 1/2.9"" SmartSens",,ir,IP67,IK10,,,0
novus-nvip-5h-4231,NOVUS,NVIP-5H-4231,bullet,5MP,5,"5 MPX CMOS 1/2.7"" SmartSens",,ir,IP66,,,,0
novus-nvip-5h-4232,NOVUS,NVIP-5H-4232,bullet,5MP,5,"5 MPX CMOS 1/2.7"" SmartSens",,ir,IP66,,,,0
novus-nvip-5h-4232m,NOVUS,NVIP-5H-4232M,bullet,5MP,5,"5 MPX CMOS 1/2.7"" SmartSens",,ir,IP66,,,,0
novus-nvip-5h-4501,NOVUS,NVIP-5H-4501,bullet,5MP,5,"5 MPX CMOS 1/2.7"" SmartSens",,ir,IP66,,,,0
novus-nvip-5h-4511-fwlad,NOVUS,NVIP-5H-4511/FWLAD,bullet,5MP,5,"5 MPX CMOS 1/2.7"" SmartSens",,ir,IP67,,,,0
novus-nvip-5h-4512m-fwlad,NOVUS,NVIP-5H-4512M/FWLAD,bullet,5 MPX,5,"1/2.7"" SmartSens CMOS",,ir,IP67,,,,0
novus-nvip-5h-6502m-f,NOVUS,NVIP-5H-6502M/F,bullet,5MP,5,"5 MPX CMOS 1/2.7"" OmniVision",,ir,IP67,,,,0
novus-nvip-5h-6711-ta-3-ii,NOVUS,NVIP-5H-6711/TA/3-II,dual-lens,5MP,5,"1/2.7"" OmniVision CMOS",,ir,IP66,IK10,,,0
novus-nvip-5h-6711-ta-7-ii,NOVUS,NVIP-5H-6711/TA/7-II,dual-lens,5MP,5,"1/2.7"" OmniVision CMOS",,ir,IP66,IK10,,,0
novus-nvip-5sd-4550-33-f,NOVUS,NVIP-5SD-4550/33/F,ptz,5MP,5,"1/2.7"" OmniVision CMOS",,ir,IP66,,true,,0
novus-nvip-5sd-8570-40-f,NOVUS,NVIP-5SD-8570/40/F,ptz,5MP,5,"5 MPX CMOS 1/2.8"" SONY STARVIS",,ir,IP66,,,,0
novus-nvip-5ve-4231,NOVUS,NVIP-5VE-4231,dome,5MP,5,"5 MPX CMOS 1/2.7"" SmartSens",,ir,IP67,,,,0
novus-nvip-5ve-4232,NOVUS,NVIP-5VE-4232,dome,5MP,5,"5 MPX CMOS 1/2.7"" SmartSens",,ir,IP66,,,,0
novus-nvip-5ve-4232m,NOVUS,NVIP-5VE-4232M,dome,5MP,5,"5 MPX CMOS 1/2.7"" SmartSens",,ir,IP66,,,,0
novus-nvip-5ve-4501,NOVUS,NVIP-5VE-4501,dome,5MP,5,"5 MPX CMOS 1/2.7"" SmartSens",,ir,IP66,,,,0
novus-nvip-5ve-4511-fwlad,NOVUS,NVIP-5VE-4511/FWLAD,dome,5MP,5,"5 MPX CMOS 1/2.7"" SmartSens",,ir,IP66,,,,0
novus-nvip-5ve-4512m-fwlad,NOVUS,NVIP-5VE-4512M/FWLAD,dome,5MP,5,"5 MPX CMOS 1/2.7"" SmartSens",,ir,IP67,,,,0
novus-nvip-5ve-6711-ta-3-ii,NOVUS,NVIP-5VE-6711/TA/3-II,dual-lens,5MP,5,"1/2.7"" OmniVision CMOS",,ir,IP66,IK10,,,0
novus-nvip-5ve-6711-ta-7-ii,NOVUS,NVIP-5VE-6711/TA/7-II,dual-lens,5MP,5,"1/2.7"" OmniVision CMOS (visual)",,ir,IP66,IK10,,,0
novus-nvip-6f-6501,NOVUS,NVIP-6F-6501,fisheye,6MP,6,"1/2.5"" SmartSens CMOS",,ir,IP67,IK10,,,0
novus-nvip-6h-6201-wl,NOVUS,NVIP-6H-6201/WL,bullet,6MP,6,"6 MPX CMOS 1/2.5"" SmartSens",,ir,IP67,IK10,,,0
novus-nvip-6h-6201-wl-7043,NOVUS,NVIP-6H-6201/WL/7043,bullet,6MP,6,"1/2.5"" SmartSens CMOS",,ir,IP67,IK10,,,0
novus-nvip-6h-6202m-wl,NOVUS,NVIP-6H-6202M/WL,bullet,6MP,6,"6 MPX CMOS 1/2.5"" SmartSens",,ir,IP67,IK10,,,0
novus-nvip-6h-6202m-wl-7043,NOVUS,NVIP-6H-6202M/WL/7043,bullet,6MP,6,"1/2.5"" SmartSens CMOS",,ir,IP67,IK10,,,0
novus-nvip-6h-6202m-wlad,NOVUS,NVIP-6H-6202M/WLAD,bullet,6MP,6,"6 MPX CMOS 1/2.39"" SuperPix",,ir,IP66,IK10,,,0
novus-nvip-6h-6211-wlad,NOVUS,NVIP-6H-6211/WLAD,bullet,6MP,6,"6 MPX CMOS 1/2.39"" SuperPix",,ir,IP66,IK10,true,,0
novus-nvip-6h-6502m-f,NOVUS,NVIP-6H-6502M/F,bullet,6MP,6,"1/2.5"" SmartSens CMOS",,ir,IP67,IK10,true,,0
novus-nvip-6h-6511-f,NOVUS,NVIP-6H-6511/F,bullet,6MP,6,"6 MPX CMOS 1/2.5"" SmartSens",,ir,IP67,IK10,,,0
novus-nvip-6h-6522m-f,NOVUS,NVIP-6H-6522M/F,bullet,6MP,6,"1/2.5"" SmartSens CMOS",,ir,IP67,IK10,true,,0
novus-nvip-6h-6522m-f-7043,NOVUS,NVIP-6H-6522M/F/7043,bullet,6MP,6,"6 MPX CMOS 1/2.5"" SmartSens",,ir,IP67,IK10,,,0
novus-nvip-6ih-6101-wl-lite,NOVUS,NVIP-6IH-6101/WL/LITE,bullet,6MP,6,"CMOS 1/2.7"" SmartSens",,ir,IP67,,,,0
novus-nvip-6ive-6101-wl-lite,NOVUS,NVIP-6IVE-6101/WL/LITE,dome,6MP,6,"CMOS 1/2.7"" SmartSens",,ir,IP67,IK10,,,0
novus-nvip-6v-6502m-f,NOVUS,NVIP-6V-6502M/F,dome,6MP,6,"1/2.5"" SmartSens CMOS",,ir,IP67,IK10,true,,0
novus-nvip-6ve-6201-wl,NOVUS,NVIP-6VE-6201/WL,dome,6MP,6,"6 MPX CMOS 1/2.5"" SmartSens",,ir,IP67,IK10,,,0
novus-nvip-6ve-6201-wl-7043,NOVUS,NVIP-6VE-6201/WL/7043,dome,6MP,6,"1/2.5"" SmartSens CMOS",,ir,IP67,IK10,,,0
novus-nvip-6ve-6202m-wl,NOVUS,NVIP-6VE-6202M/WL,dome,6MP,6,"6 MPX CMOS 1/2.5"" SmartSens",,ir,IP67,IK10,,,0
novus-nvip-6ve-6202m-wl-7043,NOVUS,NVIP-6VE-6202M/WL/7043,dome,6MP,6,"6 MPX CMOS 1/2.5"" SmartSens",,ir,IP67,IK10,,,0
novus-nvip-6ve-6202m-wlad,NOVUS,NVIP-6VE-6202M/WLAD,dome,6MP,6,"6 MPX CMOS 1/2.39"" SuperPix",,ir,IP66,IK10,true,,0
novus-nvip-6ve-6211-wlad,NOVUS,NVIP-6VE-6211/WLAD,dome,6MP,6,"6 MPX CMOS 1/2.39"" SuperPix",,ir,IP66,IK10,,,0
novus-nvip-6ve-6501-f,NOVUS,NVIP-6VE-6501/F,dome,6MP,6,"1/2.5"" SmartSens CMOS",,ir,IP67,IK10,,,0
novus-nvip-6ve-6502m-f,NOVUS,NVIP-6VE-6502M/F,dome,6MP,6,"1/2.5"" SmartSens CMOS",,ir,IP67,IK10,true,,0
novus-nvip-8h-4231-wl,NOVUS,NVIP-8H-4231/WL,bullet,8 MPX,8,"1/2.7"" SmartSens CMOS",,ir,IP67,,,,0
novus-nvip-8h-4511-fwlad,NOVUS,NVIP-8H-4511/FWLAD,bullet,4K,8,"8 MPX CMOS 1/2.8"" OmniVision",,ir,IP67,,,,0
novus-nvip-8h-6101-wl-lite,NOVUS,NVIP-8H-6101/WL/LITE,bullet,4K,8,"8 MPX CMOS 1/2.7"" OmniVision",,ir,IP67,IK10,,,0
novus-nvip-8h-6202m-wl-ii,NOVUS,NVIP-8H-6202M/WL-II,bullet,4K,8,"1/2.8"" SONY CMOS",,ir,IP67,,,,0
novus-nvip-8h-6211-wl-ii,NOVUS,NVIP-8H-6211/WL-II,bullet,4K,8,"8 MPX CMOS 1/2.8"" SONY",,ir,IP67,,,,0
novus-nvip-8h-6511-f-ii,NOVUS,NVIP-8H-6511/F-II,bullet,4K,8,"8 MPX CMOS 1/2.8"" SONY STARVIS",,ir,IP67,,,,0
novus-nvip-8h-6522m-f-ii,NOVUS,NVIP-8H-6522M/F-II,bullet,4K,8,"8 MPX CMOS 1/2.8"" SONY STARVIS",,ir,IP67,IK10,true,,0
novus-nvip-8h-6522m-f-ii-7043,NOVUS,NVIP-8H-6522M/F-II/7043,bullet,4K,8,"8 MPX CMOS 1/2.8"" SONY STARVIS",,ir,IP67,IK10,true,,0
novus-nvip-8h-8932m-f,NOVUS,NVIP-8H-8932M/F,bullet,4K,8,"8 MPX CMOS 1/1.8"" SONY STARVIS",,ir,IP66,,,,0
novus-nvip-8pve-4501-fwlad,NOVUS,NVIP-8PVE-4501/FWLAD,panoramic,8MP,8,"5 MPX CMOS 1/2.7"" SmartSens x 2",,ir,IP67,,,,0
novus-nvip-8pve-6501-fwlad,NOVUS,NVIP-8PVE-6501/FWLAD,panoramic,8MP,8,"4 MPX CMOS 1/2.7"" SmartSens x2",,ir,IP66,,true,,0
novus-nvip-8sd-6540-25-f-ii,NOVUS,NVIP-8SD-6540/25/F-II,ptz,4K,8,"8 MPX CMOS 1/2.8"" SONY STARVIS",,ir,IP66,,,,0
novus-nvip-8sd-6550-32-f-ii,NOVUS,NVIP-8SD-6550/32/F-II,ptz,8 MPX,8,"1/2.8"" SONY STARVIS CMOS",,ir,IP67,IK10,,,0
novus-nvip-8v-6511-f-ii,NOVUS,NVIP-8V-6511/F-II,dome,4K,8,"8 MPX CMOS 1/2.8"" SONY STARVIS",,ir,IP67,IK10,,,0
novus-nvip-8ve-4231-wl,NOVUS,NVIP-8VE-4231/WL,dome,4K,8,"8 MPX CMOS 1/2.7"" SmartSens",,ir,IP66,,,,0
novus-nvip-8ve-4501p-wlad,NOVUS,NVIP-8VE-4501P/WLAD,panoramic,4K,8,"8 MPX CMOS 1/2.8"" SONY STARVIS",,ir,IP67,,,,0
novus-nvip-8ve-4511-fwlad,NOVUS,NVIP-8VE-4511/FWLAD,dome,4K,8,"8 MPX CMOS 1/2.8"" OmniVision",,ir,IP66,,,,0
novus-nvip-8ve-6101-wl-lite,NOVUS,NVIP-8VE-6101/WL/LITE,dome,4K,8,"8 MPX CMOS 1/2.7"" OmniVision",,ir,IP67,IK10,,,0
novus-nvip-8ve-6201-ii,NOVUS,NVIP-8VE-6201-II,dome,4K,8,"8 MPX CMOS 1/2.8"" SONY STARVIS",,ir,IP67,IK10,,,0
novus-nvip-8ve-6201-wl-ii,NOVUS,NVIP-8VE-6201/WL-II,dome,4K,8,"1/2.8"" SONY CMOS",,ir,IP67,IK10,,,0
novus-nvip-8ve-6202m-wl-ii,NOVUS,NVIP-8VE-6202M/WL-II,dome,4K,8,"1/2.8"" SONY CMOS",,ir,IP67,IK10,,,0
novus-nvip-8ve-6502m-f-ii,NOVUS,NVIP-8VE-6502M/F-II,dome,4K,8,"8 MPX CMOS 1/2.8"" SONY STARVIS",,ir,IP67,IK10,,,0
novus-nvip-h-8515-t,NOVUS,NVIP-H-8515/T,bullet,720p,0.9,Uncooled FPA Microbolometer 384x288,,,IP66,,,,0
novus-nvip-h-8525-t,NOVUS,NVIP-H-8525/T,bullet,720p,0.9,Uncooled FPA Microbolometer 384x288,,,IP66,,,,0
novus-nvip-h-8535-t,NOVUS,NVIP-H-8535/T,bullet,720p,0.9,Uncooled FPA Microbolometer 384x288,,,IP66,,,,0
novus-nvip-h-8545-t,NOVUS,NVIP-H-8545/T,bullet,720p,0.9,Uncooled FPA Microbolometer 384x288,,,IP66,,,,0
oncam-c08-iec1-o,Oncam,C08-IEC1-O,fisheye,8MP,8,8MP (approx.) CMOS,180,color,IP40,,,,0
oncam-c08-opc1-o,Oncam,C08-OPC1-O,fisheye,8MP,8,8MP (approx.) CMOS,180,color,IP69K,IK10,,,0
oncam-c12-iec1-o,Oncam,C12-IEC1-O,fisheye,12MP,12,12.4MP (approx.) CMOS,180,color,IP40,,,,0
oncam-c12-opc1-o,Oncam,C12-OPC1-O,fisheye,12MP,12,12.4MP (approx.) CMOS,180,color,IP69K,IK10,,,0
oncam-evo-05-eip,Oncam,EVO-05-EIP,fisheye,5MP,5,1/2.5-inch CMOS,180,color,IP68,,,,0
oncam-evo-05-ema,Oncam,EVO-05-EMA,fisheye,5MP,5,1/2.5-inch CMOS,180,color,IP68,,,,0
oncam-evo-05-eme,Oncam,EVO-05-EME,fisheye,5MP,5,1/2.5-inch CMOS,180,color,IP68,,,,0
oncam-evo-05-eoa,Oncam,EVO-05-EOA,fisheye,5MP,5,1/2.5-inch CMOS,180,color,IP68,,,,0
oncam-evo-05-eoe,Oncam,EVO-05-EOE,fisheye,5MP,5,1/2.5-inch CMOS,180,color,IP68,,,,0
oncam-evo-05-esa,Oncam,EVO-05-ESA,fisheye,5MP,5,1/2.5-inch CMOS,180,color,IP68,,,,0
oncam-evo-05-ese,Oncam,EVO-05-ESE,fisheye,5MP,5,1/2.5-inch CMOS,180,color,IP68,,,,0
oncam-evo-05-ldd,Oncam,EVO-05-LDD,fisheye,5MP,5,1/2.5-inch CMOS,180,color,IP40,,,,0
oncam-evo-05-ldm,Oncam,EVO-05-LDM,fisheye,5MP,5,1/2.5-inch CMOS,180,color,IP40,,,,0
oncam-evo-05-lin,Oncam,EVO-05-LIN,fisheye,5MP,5,1/2.5-inch CMOS,180,color,IP40,,,,0
oncam-evo-05-lmd,Oncam,EVO-05-LMD,fisheye,5MP,5,1/2.5-inch CMOS,180,color,IP66,IK10,,,0
oncam-evo-05-lmm,Oncam,EVO-05-LMM,fisheye,5MP,5,1/2.5-inch CMOS,180,color,IP66,IK10,,,0
oncam-evo-05-lrd,Oncam,EVO-05-LRD,fisheye,5MP,5,1/2.5-inch CMOS,180,color,IP40,,,,0
oncam-evo-05-nid,Oncam,EVO-05-NID,fisheye,5MP,5,1/2.5-inch CMOS,180,color,IP40,,,,0
oncam-evo-12-eip,Oncam,EVO-12-EIP,fisheye,12MP,12,1/2.3-inch Sony CMOS,180,color,IP68,,,,0
oncam-evo-12-ema,Oncam,EVO-12-EMA,fisheye,12MP,12,1/2.3-inch Sony CMOS,180,color,IP68,,,,0
oncam-evo-12-eme,Oncam,EVO-12-EME,fisheye,12MP,12,1/2.3-inch Sony CMOS,180,color,IP68,,,,0
oncam-evo-12-eoa,Oncam,EVO-12-EOA,fisheye,12MP,12,1/2.3-inch Sony CMOS,180,color,IP68,,,,0
oncam-evo-12-eoe,Oncam,EVO-12-EOE,fisheye,12MP,12,1/2.3-inch Sony CMOS,180,color,IP68,,,,0
oncam-evo-12-esa,Oncam,EVO-12-ESA,fisheye,12MP,12,1/2.3-inch Sony CMOS,180,color,IP68,,,,0
oncam-evo-12-ese,Oncam,EVO-12-ESE,fisheye,12MP,12,1/2.3-inch Sony CMOS,180,color,IP68,,,,0
oncam-evo-180-wid,Oncam,EVO-180-WID,fisheye,12MP,12,1/2.3-inch Sony CMOS,187,,,,,,0
openeye-oe-c1011d4-s,OpenEye,OE-C1011D4-S,dome,4MP,4,Progressive CMOS,103,ir,,,,,0
openeye-oe-c1012d2-s,OpenEye,OE-C1012D2-S,dome,2MP,2,Progressive CMOS,105,ir,IP67,IK10,,,0
openeye-oe-c1013d4-s,OpenEye,OE-C1013D4-S,dome,4MP,4,Progressive CMOS,84,ir,,,,,0
openeye-oe-c1014d4-s,OpenEye,OE-C1014D4-S,dome,4MP,4,"1/3"" CMOS",101,ir,IP67,IK10,true,,0
openeye-oe-c1016t2-s,OpenEye,OE-C1016T2-S,turret,2MP,2,"1/2.8"" CMOS",106,ir,IP67,,false,,0
openeye-oe-c1018t4,OpenEye,OE-C1018T4,turret,4MP,4,"1/3"" CMOS",97,ir,IP67,,true,,0
openeye-oe-c1024t5-s,OpenEye,OE-C1024T5-S,turret,5MP,5,"1/2.7"" CMOS",180,ir,IP67,IK10,false,,0
openeye-oe-c2012b4-s,OpenEye,OE-C2012B4-S,bullet,4MP,4,Progressive CMOS,103-30,ir,IP67,IK10,,,0
openeye-oe-c2012b8-s,OpenEye,OE-C2012B8-S,bullet,8MP,8,Progressive CMOS,105-31,ir,IP67,IK10,true,,0
openeye-oe-c2212b4,OpenEye,OE-C2212B4,bullet,4MP,4,Progressive CMOS,86-36,ir,IP67,,false,,0
openeye-oe-c2214b4,OpenEye,OE-C2214B4,bullet,4MP,4,Progressive CMOS,101.5,ir,IP67,,false,,0
openeye-oe-c3011d4-s,OpenEye,OE-C3011D4-S,dome,4MP,4,"1/2.7"" CMOS",103-32,ir,,,true,,0
openeye-oe-c3012t4-s,OpenEye,OE-C3012T4-S,turret,4MP,4,"1/3"" CMOS",103-29,ir,IP67,IK10,false,,0
openeye-oe-c3012t4b-s,OpenEye,OE-C3012T4B-S,turret,4MP,4,"1/3"" CMOS",103-29,ir,IP67,IK10,false,,0
openeye-oe-c3012t8-s,OpenEye,OE-C3012T8-S,turret,8MP,8,"1/2.8"" CMOS",105-31,ir,IP67,IK10,false,,0
openeye-oe-c3212d4-s,OpenEye,OE-C3212D4-S,dome,4MP,4,"1/3"" CMOS",104-30,ir,IP67,IK10,true,,0
openeye-oe-c3212d8-s,OpenEye,OE-C3212D8-S,dome,8MP,8,"1/2.8"" CMOS",109-31,ir,IP67,IK10,true,,0
openeye-oe-c8312p2,OpenEye,OE-C8312P2,ptz,2MP,2,"1/2.8"" Progressive Scan CMOS",66.5-2,,IP66,IK10,true,,0
openeye-oe-c9112f12,OpenEye,OE-C9112F12,fisheye,12MP,12,Progressive CMOS,180,ir,IP66,IK10,,,0
openeye-oe-c9912m20,OpenEye,OE-C9912M20,panoramic,20MP (4x 5MP),20,Progressive CMOS,103-34,ir,IP66,IK10,,,0
openeye-oe-cc3020d5,OpenEye,OE-CC3020D5,dome,5MP,5,"1/2.8"" Progressive CMOS",97,ir,IP66,IK10,,,0
openeye-oe-cc3022t5,OpenEye,OE-CC3022T5,turret,5MP,5,"1/2.8"" Progressive CMOS",97,ir,IP67,IK10,,,0
openeye-oe-cc3214f12,OpenEye,OE-CC3214F12,fisheye,12MP,12,"1/1.6"" Progressive CMOS",180,ir,IP67,IK10,,,0
openeye-oe-cc51d5,OpenEye,OE-CC51D5,dome,5MP,5,"1/2.7"" Progressive CMOS",100-30,ir,IP67,IK10,true,,0
openeye-oe-cc51d8,OpenEye,OE-CC51D8,dome,8MP,8,"1/2.8"" Progressive CMOS",115-36,ir,IP67,IK10,true,,0
openeye-oe-cc52b5,OpenEye,OE-CC52B5,bullet,5MP,5,"1/2.7"" Progressive CMOS",100-30,ir,IP67,IK10,true,,0
openeye-oe-cc53b8,OpenEye,OE-CC53B8,bullet,8MP,8,"1/2.8"" Progressive CMOS",115-36,ir,IP67,IK10,true,,0
panasonic-pm-eb4ukfc-w,Panasonic,PM-EB4UKFC-W,bullet,4MP,4,"1/3"" CMOS",,hybrid,IP67,,,,0
panasonic-pm-eb6ulfc-w,Panasonic,PM-EB6ULFC-W,bullet,6MP,6,"1/2.7"" CMOS",91.5,color,IP67,,,,0
panasonic-pm-eb8ulfc-w,Panasonic,PM-EB8ULFC-W,bullet,4K,8,"1/2.7"" CMOS",106.5,color,IP67,,,,0
panasonic-pm-px6nkbn-w,Panasonic,PM-PX6NKBN-W,box,6MP,6,"1/2.5"" CMOS",,none,,,,,0
panasonic-pm-vb4ulft-w,Panasonic,PM-VB4ULFT-W,bullet,4MP,4,"1/1.79"" CMOS",112,color,IP67,,,,0
panasonic-pm-vb4ulvc-w,Panasonic,PM-VB4ULVC-W,bullet,4MP,4,"1/3"" CMOS",92-31,hybrid,IP67,,,,0
panasonic-pm-vb6ulvc-w,Panasonic,PM-VB6ULVC-W,bullet,6MP,6,"1/2.5"" CMOS",108-36,hybrid,IP67,,,,0
panasonic-pm-vb8ulvc-w,Panasonic,PM-VB8ULVC-W,bullet,8MP,8,"1/2.8"" CMOS",97.3-34,hybrid,IP67,,,,0
pelco-bu4,Pelco,BU4,bullet,650 TVL,0.5,,,ir,,,,2013,0
pelco-bu5,Pelco,BU5,bullet,650 TVL,0.5,,,ir,,,,2013,0
pelco-bu6,Pelco,BU6,bullet,650 TVL,0.5,,,ir,,,,2013,0
pelco-c10dn,Pelco,C10DN,box,540 TVL,0.4,,,ir,,,,2013,0
pelco-c20,Pelco,C20,box,NTSC,0.4,"1/3"" CCD",,,,,,2013,0
pelco-esprit-es3012,Pelco,ES3012,ptz,NTSC,0.4,,,,,,,2013,0
pelco-fd1,Pelco,FD1,dome,650 TVL,0.5,"Sony 1/3""",,ir,,,,2013,0
pelco-fd2,Pelco,FD2,dome,650 TVL,0.5,"Sony 1/3""",,ir,,,,2013,0
pelco-fd5,Pelco,FD5,dome,650 TVL,0.5,"Sony 1/3""",,ir,,,,2013,0
pelco-id,Pelco,ID,dome,3.1MP,3.1,,,ir,,,,2013,0
pelco-ide10,Pelco,IDE10,dome,1.3MP,1.3,,,ir,,,,2013,0
pelco-ide20,Pelco,IDE20,dome,2.1MP,2.1,,,ir,,,,2013,0
pelco-iee10,Pelco,IEE10,dome,1.3MP,1.3,,,ir,,,true,2013,0
pelco-im10,Pelco,IM10,dome,1.3MP,1.3,,,ir,,,,2013,0
pelco-ims0,Pelco,IMS0,dome,0.5MP,0.5,,,ir,,,,2013,0
pelco-is20-is21,Pelco,IS20/IS21,dome,NTSC,0.4,,,ir,,,,2013,0
pelco-is50-is51,Pelco,IS50/IS51,dome,NTSC,0.4,,,ir,,,,2013,0
pelco-ix30,Pelco,IX30,box,3.1MP,3.1,,,ir,,,,2013,0
pelco-ixe10,Pelco,IXE10,box,1.3MP,1.3,,,ir,,,,2013,0
pelco-ixe20,Pelco,IXE20,box,2.1MP,2.1,,,ir,,,,2013,0
pelco-ixs0,Pelco,IXS0,box,SVGA,0.5,,,ir,,,,2013,0
pelco-optera-4k-imo-panoramic,Pelco,Optera 4K IMM12036-1EIPQ,panoramic,12MP Panoramic,12,"1/2.7"" CMOS (x4)",360 horizontal,ir,IP66,IK10,false,2021,0
pelco-optera-imm12027-1ep,Pelco,Optera IMM12027-1EP,panoramic,12MP Panoramic,12,"1/2.7"" CMOS (x3)",270 horizontal,ir,IP66,IK10,false,2020,0
pelco-pressurized-spectra-iv,Pelco,SD436-PRE1,ptz,NTSC,0.4,,,,IP67,,,2013,0
pelco-sarix-enhanced-4-ime832-1irs,Pelco,Sarix Enhanced 4 IME832-1IRS,dome,4K UHD,8,"1/1.8"" CMOS",100-33 horizontal,ir,IP66,IK10,false,2023,0
pelco-sarix-professional-4-imp231-1ers,Pelco,Sarix Professional 4 IMP231-1ERS,dome,1080p,2,"1/2.8"" CMOS",96-34 horizontal,ir,IP67,,false,2021,0
pelco-sarix-professional-4-imp531-1ers,Pelco,Sarix Professional 4 IMP531-1ERS,dome,5MP,5,"1/2.7"" CMOS",98-34 horizontal,ir,IP67,,false,2022,0
pelco-sarix-professional-4-imp831-1irs,Pelco,Sarix Professional 4 IMP831-1IRS,dome,4K UHD,8,"1/1.8"" CMOS",100-33 horizontal,ir,IP67,,false,2023,0
pelco-sarix-ti,Pelco,Sarix TI,ptz,640x480 thermal,0.3,,,,IP66,,,2013,0
pelco-spectra-enhanced-7-s7230l-ew1,Pelco,Spectra Enhanced 7 S7230L-EW1,ptz,1080p,2,"1/2.8"" CMOS",59.2-2.4 horizontal,ir,IP66,,false,2022,0
pelco-spectra-enhanced-7-s7240l-ew1,Pelco,Spectra Enhanced 7 S7240L-EW1,ptz,4K/8MP,8,"1/2.8"" CMOS",59.2-1.8 horizontal,ir,IP66,,false,2022,0
pelco-spectra-hd,Pelco,S5118,ptz,720p,1.3,,,,,,,2013,0
pelco-spectra-iv-ip,Pelco,SD4N36-PG-E1,ptz,NTSC,0.4,,,ir,,,,2013,0
pelco-spectra-iv-sl,Pelco,SD423,ptz,540 TVL,0.4,,,ir,,,,2013,0
pelco-spectra-mini,Pelco,SD4,ptz,NTSC,0.4,,,,,,,2013,0
pelco-spectra-mini-ip,Pelco,SD4N,ptz,NTSC,0.4,,,,,,,2013,0
pelco-spectra-professional-4k-s6230-fwl1,Pelco,Spectra Professional 4K S6230-FWL1,ptz,1080p,2,"1/1.8"" CMOS",54-2.1 horizontal,ir,IP66,,true,2023,0
pix-link-a10,PIX-LINK,A10,covert,1080P,2,,150,ir,,,true,,0
pix-link-a6,PIX-LINK,A6,ptz,HD,2,,90 horizontal,hybrid,IP65,,true,,0
pix-link-a9,PIX-LINK,A9,covert,1080P,2,,,ir,,,,,0
pix-link-drw125p,PIX-LINK,DRW125P,fisheye,1MP,1,,360 horizontal,color,,,true,,0
pix-link-drw135p,PIX-LINK,DRW135P,dual-lens,2MP,2,"1/3"" CMOS",135(D)/85(H),hybrid,,,true,,0
pix-link-drw136p,PIX-LINK,DRW136P,dual-lens,2MP,2,"1/3"" CMOS",135(D)/85(H),hybrid,,,true,,0
pix-link-drw137p,PIX-LINK,DRW137P,dual-lens,2MP,2,"1/3"" CMOS",135(D)/85(H),hybrid,,,true,,0
pix-link-drw341p-lwf,PIX-LINK,DRW341P-LWF,dual-lens,3MP,3,,,hybrid,,,,,0
pix-link-drw342p-lwf,PIX-LINK,DRW342P-LWF,dual-lens,3MP,3,,,hybrid,,,,,0
pix-link-drw343p-lwf,PIX-LINK,DRW343P-LWF,dual-lens,3MP,3,,,hybrid,,,,,0
pix-link-fw101p,PIX-LINK,FW101P,box,480P,1,,,ir,,,true,,0
pix-link-fw201t,PIX-LINK,FW201T,box,1080P,2,,,color,,,true,,0
pix-link-jxlcam,PIX-LINK,JXLCAM,ptz,HD,2,,355 pan/90 tilt,hybrid,,,true,,0
pix-link-rw101p-snowman,PIX-LINK,RW101P,ptz,1080P,2,,355 pan/80 tilt,ir,,,true,,0
pix-link-rw102p,PIX-LINK,RW102P,ptz,HD,2,,355 pan/90 tilt,hybrid,,,true,,0
pix-link-rw103p,PIX-LINK,RW103P,ptz,720P,1,,105 diagonal/75 horizontal,hybrid,,,true,,0
pix-link-rw104p,PIX-LINK,RW104P,ptz,HD,1,,,hybrid,,,,,0
pix-link-rw105p,PIX-LINK,RW105P,ptz,480P,1,,105 diagonal/75 horizontal,hybrid,,,,,0
pix-link-rw106p,PIX-LINK,RW106P,ptz,2MP HD,2,,,hybrid,,,,,0
pix-link-rw107p,PIX-LINK,RW107P,ptz,HD,1,,,hybrid,,,true,,0
pix-link-rw110p,PIX-LINK,RW110P,ptz,HD,2,,,hybrid,,,true,,0
pix-link-rw112p,PIX-LINK,RW112P,dual-lens,1MP,1,,,color,,,true,,0
pix-link-rw113p,PIX-LINK,RW113P,dome,720P,1,,,hybrid,,,true,,0
pix-link-rw201t,PIX-LINK,RW201T,box,1080P,2,,,hybrid,,,true,,0
pix-link-rw202y,PIX-LINK,RW202Y,ptz,1080P,2,Color CMOS,"75 horizontal, 105 diagonal",hybrid,,,true,,0
pix-link-rw204y,PIX-LINK,RW204Y,box,1080P,2,,75 horizontal,hybrid,,,,,0
pix-link-rw206y,PIX-LINK,RW206Y,ptz,1080P,2,,75 horizontal,hybrid,,,true,,0
provision-isr-bmh-320srn-mvf,Provision-ISR,BMH-320SRN-MVF,bullet,2MP,2,"1/2.8"" CMOS",105.4-34,hybrid,IP67,,false,,0
provision-isr-bmh-340srn-mvf,Provision-ISR,BMH-340SRN-MVF,bullet,4MP,4,"1/3"" CMOS",97-33,hybrid,IP67,,false,,0
provision-isr-bmh-thermal-3,Provision-ISR,BMH-THERMAL-3,bullet,5MP,5,"1/2.7"" CMOS",80,hybrid,IP66,,true,,0
provision-isr-bmh-thermal-7,Provision-ISR,BMH-THERMAL-7,bullet,5MP,5,"1/2.7"" CMOS",37,hybrid,IP66,,true,,0
provision-isr-bmv-320srn-36,Provision-ISR,BMV-320SRN-36,bullet,2MP,2,"1/2.8"" CMOS",89,color,IP67,,false,,0
provision-isr-bmv-340srn-36,Provision-ISR,BMV-340SRN-36,bullet,4MP,4,"1/3"" CMOS",79,color,IP67,,false,,0
provision-isr-bsv-320ar-36,Provision-ISR,BSV-320AR-36,bullet,1080p,2,"1/2.9"" CMOS",84.6,color,IP67,,,,0
provision-isr-bsv-320srn-36,Provision-ISR,BSV-320SRN-36,bullet,2MP,2,"1/2.8"" CMOS",84.6,color,IP67,,false,,0
provision-isr-bsv-340srn-36,Provision-ISR,BSV-340SRN-36,bullet,4MP,4,"1/2.8"" CMOS",98,color,IP67,,false,,0
provision-isr-bx-341ipen,Provision-ISR,BX-341IPEN,box,4MP,4,"1/3"" CMOS",,,,,true,,0
provision-isr-cel1-240adsrn-36,Provision-ISR,CEL1-240ADSRN-36,bullet,4MP,4,"1/1.8"" CMOS",92,color,IP67,,true,,0
provision-isr-dai-320au-vf,Provision-ISR,DAI-320AU-VF,dome,1080p,2,"1/2.9"" CMOS",88-33,ir,IP67,IK10,,,0
provision-isr-dai-320ipe-mvf,Provision-ISR,DAI-320IPE-MVF,dome,2MP,2,"1/2.8"" CMOS",103-32,ir,IP67,,true,,0
provision-isr-dai-320ipen-28-v4,Provision-ISR,DAI-320IPEN-28-V4,dome,2MP,2,"1/2.8"" CMOS",108,ir,IP67,IK10,false,,0
provision-isr-dai-320ipen-mvf-v4,Provision-ISR,DAI-320IPEN-MVF-V4,dome,2MP,2,"1/2.8"" CMOS",103-32,ir,IP67,IK10,true,,0
provision-isr-dai-340ipen-28,Provision-ISR,DAI-340IPEN-28,dome,4MP,4,"1/3"" CMOS",100,ir,IP67,IK10,false,,0
provision-isr-dai-340ipen-mvf-v4,Provision-ISR,DAI-340IPEN-MVF-V4,dome,4MP,4,"1/3"" CMOS",98-28,ir,IP67,IK10,true,,0
provision-isr-dai-350a-mvf,Provision-ISR,DAI-350A-MVF,dome,5MP,5,"1/2.7"" CMOS",84-32,ir,IP67,IK10,,,0
provision-isr-dai-380a-mvf,Provision-ISR,DAI-380A-MVF,dome,4K,8,"1/2.5"" CMOS",83.5-32,ir,IP67,IK10,,,0
provision-isr-dai-380ipe-mvf,Provision-ISR,DAI-380IPE-MVF,dome,8MP,8,"1/2.8"" CMOS",96-32,ir,IP67,IK10,true,,0
provision-isr-dai-380ipen-mvf-v3,Provision-ISR,DAI-380IPEN-MVF-V3,dome,8MP,8,"1/2.8"" CMOS",96-32,ir,IP67,IK10,true,,0
provision-isr-db-320wipn,Provision-ISR,DB-320WIPN,doorbell,2MP,2,"1/2.8"" CMOS",139,hybrid,IP65,,true,,0
provision-isr-dh-320srn-mvf,Provision-ISR,DH-320SRN-MVF,dome,2MP,2,"1/2.8"" CMOS",105.4-34,hybrid,IP67,,false,,0
provision-isr-dh-340srn-mvf,Provision-ISR,DH-340SRN-MVF,dome,4MP,4,"1/3"" CMOS",105.4-34,hybrid,IP67,,false,,0
provision-isr-di-320a-28,Provision-ISR,DI-320A-28,dome,1080p,2,"1/2.9"" CMOS",88,ir,IP67,,,,0
provision-isr-di-320a-vf,Provision-ISR,DI-320A-VF,dome,1080p,2,"1/2.9"" CMOS",88-33,ir,IP67,,,,0
provision-isr-di-320a-vf-g,Provision-ISR,DI-320A-VF-G,dome,1080p,2,"1/2.9"" CMOS",88-33,ir,IP67,,,,0
provision-isr-di-320au-mvf,Provision-ISR,DI-320AU-MVF,dome,1080p,2,"1/2.8"" CMOS",96-34,ir,IP67,,,,0
provision-isr-di-320au-mvf-g,Provision-ISR,DI-320AU-MVF-G,dome,1080p,2,"1/2.8"" CMOS",96-34,ir,IP67,,,,0
provision-isr-di-320ipb-28,Provision-ISR,DI-320IPB-28,bullet,2MP,2,,110,ir,IP67,,false,,0
provision-isr-di-320ipbn-36,Provision-ISR,DI-320IPBN-36,bullet,2MP,2,"1/2.8"" CMOS",85,ir,IP67,,false,,0
provision-isr-di-320ipe-mvf,Provision-ISR,DI-320IPE-MVF,bullet,2MP,2,"1/2.8"" CMOS",103-32,ir,IP67,,false,,0
provision-isr-di-320ipen-28,Provision-ISR,DI-320IPEN-28,bullet,2MP,2,"1/2.8"" CMOS",108,ir,IP67,,false,,0
provision-isr-di-320ipen-mvf,Provision-ISR,DI-320IPEN-MVF,bullet,2MP,2,"1/2.8"" CMOS",103-32,ir,IP67,,false,,0
provision-isr-di-320ipsn-28-g,Provision-ISR,DI-320IPSN-28-G,bullet,2MP,2,"1/2.8"" CMOS",107,ir,IP67,,false,,0
provision-isr-di-320ipsn-28-g-v2,Provision-ISR,DI-320IPSN-28-G-V2,bullet,2MP,2,"1/2.8"" CMOS",107,ir,IP67,,false,,0
provision-isr-di-320ipsn-28-v2,Provision-ISR,DI-320IPSN-28-V2,bullet,2MP,2,"1/2.8"" CMOS",107,ir,IP67,,false,,0
provision-isr-di-320ipsn-mvf-v2,Provision-ISR,DI-320IPSN-MVF-V2,bullet,2MP,2,,102.5-33.6,ir,IP67,,false,,0
provision-isr-di-320ipsn-vf,Provision-ISR,DI-320IPSN-VF,bullet,2MP,2,"1/2.8"" CMOS",88-34.8,ir,IP67,,false,,0
provision-isr-di-320ipsn-vf-g,Provision-ISR,DI-320IPSN-VF-G,bullet,2MP,2,"1/2.8"" CMOS",88-34.8,ir,IP67,,false,,0
provision-isr-di-340ad-mvf,Provision-ISR,DI-340AD-MVF,bullet,4MP,4,"1/3"" CMOS",94.2-29.8,hybrid,IP66,,false,,0
provision-isr-di-340ipen-28,Provision-ISR,DI-340IPEN-28,bullet,4MP,4,"1/3"" CMOS",100,ir,IP67,,false,,0
provision-isr-di-340ipen-28-g,Provision-ISR,DI-340IPEN-28-G,bullet,4MP,4,"1/3"" CMOS",84.8,color,IP67,,false,,0
provision-isr-di-340ipen-mvf,Provision-ISR,DI-340IPEN-MVF,bullet,4MP,4,"1/3"" CMOS",94.3-29.9,ir,IP67,,false,,0
provision-isr-di-340ipen-mvf-v4,Provision-ISR,DI-340IPEN-MVF-V4,bullet,4MP,4,"1/3"" CMOS",94.3-29.9,ir,IP67,,false,,0
provision-isr-di-340ipsn-28-g-v2,Provision-ISR,DI-340IPSN-28-G-V2,bullet,4MP,4,"1/3"" CMOS",110,ir,IP67,,false,,0
provision-isr-di-340ipsn-28-v2,Provision-ISR,DI-340IPSN-28-V2,bullet,4MP,4,"1/3"" CMOS",110,ir,IP67,,false,,0
provision-isr-di-340ipsn-mvf-g,Provision-ISR,DI-340IPSN-MVF-G,bullet,4MP,4,"1/3"" CMOS",94-35.7,ir,IP67,,false,,0
provision-isr-di-340ipsn-mvf-v2,Provision-ISR,DI-340IPSN-MVF-V2,bullet,4MP,4,"1/3"" CMOS",94-35.7,ir,IP67,,false,,0
provision-isr-di-350a-28,Provision-ISR,DI-350A-28,dome,5MP,5,"1/2.7"" CMOS",91,ir,IP67,,,,0
provision-isr-di-350a-mvf,Provision-ISR,DI-350A-MVF,dome,5MP,5,"1/2.7"" CMOS",84-32,ir,IP67,,,,0
provision-isr-di-350a-mvf-g,Provision-ISR,DI-350A-MVF-G,dome,5MP,5,"1/2.7"" CMOS",84-32,ir,IP67,,,,0
provision-isr-di-350a-vf,Provision-ISR,DI-350A-VF,dome,5MP,5,"1/2.7"" CMOS",84-32,ir,IP67,,,,0
provision-isr-di-380a-28,Provision-ISR,DI-380A-28,dome,4K,8,"1/2.5"" CMOS",89.3,ir,IP67,,,,0
provision-isr-di-380a-mvf,Provision-ISR,DI-380A-MVF,dome,4K,8,"1/2.5"" CMOS",78-31.3,ir,IP67,,,,0
provision-isr-di-380ipe-mvf,Provision-ISR,DI-380IPE-MVF,bullet,8MP,8,"1/2.8"" CMOS",96-32,ir,IP67,,false,,0
provision-isr-di-380ipen-mvf-v3,Provision-ISR,DI-380IPEN-MVF-V3,bullet,8MP,8,"1/2.8"" CMOS",96-32,ir,IP67,,false,,0
provision-isr-di-380ipsn-28-v3,Provision-ISR,DI-380IPSN-28-V3,bullet,8MP,8,"1/2.7"" CMOS",112,ir,IP67,,false,,0
provision-isr-di-380ipsn-mvf-v3,Provision-ISR,DI-380IPSN-MVF-V3,bullet,8MP,8,"1/2.8"" CMOS",102.7-32.2,ir,IP67,,false,,0
provision-isr-dl-340ipern-36,Provision-ISR,DL-340IPERN-36,bullet,4MP,4,"1/2.8"" CMOS",84.8,color,IP67,,false,,0
provision-isr-dma-320ipe-28,Provision-ISR,DMA-320IPE-28,dome,2MP,2,"1/2.8"" CMOS",108,ir,IP67,IK10,false,,0
provision-isr-dma-320ipen-28-v4,Provision-ISR,DMA-320IPEN-28-V4,dome,2MP,2,"1/2.8"" CMOS",108,ir,IP67,IK10,false,,0
provision-isr-dma-340ipen-28,Provision-ISR,DMA-340IPEN-28,dome,4MP,4,"1/3"" CMOS",100,ir,IP67,IK10,false,,0
provision-isr-ds-392a37,Provision-ISR,DS-392A37,covert,1080p,2,"1/3"" CMOS",78,,,,,,0
provision-isr-dv-320ar-36,Provision-ISR,DV-320AR-36,dome,1080p,2,"1/2.9"" CMOS",84.6,color,IP67,,,,0
provision-isr-dv-320srn-28,Provision-ISR,DV-320SRN-28,dome,2MP,2,"1/2.8"" CMOS",105.2,color,IP67,,false,,0
provision-isr-dv-340srn-28,Provision-ISR,DV-340SRN-28,dome,4MP,4,"1/3"" CMOS",99,color,IP67,,false,,0
provision-isr-fei-360ipn,Provision-ISR,FEI-360IPN,fisheye,6MP,6,"1/2.9"" CMOS",360 (ceiling) / 180 (wall),ir,IP67,,true,,0
provision-isr-i2-320a-28,Provision-ISR,I2-320A-28,bullet,1080p,2,"1/2.9"" CMOS",88,ir,IP67,,,,0
provision-isr-i2-320ipb-28,Provision-ISR,I2-320IPB-28,bullet,2MP,2,,89,ir,IP67,,,,0
provision-isr-i2-320ipbn-36,Provision-ISR,I2-320IPBN-36,bullet,2MP,2,"1/2.8"" CMOS",102,ir,IP67,,,,0
provision-isr-i2-320ipsn-28-g,Provision-ISR,I2-320IPSN-28-G,bullet,2MP,2,"1/2.8"" CMOS",107,ir,IP67,,,,0
provision-isr-i2-320ipsn-28-g-v2,Provision-ISR,I2-320IPSN-28-G-V2,bullet,2MP,2,"1/2.8"" CMOS",107,ir,IP67,,false,,0
provision-isr-i2-320ipsn-28-v2,Provision-ISR,I2-320IPSN-28-V2,bullet,2MP,2,"1/2.8"" CMOS",107,ir,IP67,,false,,0
provision-isr-i2-340ipsn-28-g-v2,Provision-ISR,I2-340IPSN-28-G-V2,bullet,4MP,4,"1/3"" CMOS",110,ir,IP67,,,,0
provision-isr-i2-340ipsn-28-v2,Provision-ISR,I2-340IPSN-28-V2,bullet,4MP,4,"1/3"" CMOS",110,ir,IP67,,,,0
provision-isr-i2-340wipsn-28,Provision-ISR,I2-340WIPSN-28,bullet,4MP,4,"1/3"" CMOS",110,ir,IP67,,false,,0
provision-isr-i2-350a-28,Provision-ISR,I2-350A-28,bullet,5MP,5,"1/2.7"" CMOS",91,ir,IP67,,,,0
provision-isr-i2-380a-28,Provision-ISR,I2-380A-28,bullet,4K,8,"1/2.5"" CMOS",95,ir,IP67,,,,0
provision-isr-i3-330wip536-m,Provision-ISR,I3-330WIP536-M,bullet,3MP,3,"1/3"" CMOS",90,ir,IP66,,,,0
provision-isr-i4-320a-28,Provision-ISR,I4-320A-28,bullet,1080p,2,"1/2.9"" CMOS",88,ir,IP67,,,,0
provision-isr-i4-320a-vf,Provision-ISR,I4-320A-VF,bullet,1080p,2,"1/2.9"" CMOS",88-33,ir,IP67,,,,0
provision-isr-i4-320a-vf-g,Provision-ISR,I4-320A-VF-G,bullet,1080p,2,"1/2.9"" CMOS",88-33,ir,IP67,,,,0
provision-isr-i4-320au-mvf,Provision-ISR,I4-320AU-MVF,bullet,1080p,2,"1/2.8"" CMOS",96-34,ir,IP67,,,,0
provision-isr-i4-320ipe-mvf,Provision-ISR,I4-320IPE-MVF,bullet,2MP,2,"1/2.8"" CMOS",103-32,ir,IP67,,false,,0
provision-isr-i4-320ipen-36,Provision-ISR,I4-320IPEN-36,bullet,2MP,2,"1/2.8"" CMOS",89,ir,IP67,,false,,0
provision-isr-i4-320ipen-36-v4,Provision-ISR,I4-320IPEN-36-V4,bullet,2MP,2,"1/2.8"" CMOS",89,ir,IP67,,false,,0
provision-isr-i4-320ipen-mvf,Provision-ISR,I4-320IPEN-MVF,bullet,2MP,2,"1/2.8"" CMOS",103-32,ir,IP67,,false,,0
provision-isr-i4-320ipsn-mvf-v2,Provision-ISR,I4-320IPSN-MVF-V2,bullet,2MP,2,"1/2.8"" CMOS",94-35.7,ir,IP67,,,,0
provision-isr-i4-320ipsn-vf,Provision-ISR,I4-320IPSN-VF,bullet,2MP,2,"1/2.8"" CMOS",94-35.7,ir,IP67,,,,0
provision-isr-i4-320ipsn-vf-v2,Provision-ISR,I4-320IPSN-VF-V2,bullet,2MP,2,"1/2.8"" CMOS",94-35.7,ir,IP67,,,,0
provision-isr-i4-340ad-mvf,Provision-ISR,I4-340AD-MVF,bullet,4MP,4,"1/3"" CMOS",94.2-29.8,hybrid,IP66,,false,,0
provision-isr-i4-340ipen-36,Provision-ISR,I4-340IPEN-36,bullet,4MP,4,"1/3"" CMOS",80.6,ir,IP67,,false,,0
provision-isr-i4-340ipen-36-g,Provision-ISR,I4-340IPEN-36-G,bullet,4MP,4,"1/3"" CMOS",84.8,color,IP67,,false,,0
provision-isr-i4-340ipen-36-v5,Provision-ISR,I4-340IPEN-36-V5,bullet,4MP,4,"1/3"" CMOS",79,ir,IP67,,true,,0
provision-isr-i4-340ipen-mvf,Provision-ISR,I4-340IPEN-MVF,bullet,4MP,4,"1/3"" CMOS",94.3-29.9,ir,IP67,,false,,0
provision-isr-i4-340ipen-mvf-v4,Provision-ISR,I4-340IPEN-MVF-V4,bullet,4MP,4,"1/3"" CMOS",94.3-29.9,ir,IP67,,false,,0
provision-isr-i4-340ipen-mvf-v5,Provision-ISR,I4-340IPEN-MVF-V5,bullet,4MP,4,"1/3"" CMOS",100-29,ir,IP67,,false,,0
provision-isr-i4-340ipsn-mvf-v2,Provision-ISR,I4-340IPSN-MVF-V2,bullet,4MP,4,"1/3"" CMOS",94-35.7,ir,IP67,,,,0
provision-isr-i4-350a-28,Provision-ISR,I4-350A-28,bullet,5MP,5,"1/2.7"" CMOS",91,ir,IP67,,,,0
provision-isr-i4-350a-mvf,Provision-ISR,I4-350A-MVF,bullet,5MP,5,"1/2.7"" CMOS",84-32,ir,IP67,,,,0
provision-isr-i4-350a-vf,Provision-ISR,I4-350A-VF,bullet,5MP,5,"1/2.7"" CMOS",84-32,ir,IP67,,,,0
provision-isr-i4-360ipen-36-v4,Provision-ISR,I4-360IPEN-36-V4,bullet,6MP,6,"1/2.5"" CMOS",78,ir,IP67,,true,,0
provision-isr-i4-360ipen-mvf-v4,Provision-ISR,I4-360IPEN-MVF-V4,bullet,6MP,6,"1/2.5"" CMOS",108-35,ir,IP67,,true,,0
provision-isr-i4-380a-mvf,Provision-ISR,I4-380A-MVF,bullet,4K,8,"1/2.5"" CMOS",82.5-31.5,ir,IP67,,,,0
provision-isr-i4-380ipsn-28-v3,Provision-ISR,I4-380IPSN-28-V3,bullet,8MP,8,"1/2.8"" CMOS",112,ir,IP67,,false,,0
provision-isr-i4-380ipsn-mvf-v3,Provision-ISR,I4-380IPSN-MVF-V3,bullet,8MP,8,"1/2.8"" CMOS",102.7-32.2,ir,IP67,,false,,0
provision-isr-i5pt-320ipmx10-p,Provision-ISR,I5PT-320IPMX10-P,ptz,2MP,2,"1/2.9"" CMOS",5.4-50.4,ir,IP66,,,,0
provision-isr-i5pt-320ipmx4-p,Provision-ISR,I5PT-320IPMX4-P,ptz,2MP,2,"1/2.9"" CMOS",22.6-81.2,ir,IP66,,,,0
provision-isr-i5pt-390ax10,Provision-ISR,I5PT-390AX10,ptz,1080p,2,"1/3"" CMOS",5.4-50.4,ir,IP66,,,,0
provision-isr-i5pt-390ax4,Provision-ISR,I5PT-390AX4,ptz,1080p,2,"1/3"" CMOS",22.6-81.2,ir,IP66,,,,0
provision-isr-i6-2120ipen-mvf-v5,Provision-ISR,I6-2120IPEN-MVF-V5,bullet,12MP,12,"1/1.7"" CMOS",98-47,ir,IP67,,true,,0
provision-isr-i6-220lprn-mvf1,Provision-ISR,I6-220LPRN-MVF1,bullet,2MP,2,"1/1.8"" CMOS",110-48,ir,IP67,,true,,0
provision-isr-i6-220lprn-mvf2,Provision-ISR,I6-220LPRN-MVF2,bullet,2MP,2,"1/1.8"" CMOS",46-16,ir,IP67,,true,,0
provision-isr-i6-240lprn-mvf1,Provision-ISR,I6-240LPRN-MVF1,bullet,4MP,4,"1/1.8"" CMOS",110-48,ir,IP67,,true,,0
provision-isr-i6-240lprn-mvf2,Provision-ISR,I6-240LPRN-MVF2,bullet,4MP,4,"1/1.8"" CMOS",42-16,ir,IP67,,true,,0
provision-isr-i6-320ipe-mvf,Provision-ISR,I6-320IPE-MVF,bullet,2MP,2,,103-32,ir,IP67,,true,,0
provision-isr-i6-320ipen-mvf,Provision-ISR,I6-320IPEN-MVF,bullet,2MP,2,"1/2.8"" CMOS",103-32,ir,IP67,,true,,0
provision-isr-i6-320lpr-mvf1,Provision-ISR,I6-320LPR-MVF1,bullet,2MP,2,"1/2.8"" CMOS",103.4-32.4,ir,IP67,,true,,0
provision-isr-i6-320lpr-mvf2,Provision-ISR,I6-320LPR-MVF2,bullet,2MP,2,"1/2.8"" CMOS",44-17.6,ir,IP67,,true,,0
provision-isr-i6-340ipe-mvf-g,Provision-ISR,I6-340IPE-MVF-G,bullet,4MP,4,,94.3-29.9,ir,IP67,,true,,0
provision-isr-i6-340ipen-mvf,Provision-ISR,I6-340IPEN-MVF,bullet,4MP,4,"1/3"" CMOS",94.3-29.9,ir,IP67,,true,,0
provision-isr-i6-340ipen-mvf-g-v4,Provision-ISR,I6-340IPEN-MVF-G-V4,bullet,4MP,4,"1/3"" CMOS",105-33,ir,IP67,,true,,0
provision-isr-i6-340ipen-mvf-v4,Provision-ISR,I6-340IPEN-MVF-V4,bullet,4MP,4,"1/3"" CMOS",94.3-29.9,ir,IP67,,true,,0
provision-isr-i6-340ipen-mvf-v5,Provision-ISR,I6-340IPEN-MVF-V5,bullet,4MP,4,"1/3"" CMOS",105-33,ir,IP67,,true,,0
provision-isr-i6-340lprn-mvf1,Provision-ISR,I6-340LPRN-MVF1,bullet,4MP,4,"1/2.8"" CMOS",103-48,ir,IP67,,true,,0
provision-isr-i6-340lprn-mvf2,Provision-ISR,I6-340LPRN-MVF2,bullet,4MP,4,"1/2.8"" CMOS",41-15,ir,IP67,,true,,0
provision-isr-i6-360ipen-mvf-v5,Provision-ISR,I6-360IPEN-MVF-V5,bullet,6MP,6,"1/2.5"" CMOS",106-35,ir,IP67,,true,,0
provision-isr-i6-380ipe-mvf,Provision-ISR,I6-380IPE-MVF,bullet,8MP,8,"1/3"" CMOS",96-32,ir,IP67,,true,,0
provision-isr-i6-380ipen-mvf-v5,Provision-ISR,I6-380IPEN-MVF-V5,bullet,8MP,8,"1/2.8"" CMOS",97-32,ir,IP67,,true,,0
provision-isr-i8-340ipen-mvf2-v5,Provision-ISR,I8-340IPEN-MVF2-V5,bullet,4MP,4,"1/3"" CMOS",43-18,ir,IP67,,true,,0
provision-isr-iv-320ipsn-37,Provision-ISR,IV-320IPSN-37,bullet,2MP,2,"1/2.8"" CMOS",83,ir,IP67,,false,,0
provision-isr-iv-390a37-v2,Provision-ISR,IV-390A37-V2,covert,1080p,2,"1/3"" CMOS",78,ir,,,,,0
provision-isr-mc-322ipe-37,Provision-ISR,MC-322IPE-37,box,2MP,2,"1/2.8"" CMOS",89,,,,false,,0
provision-isr-mc-392a37,Provision-ISR,MC-392A37,covert,1080p,2,"1/3"" CMOS",78,,,,,,0
provision-isr-mw-392a37,Provision-ISR,MW-392A37,covert,1080p,2,"1/3"" CMOS",83,,,,,,0
provision-isr-mz-10a-2-ir,Provision-ISR,MZ-10A-2(IR),ptz,1080p,2,"1/3"" CMOS",,ir,IP66,,,,0
provision-isr-mz-20ipm-2-ir,Provision-ISR,MZ-20IPM-2(IR),ptz,2MP,2,"1/2.8"" CMOS",,ir,IP66,,,,0
provision-isr-sol1-240adsrn-36,Provision-ISR,SOL1-240ADSRN-36,bullet,4MP,4,"1/1.8"" CMOS",92,color,IP67,,true,,0
provision-isr-tl-340ipern-36,Provision-ISR,TL-340IPERN-36,bullet,4MP,4,"1/2.8"" CMOS",84.8,color,IP67,,false,,0
provision-isr-z4-25ipe-2-ir,Provision-ISR,Z4-25IPE-2(IR),ptz,2MP,2,"1/2.8"" CMOS",,ir,IP67,,,,0
provision-isr-z4-25ipe-4-ir,Provision-ISR,Z4-25IPE-4(IR),ptz,4MP,4,"1/2.5"" CMOS",,ir,IP67,,,,0
provision-isr-z5-25ipe-2-ir,Provision-ISR,Z5-25IPE-2(IR),ptz,2MP,2,"1/2.8"" CMOS",,ir,IP67,,true,,0
provision-isr-z5-25ipe-4-ir,Provision-ISR,Z5-25IPE-4(IR),ptz,4MP,4,,,ir,IP67,,true,,0
provision-isr-z6-32ipe-4-ir,Provision-ISR,Z6-32IPE-4(IR),ptz,4MP,4,"1/1.8"" CMOS",,ir,IP67,,true,,0
provision-isr-ze-20a-2-ir,Provision-ISR,ZE-20A-2(IR),ptz,1080p,2,"1/2.8"" CMOS",,ir,IP66,,,,0
provision-isr-zp-20a-2-ir,Provision-ISR,ZP-20A-2(IR),ptz,1080p,2,"1/2.8"" CMOS",56.2-3.1,ir,IP66,,,,0
qubo-bullet-cam-pro,Qubo,Bullet Cam Pro,bullet,3MP 2K,3,CMOS,107 horizontal,color,IP66,,false,2023,0
qubo-doorbell-cam,Qubo,Smart Video Doorbell,doorbell,1080p HD,2,,156 diagonal,color,IP44,,true,2024,0
qubo-smart-cam-360-3mp,Qubo,Smart Cam 360° 3MP,ptz,3MP 2K,3,CMOS,360 pan / 90 tilt,color,IP20,,true,2022,0
qubo-smart-cam-360-pro-4mp,Qubo,Smart Camera 360° Pro 4MP,ptz,4MP QHD,4,CMOS,360 pan / 90 tilt,color,IP20,,true,2024,0
reolink-altas,Reolink,Altas,bullet,2K QHD,4,"1/1.8"" CMOS",90 horizontal/50 vertical,color,IP66,,true,2024,0
reolink-altas-go-pt,Reolink,Altas Go PT,ptz,2K QHD,4,"1/1.8"" CMOS",104 horizontal/54 vertical,hybrid,IP65,,true,2024,0
reolink-altas-pt-ultra,Reolink,Altas PT Ultra,ptz,4K UHD,8,"1/1.8"" CMOS",355 pan/90 tilt,color,IP65,,true,2024,0
reolink-argus-2,Reolink,Argus 2,bullet,1080p HD,2,Starlight CMOS,130 diagonal,ir,IP65,,true,2019,0
reolink-argus-2e,Reolink,Argus 2E,bullet,3MP 2K,3,"1/2.7"" CMOS",120 diagonal,ir,IP65,,true,2021,0
reolink-argus-3-2k,Reolink,Argus 3 2K,bullet,2K QHD,4,"1/3"" CMOS",122 diagonal,hybrid,IP65,,true,2022,0
reolink-argus-3-pro,Reolink,Argus 3 Pro,bullet,2K+ Super HD,5,"1/2.7"" CMOS",105 horizontal / 55 vertical,hybrid,IP65,,true,2021,0
reolink-argus-3-pro-au,Reolink,Argus 3 Pro (Australia),bullet,2K+ Super HD,5,CMOS,105 horizontal / 55 vertical,hybrid,IP65,,true,2021,0
reolink-argus-3-ultra,Reolink,Argus 3 Ultra,bullet,4K UHD,8,"1/2.7"" CMOS",105 horizontal / 55 vertical,hybrid,IP65,,true,2023,0
reolink-argus-4-pro,Reolink,Argus 4 Pro,dual-lens,4K UHD,8,"1/1.8"" CMOS",180 horizontal,color,IP66,,true,2024,0
reolink-argus-4-pro-at,Reolink,Argus 4 Pro (Austria),dual-lens,4K UHD,8,"1/1.8"" CMOS",180 horizontal / 50 vertical,color,IP66,,true,2024,0
reolink-argus-eco,Reolink,Argus Eco,bullet,3MP Super HD,3,"1/2.7"" CMOS",100 diagonal,ir,IP65,,true,2019,0
reolink-argus-eco-ultra,Reolink,Argus Eco Ultra,bullet,4K UHD,8,"1/2.7"" CMOS",105 horizontal,hybrid,IP66,,true,2023,0
reolink-argus-magicam,Reolink,Argus MagiCam,box,1080p,2,"1/3.2"" CMOS",113.3 horizontal / 62.7 vertical / 132 diagonal,ir,IP67,,true,2026,0
reolink-argus-pro,Reolink,Argus Pro,bullet,1080p HD,2,Starlight CMOS,130 diagonal,ir,IP65,,true,2018,0
reolink-argus-pt,Reolink,Argus PT,ptz,5MP (2K+),5,"1/2.7"" CMOS",355 pan/140 tilt,hybrid,IP64,,true,,0
reolink-argus-pt-2k,Reolink,Argus PT 2K,ptz,2K QHD,4,"1/3"" CMOS",355 pan/140 tilt,ir,IP64,,true,2023,0
reolink-argus-pt-ultra,Reolink,Argus PT Ultra,ptz,4K UHD,8,"1/2.7"" CMOS",355 pan / 140 tilt,hybrid,IP64,,true,2024,0
reolink-argus-solar,Reolink,Argus Solar,bullet,5MP,5,"1/2.7"" CMOS",110 horizontal / 58 vertical / 132 diagonal,hybrid,IP67,,true,2026,0
reolink-argus-track,Reolink,Argus Track,ptz,4K UHD,8,"1/2.7"" CMOS",355 pan / 50 tilt,hybrid,IP65,,true,2024,0
reolink-b1200,Reolink,B1200,bullet,12MP UHD,12,"1/2.49"" CMOS",93 horizontal / 49 vertical,hybrid,IP67,,true,2022,0
reolink-b400,Reolink,B400,bullet,4MP,4,"1/3"" CMOS",80 horizontal / 42 vertical,ir,IP66,,false,2020,0
reolink-b500,Reolink,B500,bullet,5MP,5,"1/2.7"" CMOS",80 horizontal / 58 vertical,ir,IP66,,false,2021,0
reolink-b800,Reolink,B800,bullet,4K UHD,8,"1/2.8"" CMOS",87 horizontal / 47 vertical,ir,IP66,,false,2021,0
reolink-cx410,Reolink,CX410,bullet,2K QHD,4,"1/1.8"" CMOS",89 horizontal,color,IP67,,true,2023,0
reolink-cx410w,Reolink,CX410W,bullet,2K QHD,4,"1/1.8"" CMOS",89 horizontal,color,IP67,,true,2024,0
reolink-cx810,Reolink,CX810,bullet,4K UHD,8,"1/1.8"" CMOS",93.2 horizontal / 48.2 vertical,color,IP67,,true,2024,0
reolink-cx820,Reolink,CX820,turret,4K UHD,8,"1/1.8"" CMOS",93.2 horizontal / 48.2 vertical,color,IP67,,true,2024,0
reolink-d1200,Reolink,D1200,dome,12MP UHD,12,"1/2.49"" CMOS",93 horizontal / 49 vertical,hybrid,IP67,,true,2022,0
reolink-d400,Reolink,D400,dome,4MP,4,"1/3"" CMOS",80 horizontal / 42 vertical,ir,IP66,,false,2020,0
reolink-d500,Reolink,D500,dome,5MP,5,"1/2.7"" CMOS",80 horizontal / 42 vertical,ir,IP66,,false,2021,0
reolink-d800,Reolink,D800,dome,4K UHD,8,"1/2.8"" CMOS",87 horizontal / 47 vertical,ir,IP66,,false,2021,0
reolink-duo-2-battery,Reolink,Duo 2 Battery,dual-lens,4K Panoramic,8,"1/2.7"" CMOS (x2)",170 horizontal,hybrid,IP66,,true,2024,0
reolink-duo-2-lte,Reolink,Duo 2 LTE,bullet,6MP 180° dual-lens,6,"1/3"" CMOS dual-lens",170 horizontal / 50 vertical,hybrid,IP66,,true,2023,0
reolink-duo-2-poe,Reolink,Duo 2 PoE,dual-lens,4K UHD,8,"1/2.7"" CMOS (dual)",180 horizontal / 60 vertical,hybrid,IP67,,true,2022,0
reolink-duo-2-wifi,Reolink,Duo 2 WiFi,dual-lens,4K UHD,8,"Dual 1/2.7"" CMOS",180 horizontal / 60 vertical,hybrid,IP67,,true,2022,0
reolink-duo-2v-poe,Reolink,Duo 2V PoE,dual-lens,4K UHD,8,"Dual 1/2.65"" CMOS",180 horizontal / 57 vertical,hybrid,IP67,IK10,true,2023,0
reolink-duo-3-poe,Reolink,Duo 3 PoE,dual-lens,16MP,16,"Dual 1/2.7"" CMOS (4K per lens)",180 horizontal / 55 vertical,hybrid,IP67,,true,2024,0
reolink-duo-3-wifi,Reolink,Duo 3 WiFi,dual-lens,16MP,16,"Dual 1/2.7"" CMOS (4K each)",180 horizontal / 55 vertical,hybrid,IP67,,true,2024,0
reolink-duo-3v-poe,Reolink,Duo 3V PoE,dual-lens,16MP,16,"Dual 1/2.8"" CMOS (4K each)",180 horizontal / 53 vertical,hybrid,IP67,IK10,true,2024,0
reolink-duo-4g,Reolink,Duo 4G,bullet,2×4MP 180° dual-lens,4,"1/3"" CMOS",150 horizontal / 44 vertical,hybrid,IP66,,true,2022,0
reolink-duo-floodlight-poe,Reolink,Duo Floodlight PoE,dual-lens,4K UHD,8,"Dual 1/2.7"" CMOS",180 horizontal / 60 vertical,hybrid,IP66,,true,2023,0
reolink-duo-floodlight-wifi,Reolink,Duo Floodlight WiFi,floodlight,4K UHD (dual-lens),8,"1/2.7"" CMOS (dual)",180,hybrid,IP67,,true,2024,0
reolink-e1-indoor,Reolink,E1,ptz,1080p HD,4,"1/3"" CMOS",84 horizontal/45 vertical,ir,IP20,,true,2019,0
reolink-e1-outdoor-cx,Reolink,E1 Outdoor CX,ptz,2K,4,"1/1.8"" CMOS",89 horizontal/46 vertical,color,IP65,,false,2024,0
reolink-e1-outdoor-poe,Reolink,E1 Outdoor PoE,ptz,4K UHD,8,"1/2.8"" CMOS",90-50 horizontal/53-30 vertical,hybrid,IP65,,true,2022,0
reolink-e1-outdoor-pro,Reolink,E1 Outdoor Pro,ptz,4K UHD,8,"1/2.8"" CMOS",94-50 horizontal/53-30 vertical,hybrid,IP65,,true,2023,0
reolink-e1-outdoor-se-poe,Reolink,E1 Outdoor SE PoE,ptz,4K UHD,8,"1/2.7"" CMOS",88 horizontal/45 vertical,hybrid,IP65,,true,2024,0
reolink-e1-outdoor-wifi,Reolink,E1 Outdoor,ptz,5MP,5,"1/2.7"" CMOS",90-50 horizontal/53-30 vertical,hybrid,IP65,,true,2020,0
reolink-e1-pro,Reolink,E1 Pro,ptz,5MP Super HD,5,"1/2.7"" CMOS",82 horizontal/43 vertical,ir,,,true,2020,0
reolink-e1-zoom,Reolink,E1 Zoom,ptz,4K,8,"1/2.8"" CMOS",,ir,IP20,,true,2020,1
reolink-elite-floodlight-wifi,Reolink,Elite Floodlight WiFi,dual-lens,4K+4MP dual-lens,8,"1/2.7"" CMOS","180 horizontal, 59 vertical",hybrid,IP66,,true,2025,0
reolink-elite-pro-floodlight-poe,Reolink,Elite Pro Floodlight PoE,dual-lens,16MP dual-lens,16,"Dual 1/2.7"" CMOS (8MP each)","180 horizontal, 55 vertical",hybrid,IP66,,true,2026,0
reolink-elite-wifi,Reolink,Elite WiFi,dual-lens,4K Panoramic,8,"1/2.7"" CMOS (x2)",180 horizontal / 59 vertical,hybrid,IP67,,true,2025,0
reolink-fe-p,Reolink,FE-P,fisheye,6MP,6,"1/2.5"" CMOS",360,ir,,,true,2023,0
reolink-fe-w,Reolink,FE-W,fisheye,6MP fisheye,6,"1/2.5"" CMOS",180,ir,,,true,2024,0
reolink-go-4g,Reolink,Go,bullet,1080p HD,2,Starlight CMOS Image Sensor,110 diagonal,ir,IP65,,true,2019,0
reolink-go-pt,Reolink,Go PT,ptz,1080p HD,2,Starlight CMOS,355 pan/140 tilt,ir,,,true,2021,0
reolink-go-pt-plus,Reolink,Go PT Plus,ptz,2K QHD,5,"1/2.7"" CMOS",355 pan/140 tilt,hybrid,IP64,,true,2022,0
reolink-go-pt-s-lite,Reolink,Go PT S Lite,ptz,2K QHD,4,"1/3"" CMOS",95 horizontal/51.5 vertical,hybrid,IP65,,true,2024,0
reolink-go-pt-ultra,Reolink,Go PT Ultra,ptz,4K UHD,8,"1/2.7"" CMOS",355 pan/140 tilt,hybrid,IP64,,true,2023,0
reolink-go-ranger-pt,Reolink,Go Ranger PT,ptz,4K UHD,8,"1/3"" CMOS",90 horizontal/47 vertical,ir,IP65,,true,2024,0
reolink-home-hub,Reolink,Home Hub,box,N/A (hub device),0,,N/A,none,,,false,2024,0
reolink-keen-ranger-pt,Reolink,Keen Ranger PT,ptz,2K QHD,4,"1/3"" CMOS",95 horizontal / 57 vertical / 115 diagonal,ir,,,true,2022,0
reolink-lumus,Reolink,Lumus,bullet,2K QHD,4,"1/2.7"" CMOS","107 horizontal, 57 vertical, 129 diagonal",hybrid,IP65,,true,2021,0
reolink-lumus-pro,Reolink,Lumus Pro,bullet,4K UHD,8,"1/2.7"" CMOS",106 horizontal,ir,IP65,,true,2024,0
reolink-omvi-3i-poe,Reolink,OMVI 3i PoE,panoramic,18MP (10MP panoramic + 8MP PT),18,"3x CMOS: 2x 1/2.7"" 5MP (panoramic) + 1x 1/2.8"" 8MP (PT, 4K)",180 H / 65 V (panoramic) + 55 H / 30 V (PT); PT unit pans 350deg / tilts 50deg,hybrid,IP66,,true,2026,0
reolink-omvi-3i-wifi,Reolink,OMVI 3i WiFi,panoramic,18MP (10MP panoramic + 8MP PT),18,"3x CMOS: 2x 1/2.7"" 5MP (panoramic) + 1x 1/2.8"" 8MP (PT, 4K)",180 H / 65 V (panoramic) + 55 H / 30 V (PT); PT unit pans 350deg / tilts 50deg,hybrid,IP66,,true,2026,0
reolink-omvi-x16-poe,Reolink,OMVI X16 PoE,panoramic,24MP (16MP panoramic + 8MP PTZ),24,"3x CMOS: 2x 8MP (panoramic, 16MP combined) + 1x 8MP (PTZ, 4K, 16x optical zoom)","180 H panoramic (0-22deg motorized tilt, upper lenses) + 360deg endless pan / 95deg tilt (PTZ lens)",hybrid,IP66,,,2026,0
reolink-p340,Reolink,P340,bullet,12MP Spotlight,12,"1/2.49"" CMOS",93 horizontal / 49 vertical,hybrid,IP67,,true,,0
reolink-p430,Reolink,P430,bullet,4K UHD,8,"1/2.8"" CMOS",105-31 horizontal / 55-17 vertical,hybrid,IP67,,true,,0
reolink-p830,Reolink,P830,ptz,4K UHD,8,"1/2.7"" CMOS",88 horizontal / 46 vertical,hybrid,IP65,,true,,0
reolink-reolink-go-plus,Reolink,Go Plus,bullet,4MP QHD,4,"1/2.7"" CMOS",105 horizontal,ir,IP65,,true,2022,0
reolink-rlc-1210a,Reolink,RLC-1210A,bullet,12MP UHD,12,"1/2.49"" CMOS",67 horizontal,ir,IP66,,false,,0
reolink-rlc-1212a,Reolink,RLC-1212A,bullet,12MP UHD,12,"1/2.49"" CMOS",97 horizontal,hybrid,IP67,,true,,0
reolink-rlc-1220a,Reolink,RLC-1220A,dome,12MP UHD,12,"1/2.49"" CMOS",67 horizontal,ir,IP66,,false,,0
reolink-rlc-1224a,Reolink,RLC-1224A,bullet,12MP UHD,12,"1/2.49"" CMOS",93 horizontal,hybrid,IP66,,true,2024,0
reolink-rlc-1240a,Reolink,RLC-1240A,turret,12MP UHD,12,"1/2.49"" CMOS",121 horizontal,hybrid,IP67,IK10,true,2024,0
reolink-rlc-410,Reolink,RLC-410,bullet,5MP,5,"1/2.7"" CMOS",80 horizontal,ir,IP66,,false,,0
reolink-rlc-410s,Reolink,RLC-410S,bullet,1440p Super HD,4,"1/3"" CMOS",80 horizontal / 42 vertical,ir,IP66,,false,2018,0
reolink-rlc-410w,Reolink,RLC-410W,bullet,4MP,4,"1/3"" CMOS",80 horizontal / 42 vertical,ir,IP66,,false,2019,0
reolink-rlc-422,Reolink,RLC-422,dome,5MP,5,"1/2.7"" CMOS",90-31 horizontal / 67-24 vertical,ir,IP66,IK10,false,2019,0
reolink-rlc-423,Reolink,RLC-423,ptz,5MP,5,"1/2.7"" CMOS",87-31 horizontal / 65-24 vertical,ir,IP66,,false,2019,0
reolink-rlc-510a,Reolink,RLC-510A,bullet,5MP,5,"1/2.7"" CMOS",80 horizontal / 42 vertical,ir,IP67,,false,2020,0
reolink-rlc-510wa,Reolink,RLC-510WA,bullet,5MP,5,"1/2.7"" CMOS",80 horizontal,ir,IP67,,false,2021,0
reolink-rlc-511,Reolink,RLC-511,bullet,5MP,5,"1/2.7"" CMOS",90-31 horizontal,ir,IP66,,false,2019,0
reolink-rlc-511w,Reolink,RLC-511W,bullet,5MP,5,"1/2.7"" CMOS",90-31 horizontal,ir,IP66,,false,2020,0
reolink-rlc-511wa,Reolink,RLC-511WA,bullet,5MP,5,"1/2.7"" CMOS",96-27 horizontal,hybrid,IP67,,true,2022,0
reolink-rlc-520,Reolink,RLC-520,dome,5MP,5,"1/2.7"" CMOS",80 horizontal,ir,IP66,,false,2019,0
reolink-rlc-520a,Reolink,RLC-520A,dome,5MP,5,"1/2.7"" CMOS",80 horizontal,ir,IP66,,false,2020,0
reolink-rlc-522,Reolink,RLC-522,bullet,5MP,5,"1/2.7"" CMOS",94-48 horizontal,ir,IP66,,false,2020,0
reolink-rlc-523wa,Reolink,RLC-523WA,ptz,5MP,5,"1/2.7"" CMOS","96-27 horizontal, 69-21 vertical",hybrid,IP66,,true,2021,0
reolink-rlc-540a,Reolink,RLC-540A,turret,5MP,5,"1/2.7"" CMOS","100 horizontal, 75 vertical, 130 diagonal",hybrid,IP67,IK10,true,2024,0
reolink-rlc-542wa,Reolink,RLC-542WA,dome,5MP,5,"1/2.7"" CMOS","96-27 horizontal, 69-21 vertical",ir,IP66,IK10,false,2021,0
reolink-rlc-810a,Reolink,RLC-810A,bullet,4K UHD,8,"1/2.7"" CMOS",87 horizontal,ir,IP67,,false,2020,0
reolink-rlc-810wa,Reolink,RLC-810WA,bullet,4K UHD,8,"1/2.7"" CMOS",88.8 horizontal / 45.2 vertical,hybrid,IP67,,true,2023,0
reolink-rlc-811a,Reolink,RLC-811A,bullet,4K UHD,8,"1/2.8"" CMOS",105-31 horizontal,hybrid,IP67,,true,2021,0
reolink-rlc-811wa,Reolink,RLC-811WA,bullet,4K UHD,8,"1/2.8"" CMOS",105-31 horizontal / 55-17 vertical,hybrid,IP67,,true,2023,0
reolink-rlc-812a,Reolink,RLC-812A,bullet,4K UHD,8,"1/2.49"" CMOS",85 horizontal,color,IP66,,true,2022,0
reolink-rlc-81ma,Reolink,RLC-81MA,dual-lens,4K UHD,8,"1/2.7"" CMOS (x2, wide + telephoto)",109-43 horizontal,hybrid,IP66,,true,2023,0
reolink-rlc-81pa,Reolink,RLC-81PA,ptz,4K UHD,8,"1/2.7"" CMOS",88 horizontal,hybrid,IP67,,true,2023,0
reolink-rlc-820a,Reolink,RLC-820A,dome,4K UHD,8,"1/2.7"" CMOS",87 horizontal / 44 vertical,ir,IP67,,false,2021,0
reolink-rlc-822a,Reolink,RLC-822A,bullet,4K UHD,8,"1/2.8"" CMOS",94-50 horizontal,ir,IP66,,false,2022,0
reolink-rlc-823a,Reolink,RLC-823A,ptz,4K UHD,8,"1/2.8"" CMOS","105-31 horizontal, 55-17 vertical",hybrid,IP66,,true,2021,0
reolink-rlc-823a-16x,Reolink,RLC-823A 16X,ptz,4K UHD,8,"1/2.8"" CMOS","54.2-3.6 horizontal, 41.7-2.1 vertical",ir,IP66,,true,2023,0
reolink-rlc-823s1,Reolink,RLC-823S1,ptz,4K UHD,8,"1/2.8"" CMOS",100-31 horizontal / 55-17 vertical / 123-39 diagonal,hybrid,IP66,,true,2024,0
reolink-rlc-823s1w,Reolink,RLC-823S1W,ptz,4K UHD,8,"1/2.8"" CMOS",100-31 horizontal / 55-17 vertical,hybrid,IP66,,true,2024,0
reolink-rlc-823s2,Reolink,RLC-823S2,ptz,4K UHD,8,"1/2.8"" CMOS",54.2-3.6 horizontal,hybrid,IP66,,true,2024,0
reolink-rlc-824a,Reolink,RLC-824A,bullet,4K UHD,8,"1/2.49"" CMOS",85 horizontal / 44 vertical,color,IP66,,true,2022,0
reolink-rlc-830a,Reolink,RLC-830A,ptz,4K UHD,8,"1/2.7"" CMOS",88 horizontal,hybrid,IP65,,true,2022,0
reolink-rlc-833a,Reolink,RLC-833A,dome,4K UHD,8,"1/2.8"" CMOS",94-50 horizontal,hybrid,IP67,,true,2022,0
reolink-rlc-840a,Reolink,RLC-840A,turret,4K UHD,8,"1/2.49"" CMOS",105 horizontal,hybrid,IP67,IK10,true,2022,0
reolink-rlc-840wa,Reolink,RLC-840WA,dome,4K UHD,8,"1/2.49"" CMOS",105 horizontal,hybrid,IP67,IK10,true,2024,0
reolink-rlc-842a,Reolink,RLC-842A,dome,4K UHD,8,"1/2.8"" CMOS",105-31 horizontal,ir,IP66,IK10,false,2021,0
reolink-rlc-843a,Reolink,RLC-843A,dome,4K UHD,8,"1/2.8"" CMOS",100-31 horizontal,hybrid,IP67,IK10,true,2023,0
reolink-rlc-843wa,Reolink,RLC-843WA,dome,4K UHD,8,"1/2.8"" CMOS",100-31 horizontal,hybrid,IP67,IK10,true,2024,0
reolink-solar-floodlight-cam,Reolink,Solar Floodlight Cam,floodlight,4MP 2K,4,"1/3"" CMOS","150 diagonal (124.5 horizontal, 69.6 vertical)",hybrid,IP66,,true,2026,0
reolink-talon-pro,Reolink,Talon Pro,box,4K UHD,8,"1/1.8"" CMOS",90 horizontal/50 vertical,hybrid,IP67,,true,2024,0
reolink-trackflex-floodlight-wifi,Reolink,TrackFlex Floodlight WiFi,dual-lens,4K UHD,8,"Dual sensors: 1/3"" + 1/2.8"" CMOS",Wide 104 horizontal/60 vertical + Tele 38 horizontal/21 vertical,hybrid,IP66,,true,2025,0
reolink-trackmix-lte,Reolink,TrackMix LTE,dual-lens,4K UHD,8,"1/3"" CMOS","108.4-38 horizontal, 57.3-21.2 vertical",hybrid,IP65,,true,2023,0
reolink-trackmix-lte-c,Reolink,TrackMix LTE C,dual-lens,4K UHD,8,"1/3"" CMOS",108.4-38 horizontal/57.3-21.2 vertical,hybrid,IP65,,true,2024,0
reolink-trackmix-lte-plus,Reolink,TrackMix LTE Plus,dual-lens,2K QHD,4,"1/3"" CMOS","96-38 horizontal, 55-21 vertical",hybrid,IP65,,true,2023,0
reolink-trackmix-poe,Reolink,TrackMix PoE,ptz,4K UHD,8,"1/3"" CMOS (wide) + 1/2.8"" CMOS (telephoto)","104-38 horizontal, 60-21 vertical",hybrid,IP65,,true,2023,0
reolink-trackmix-wifi,Reolink,TrackMix WiFi,ptz,4K UHD,8,"1/3"" CMOS (wide) + 1/2.8"" CMOS (telephoto)","104-38 horizontal, 60-21 vertical",hybrid,IP65,,true,2023,0
reolink-video-doorbell-2nd-gen,Reolink,Video Doorbell 2nd Gen,doorbell,2K,4,,,,,,true,2026,0
reolink-video-doorbell-poe,Reolink,Video Doorbell PoE,doorbell,5MP,5,"1/2.7"" CMOS",180 diagonal (135H x 100V black / 100H x 135V white),ir,IP65,,true,2022,0
reolink-video-doorbell-wifi,Reolink,Video Doorbell WiFi,doorbell,5MP,5,"1/2.7"" CMOS",180 diagonal (135H x 100V black / 100H x 135V white),ir,IP65,,true,2022,0
resideo-cx4b-ai,Resideo,CX4B-AI,bullet,4K/8MP,8,,,ir,,,,,0
resideo-cx4d-ai,Resideo,CX4D-AI,dome,4K/8MP,8,,,ir,,,,,0
resideo-cx4t-ai,Resideo,CX4T-AI,turret,4K/8MP,8,,,ir,,,,,0
resideo-dbcam-trim2,Resideo,DBCAM-TRIM2,doorbell,HD,1,,,ir,,,true,,0
resideo-imv601,Resideo,IMV601,box,QVGA,0.08,CMOS,110,ir,,,,,0
resideo-ipcam-woc2,Resideo,IPCAM-WOC2,bullet,1080p HD,2,,,ir,,,,,0
resideo-osmvc601,Resideo,OSMVC601,box,QVGA,0.08,CMOS,90,ir,,,,,0
resideo-prooutmv,Resideo,PROOUTMV,box,,0.08,,,ir,,,,,0
resideo-vx1,Resideo,VX1,doorbell,5MP HD,5,,,color,,,true,,0
resideo-vx3,Resideo,VX3,bullet,1080p HD,2,,,hybrid,,,,,0
resideo-vx5,Resideo,VX5,box,1080p HD,2,,,ir,,,,,0
ring-battery-doorbell-pro-2025,Ring,Battery Doorbell Pro,doorbell,Head-to-Toe 1536p,4,,150 horizontal / 150 vertical,color,IPX5,,true,2024,0
ring-doorbell-elite,Ring,Doorbell Elite,doorbell,1080p HD,2,,160 horizontal / 90 vertical,color,IP44,,true,2017,0
ring-floodlight-cam-wired-plus,Ring,Floodlight Cam Wired Plus,bullet,1080p HD,2,,140 horizontal,color,IP55,,true,2022,0
ring-floodlight-cam-wired-pro,Ring,Floodlight Cam Wired Pro,bullet,1080p,2,,140 horizontal / 80 vertical,color,IP55,,true,2021,0
ring-indoor-cam-2nd-gen,Ring,Indoor Cam (2nd Gen),dome,1080p,2,,143 diagonal,color,IP20,,true,2022,0
ring-outdoor-cam-plus,Ring,Outdoor Cam Plus,bullet,2K,4,,140 horizontal / 80 vertical / 160 diagonal,hybrid,,,true,2024,0
ring-pan-tilt-indoor-cam,Ring,Pan-Tilt Indoor Cam,ptz,1080p HD,2,,143 diagonal,color,IP20,,true,2023,0
ring-peephole-cam,Ring,Peephole Cam,doorbell,1080p HD,2,,155 horizontal,ir,,,true,2019,0
ring-spotlight-cam-plus-battery,Ring,Spotlight Cam Plus (Battery),bullet,1080p,2,,140 horizontal,color,IP55,,true,2022,0
ring-spotlight-cam-plus-eu,Ring,Spotlight Cam Plus (EU),bullet,1080p HD,2,,140 horizontal,color,IP55,,true,2022,0
ring-spotlight-cam-plus-plug-in,Ring,Spotlight Cam Plus (Plug-In),bullet,1080p HD,2,,140 horizontal,color,IP55,,true,2022,0
ring-spotlight-cam-plus-solar,Ring,Spotlight Cam Plus (Solar),bullet,1080p HD,2,,140 horizontal,color,IP55,,true,2022,0
ring-spotlight-cam-pro,Ring,Spotlight Cam Pro,bullet,1080p HDR,2,,140 horizontal / 80 vertical,color,IP55,,true,2022,0
ring-stick-up-cam-battery-2nd-gen,Ring,Stick Up Cam Battery (2nd Gen),bullet,1080p HD,2,,130 horizontal,ir,IPX5,,true,2020,0
ring-stick-up-cam-battery-3rd-gen,Ring,Stick Up Cam Battery (3rd Gen),bullet,1080p HD,2,,110 diagonal,color,IP55,,true,2022,0
ring-stick-up-cam-plug-in,Ring,Stick Up Cam Plug-In,bullet,1080p HD,2,,130 horizontal,ir,IPX5,,true,2020,0
ring-stick-up-cam-pro,Ring,Stick Up Cam Pro,bullet,1080p HDR,2,,130 horizontal / 70 vertical,color,IP55,,true,2022,0
ring-video-doorbell-2nd-gen,Ring,Video Doorbell (2nd Gen),doorbell,1080p HD,2,,155 horizontal,ir,,,true,2020,0
ring-video-doorbell-3-plus,Ring,Video Doorbell 3 Plus,doorbell,1080p HD,2,,160 horizontal,ir,,,true,2020,0
ring-video-doorbell-4,Ring,Video Doorbell 4,doorbell,1080p,2,,160 horizontal / 84 vertical,ir,IPX5,,true,2021,0
ring-video-doorbell-wired,Ring,Video Doorbell Wired,doorbell,1080p HD,2,,155 horizontal,ir,,,true,2021,0
siemens-cffc1317,Siemens,CFFC1317,dome,540 TVL,0.4,"1/3"" CCD",70,color,,,,,0
siemens-cfvc1317,Siemens,CFVC1317,dome,540 TVL,0.4,"1/3"" CCD",22.7 ~ 76.9,color,,,,,0
siemens-cfvs1317,Siemens,CFVS1317,dome,540 TVL,0.4,"1/3"" CCD",22.7 ~ 76.9,color,,,,,0
siemens-cvvc1317,Siemens,CVVC1317,dome,540 TVL,0.4,"1/3"" CCD",22.7 ~ 76.9,color,IP66,,,,0
siemens-cvvs1317,Siemens,CVVS1317,dome,540 TVL,0.4,"1/3"" CCD",22.7 ~ 76.9,color,IP66,,,,0
siemens-cvwc1325,Siemens,CVWC1325,dome,500 TVL,0.4,"1/3"" CMOS (Pixim)",27.4 ~ 100.2,color,IP66,,,,0
simplisafe-indoor-cam-v2,SimpliSafe,Indoor Camera Gen 2,dome,1080p HD,2,,120h,ir,IP20,,true,2024,0
simplisafe-outdoor-cam,SimpliSafe,Outdoor Camera,bullet,1080p,2,,140 horizontal,color,IP65,,true,2022,0
simplisafe-outdoor-cam-v2,SimpliSafe,Outdoor Security Camera Gen 2,bullet,1080p,2,,140 horizontal,color,IP65,,true,2024,0
simplisafe-smart-alarm-indoor-cam,SimpliSafe,Smart Alarm Wireless Indoor Camera,dome,1080p,2,,125 diagonal,ir,IP20,,true,2022,0
somfy-indoor-camera,Somfy,Indoor Camera,dome,1080p HD,2,CMOS,130 diagonal,ir,IP20,,true,2020,0
somfy-one-plus,Somfy,Somfy One+,dome,1080p HD,2,,130 diagonal,ir,IP20,,true,2019,0
somfy-outdoor-camera,Somfy,Outdoor Camera,bullet,1080p HD,2,CMOS,120 diagonal,color,IP55,,true,2021,0
sony-snc-ch110,Sony,SNC-CH110,box,720p HD,1,,,,,,,2013,0
sony-snc-ch120,Sony,SNC-CH120,box,720p HD,1,,,,,,,2013,0
sony-snc-ch140,Sony,SNC-CH140,box,720p HD,1,CMOS,,,,,,2013,0
sony-snc-ch160,Sony,SNC-CH160,bullet,720p HD,1,,,ir,IP66,,,2013,0
sony-snc-ch180,Sony,SNC-CH180,bullet,720p HD,1,CMOS,,ir,,,,2013,0
sony-snc-ch210,Sony,SNC-CH210,box,3MP,3,CMOS,,,,,,2013,0
sony-snc-ch220,Sony,SNC-CH220,box,1080p HD,2,,,,,,,2013,0
sony-snc-ch240,Sony,SNC-CH240,box,1080p HD,2,CMOS,,,,,,2013,0
sony-snc-ch260,Sony,SNC-CH260,bullet,1080p HD,2,,,ir,IP66,,,2013,0
sony-snc-ch280,Sony,SNC-CH280,bullet,1080p HD,2,,,ir,IP66,,,2013,0
sony-snc-dh110,Sony,SNC-DH110,dome,720p HD,1,Progressive-scan CMOS,,ir,,,,2013,0
sony-snc-dh140,Sony,SNC-DH140,dome,720p HD,1,CMOS,,,,,,2013,0
sony-snc-dh180,Sony,SNC-DH180,dome,720p HD,1,CMOS,,ir,IP66,,,2013,0
sony-snc-dh210,Sony,SNC-DH210,dome,3MP,3,Progressive-scan Exmor CMOS,,ir,,,,2013,0
sony-snc-dh240,Sony,SNC-DH240,dome,1080p HD,2,CMOS,,,,,,2013,0
sony-snc-rh124,Sony,SNC-RH124,ptz,720p HD,1,,,,,,,2013,0
sony-snc-rh164,Sony,SNC-RH164,ptz,720p HD,1,,,,IP66,,,2013,0
sony-snc-vb600,Sony,SNC-VB600,box,720p HD,1,CMOS,,ir,,,,2013,0
sony-snc-vb600b,Sony,SNC-VB600B,box,720p HD,1,CMOS,,ir,,,,2013,0
sony-snc-vb630,Sony,SNC-VB630,box,1080p HD,2,CMOS,,ir,,,,2013,0
sony-snc-vm600,Sony,SNC-VM600,dome,720p HD,1,CMOS,,ir,,,,2013,0
sony-snc-vm600b,Sony,SNC-VM600B,dome,720p HD,1,CMOS,,ir,,,,2013,0
sony-snc-vm601,Sony,SNC-VM601,dome,720p HD,1,CMOS,,ir,,IK10,,2013,0
sony-snc-vm601b,Sony,SNC-VM601B,dome,720p HD,1,CMOS,,ir,,IK10,,2013,0
sony-snc-vm630,Sony,SNC-VM630,dome,1080p HD,2,CMOS,,ir,,,,2013,0
sony-snc-vm631,Sony,SNC-VM631,dome,1080p HD,2,CMOS,,ir,,IK10,,2013,0
speco-o12b1m,Speco Technologies,O12B1M,bullet,12MP (4000x3000),12,,108 H,ir,IP67,,true,,0
speco-o12mdp4,Speco Technologies,O12MDP4,fisheye,12MP,12,"1/1.7"" progressive scan CMOS",360 (ceiling mount) or 180 (wall mount),ir,IP67,,true,,0
speco-o2db1,Speco Technologies,O2DB1,doorbell,1080p/2MP,2,,,hybrid,,,true,,0
speco-o4b9m,Speco Technologies,O4B9M,bullet,4MP,4,"1/3"" progressive scan CMOS",100-28.9 H,ir,IP67,,true,,0
speco-o4bdd1m,Speco Technologies,O4BDD1M,bullet,4MP,4,"1/3"" progressive scan CMOS",94.2-29.8 H,hybrid,IP66,,true,,0
speco-o4bxlp1m,Speco Technologies,O4BXLP1M,box,4MP,4,,,color,IP67,,true,,0
speco-o4d9,Speco Technologies,O4D9,dome,4MP,4,"1/3"" progressive scan CMOS",95.3 H,ir,IP67,IK10,true,,0
speco-o4d9m,Speco Technologies,O4D9M,dome,4MP,4,"1/3"" progressive scan CMOS",,ir,IP67,IK10,true,,0
speco-o4fdms1,Speco Technologies,O4FDMS1,panoramic,4MP x2 (dual-sensor),4,"Two 1/3"" progressive scan CMOS (one per imager)",101 H / 55 V / 122 D (per lens),ir,IP66,IK10,true,,0
speco-o4p25x2,Speco Technologies,O4P25X2,ptz,1440p/4MP,4,"1/2.7"" progressive scan CMOS",Horizontal 55 to 2.4 (across zoom range),ir,IP66,,true,,0
speco-o4t9,Speco Technologies,O4T9,turret,4MP,4,"1/3"" progressive scan CMOS","Horizontal 95.3, Vertical 53.2, Diagonal 115",ir,IP67,,false,,0
speco-o4tdd2,Speco Technologies,O4TDD2,turret,4MP,4,"1/3"" progressive scan CMOS",Horizontal 96,hybrid,IP66,,true,,0
speco-o4vb2,Speco Technologies,O4VB2,bullet,1440p/4MP,4,"1/3"" progressive scan CMOS","Horizontal 94, Vertical 50, Diagonal 115",ir,IP67,,false,,0
speco-o4vb2g,Speco Technologies,O4VB2G,bullet,4MP,4,"1/3"" progressive scan CMOS","94 H, 50 V, 115 D",ir,IP67,IK10,false,,0
speco-o4vb2m,Speco Technologies,O4VB2M,bullet,1440p/4MP,4,"1/3"" progressive scan CMOS","Horizontal 94-31, Vertical 52-17.6, Diagonal 112-35.6",ir,IP67,,false,,0
speco-o4vbw2,Speco Technologies,O4VBW2,bullet,1440p/4MP,4,"1/3"" progressive scan CMOS","Horizontal 94, Vertical 50, Diagonal 115",ir,IP67,,false,,0
speco-o4vd2,Speco Technologies,O4VD2,dome,1440p/4MP,4,,,ir,IP67,IK10,,,0
speco-o4vd2g,Speco Technologies,O4VD2G,dome,4MP,4,"1/3"" progressive scan CMOS","Horizontal 94, Vertical 50, Diagonal 115",ir,IP67,IK10,false,,0
speco-o4vd2m,Speco Technologies,O4VD2M,dome,1440p/4MP,4,,,ir,IP67,IK10,false,,0
speco-o4vt2,Speco Technologies,O4VT2,turret,1440p/4MP,4,"1/3"" progressive scan CMOS","Horizontal 94, Vertical 50, Diagonal 115",ir,IP67,,false,,0
speco-o4vt2g,Speco Technologies,O4VT2G,turret,4MP,4,"1/3"" progressive scan CMOS","Horizontal 94, Vertical 50, Diagonal 115",ir,IP67,,false,,0
speco-o4vt2m,Speco Technologies,O4VT2M,turret,1440p/4MP,4,"1/3"" progressive scan CMOS","Horizontal 92-31, Vertical 48-17.2, Diagonal 112-35.6",ir,IP67,,false,,0
speco-o5tmlb1,Speco Technologies,O5TMLB1,dual-lens,5MP,5,"1/2.7"" CMOS","81 (H), 56.7 (V) optical; 56 (H), 42.2 (V) thermal",hybrid,IP67,,true,2024,0
speco-o6b1,Speco Technologies,O6B1,bullet,6MP,6,"1/2.5"" progressive scan CMOS","Horizontal 104, Vertical 54.5, Diagonal 130",ir,IP67,IK10,false,,0
speco-o6b1m,Speco Technologies,O6B1M,bullet,6MP,6,"1/2.5"" progressive scan CMOS",108-36 H / 57-20 V / 129-42 D,ir,IP67,IK10,false,,0
speco-o6d1,Speco Technologies,O6D1,dome,6MP,6,"1/2.5"" progressive scan CMOS","104 H, 54.5 V, 130 D",ir,IP67,IK10,false,,0
speco-o6d1m,Speco Technologies,O6D1M,dome,6MP,6,"1/2.5"" progressive scan CMOS",Horizontal 108-36,ir,IP67,IK10,false,,0
speco-o6mdp4,Speco Technologies,O6MDP4,fisheye,6MP,6,"1/2.5"" progressive scan CMOS",360 (ceiling mount) or 180 (wall mount),ir,IP67,,,,0
speco-o6t1,Speco Technologies,O6T1,turret,6MP,6,"1/2.5"" progressive scan CMOS","104 H, 54.5 V, 130 D",ir,IP67,IK10,false,,0
speco-o6t1m,Speco Technologies,O6T1M,turret,6MP,6,"1/2.5"" progressive scan CMOS","108-36 H, 57-20 V, 129-42 D",ir,IP67,IK10,false,,0
speco-o84s,Speco Technologies,O84S,panoramic,8MP / 4K (4x 2MP quad-view),8,"4x 1/2.8"" CMOS, 2MP each",360 (approx 90 per lens),ir,IP66,IK10,true,,0
speco-o8b9,Speco Technologies,O8B9,bullet,4K,8,"1/2.8"" progressive scan CMOS",96 H,ir,IP67,,true,,0
speco-o8b9m,Speco Technologies,O8B9M,bullet,4K,8,"1/2.8"" progressive scan CMOS",96-32 H,ir,IP67,,true,,0
speco-o8d9,Speco Technologies,O8D9,dome,4K,8,"1/2.8"" progressive scan CMOS",96 H,ir,IP67,IK10,true,,0
speco-o8d9m,Speco Technologies,O8D9M,dome,4K,8,"1/2.8"" progressive scan CMOS",96-32 H,ir,IP67,IK10,true,,0
speco-o8fb1,Speco Technologies,O8FB1,bullet,4K,8,"1/1.8"" progressive scan CMOS",110 H,hybrid,IP67,,false,,0
speco-o8fb1m,Speco Technologies,O8FB1M,bullet,4K,8,"1/1.8"" progressive scan CMOS",108-45.5 H,hybrid,IP67,,true,,0
speco-o8fbms1,Speco Technologies,O8FBMS1,panoramic,8MP stitched panoramic (4x 2MP sensors),8,4x progressive scan CMOS (multi-sensor panoramic array),"Horizontal 175, Vertical 80",ir,IP67,IK10,false,,0
speco-o8fd1,Speco Technologies,O8FD1,dome,4K,8,"1/1.8"" progressive scan CMOS",110 H,hybrid,IP67,IK07,false,,0
speco-o8fd1m,Speco Technologies,O8FD1M,dome,4K,8,"1/1.8"" progressive scan CMOS",,hybrid,IP67,IK10,true,,0
speco-o8ft1,Speco Technologies,O8FT1,turret,4K,8,"1/1.8"" progressive scan CMOS",110 H,hybrid,IP67,,false,,0
speco-o8ft1m,Speco Technologies,O8FT1M,turret,4K,8,"1/1.8"" progressive scan CMOS",108-45.5 H,hybrid,IP67,,false,,0
speco-o8kt1,Speco Technologies,O8KT1,turret,4K,8,,,hybrid,IP67,,false,,0
speco-o8kt1b,Speco Technologies,O8KT1B,turret,4K,8,,,hybrid,IP67,,false,,0
speco-o8lmsb2,Speco Technologies,O8LMSB2,bullet,8MP 180 multisensor,8,"1/2.7"" Progressive Scan CMOS x2","Horizontal 180, Vertical 66",hybrid,IP66,,true,,0
speco-o8lmst1,Speco Technologies,O8LMST1,panoramic,8MP 180° panoramic,8,,180 H,color,IP67,IK10,true,,0
speco-o8lmst2,Speco Technologies,O8LMST2,panoramic,8MP 180° multisensor,8,"1/2.7"" Progressive Scan CMOS x2","Horizontal 180, Vertical 66",hybrid,IP66,,true,,0
speco-o8p32x,Speco Technologies,O8P32X,ptz,4K/8MP,8,"1/2.8"" Sony progressive scan CMOS",Horizontal 61.3 to 2.18; Vertical 36.9 to 1.22; Diagonal 68.4 to 2.5 (across 32x zoom range),ir,IP66,,false,,0
speco-o8t9,Speco Technologies,O8T9,turret,4K/8MP,8,"Progressive scan 1/2.8"" CMOS, 8MP","Horizontal 106.9, Vertical 56.9, Diagonal 127.9",ir,IP67,,false,,0
speco-o8t9m,Speco Technologies,O8T9M,turret,4K,8,"1/2.8"" progressive scan CMOS",96-32 H,ir,IP67,IK10,false,,0
speco-o8tdd2,Speco Technologies,O8TDD2,turret,4K,8,"1/1.8"" progressive scan CMOS","Horizontal 109, vertical 57, diagonal 132",hybrid,IP66,,true,,0
speco-o8tdd2m,Speco Technologies,O8TDD2M,turret,4K/8MP,8,"1/1.8"" progressive scan CMOS","Horizontal 113-46, Vertical 59-26, Diagonal 136-54",hybrid,IP66,,true,,0
speco-o8tdd2mb,Speco Technologies,O8TDD2MB,turret,4K/8MP,8,"1/1.8"" progressive scan CMOS","Horizontal 113-46, Vertical 59-26, Diagonal 136-54",hybrid,IP66,,true,,0
speco-o8vb3,Speco Technologies,O8VB3,bullet,4K/8MP,8,"1/2.8"" progressive scan CMOS",108.9 H / 76.4 V / 116.2 D,ir,IP67,,false,,0
speco-o8vb3m,Speco Technologies,O8VB3M,bullet,4K/8MP,8,"1/2.8"" progressive scan CMOS","Horizontal 99-34, Vertical 53-18, Diagonal 115-36",ir,IP67,,false,,0
speco-o8vd3,Speco Technologies,O8VD3,dome,4K/8MP,8,"1/2.8"" progressive scan CMOS",Horizontal 108.9,ir,IP67,IK10,false,,0
speco-o8vd3m,Speco Technologies,O8VD3M,dome,4K/8MP,8,"1/2.8"" progressive scan CMOS","Horizontal 99-34, Vertical 53-18, Diagonal 115-36",ir,IP67,IK10,false,,0
speco-o8vlt1,Speco Technologies,O8VLT1,turret,4K,8,,,hybrid,IP67,,false,,0
speco-o8vt3,Speco Technologies,O8VT3,turret,4K/8MP,8,"1/2.8"" progressive scan CMOS","Horizontal 101, Vertical 53, Diagonal 120",ir,IP67,,false,,0
speco-o8vt3m,Speco Technologies,O8VT3M,turret,4K/8MP,8,"1/2.8"" progressive scan CMOS","Horizontal 100-34, Vertical 54-18, Diagonal 117-35.5",ir,IP67,,false,,0
speco-vld10,Speco Technologies,VLD10,dome,1080p/2MP,2,"1/2.8"" CMOS",,ir,IP67,IK10,false,,0
srihome-dh002-4mp,Srihome,DH002,doorbell,4MP (2K),4,,120 horizontal,ir,,,true,,0
srihome-dh003-4mp,Srihome,DH003,bullet,4MP (2K),4,,110 horizontal,hybrid,IP65,,true,,0
srihome-dh004-4mp,Srihome,DH004,doorbell,4MP (2K),4,,120 horizontal,ir,,,true,,0
srihome-dh005-4mp,Srihome,DH005,ptz,4MP (2K),4,,110 horizontal,hybrid,IP65,,true,,0
srihome-dh006,Srihome,DH006,ptz,4MP (2K),4,,110 horizontal,hybrid,IP65,,true,,0
srihome-dh008-4mp,Srihome,DH008,bullet,4MP (2K),4,,130 horizontal,hybrid,,,true,,0
srihome-ronda-dh013,Srihome,DH013,ptz,4MP (2K),4,,,hybrid,,,true,,0
srihome-sh024-3mp,Srihome,SH024,bullet,3MP,3,,73 horizontal,hybrid,IP66,,true,,0
srihome-sh025,Srihome,SH025,ptz,1080p,2,,,ir,,,true,,0
srihome-sh028,Srihome,SH028,ptz,4K UHD (8MP),8,,110 horizontal,hybrid,IP66,,true,,0
srihome-sh029-3mp,Srihome,SH029,bullet,3MP,3,,,ir,,,true,,0
srihome-sh030,Srihome,SH030,dome,4MP (2K),4,,110 horizontal,ir,,,true,,0
srihome-sh033b-4mp,Srihome,SH033B,bullet,4MP (2K),4,,110 horizontal,hybrid,,,true,,0
srihome-sh034-5mp-full-metal-body,Srihome,SH034,bullet,5MP (2K),5,,,hybrid,IP66,,true,,0
srihome-sh034c-4mp,Srihome,SH034C,bullet,4MP (2K),4,,,hybrid,IP66,,true,,0
srihome-sh036-3mp,Srihome,SH036,ptz,3MP,3,,,hybrid,,,true,,0
srihome-sh037-4mp,Srihome,SH037,bullet,4MP (2K),4,,,hybrid,IP66,,true,,0
srihome-sh038,Srihome,SH038,ptz,4MP (2K),4,,,hybrid,,,true,,0
srihome-sh039,Srihome,SH039,floodlight,5MP (2K),5,,,hybrid,,,true,,0
srihome-sh039b,Srihome,SH039B,ptz,3MP,3,,,hybrid,,,true,,0
srihome-sh041,Srihome,SH041,ptz,5MP (2K),5,,50.2-2.9 (H),hybrid,,,true,,0
srihome-sh042,Srihome,SH042,ptz,1080p,2,,,hybrid,,,true,,0
srihome-sh043-4mp-full-metal-body,Srihome,SH043,bullet,4MP (2K),4,,,hybrid,IP66,,true,,0
srihome-sh045,Srihome,SH045,ptz,1080p,2,,,hybrid,IP66,,true,,0
srihome-sh046-4mp-5x-optical-zoom,Srihome,SH046,ptz,4MP (2K),4,,115-23 (H),hybrid,,,true,,0
srihome-sh047-4mp-5g-wi-fi,Srihome,SH047,ptz,4MP (2K),4,,110 horizontal,hybrid,IP66,,true,,0
srihome-sh048-2mp-2mp-dual-lens,Srihome,SH048,dual-lens,1080p dual-lens,2,,80 horizontal,hybrid,IP66,,true,,0
srihome-sh049,Srihome,SH049,dual-lens,1080p dual-lens,2,,,hybrid,,,true,,0
srihome-sh050,Srihome,SH050,ptz,1080p,2,,80 horizontal,hybrid,,,true,,0
srihome-sh051,Srihome,SH051,ptz,4MP (2K),4,,115-23 (H),hybrid,IP66,,true,,0
srihome-sh052-5mp,Srihome,SH052,ptz,5MP (2K),5,,80 horizontal,hybrid,IP66,,true,,0
srihome-sh057,Srihome,SH057,bullet,4MP (1440p),4,Starlight CMOS,,hybrid,,,true,,0
srihome-sh063,Srihome,SH063,dual-lens,2x 1080p,2,,,hybrid,,,true,,0
srihome-sh067-bulb-type-dual-camera,Srihome,SH067,panoramic,2x 1080p,2,,360 panoramic,hybrid,,,true,,0
srihome-sp008,Srihome,SP008,ptz,5MP (2K),5,,,hybrid,,,false,,0
srihome-sp018,Srihome,SP018,ptz,5MP (2K),5,,,hybrid,,,true,,0
srihome-sp019-5mp,Srihome,SP019,ptz,5MP (2K),5,,,hybrid,,,true,,0
srihome-sp030,Srihome,SP030,ptz,1080p,2,,,hybrid,,,true,,0
srihome-srihome-sh055-multi-lens-cctv-super-wide-angle-8mp-panoramic-ptz-panorama-camera,Srihome,SH055,panoramic,8MP (4MP PTZ + 2x2MP),8,,170 panoramic,hybrid,IP66,,true,,0
srihome-srihome-sp028-outdoor-wifi-cctv-camera-1080p-fhd-ip-security-cam-with-ptz-color-night-mode-ip65-waterproof,Srihome,SP028,ptz,1080p,2,,,hybrid,IP66,,true,,0
steinel-l-620-cam-sc,Steinel,L 620 CAM SC,bullet,1080p,2,CMOS,180 horizontal,color,IP44,,true,2024,0
steinel-l-625-cam,Steinel,L 625 CAM SC,bullet,2K QHD,4,CMOS,180 horizontal (pivoting),color,IP44,,true,2024,0
sv3c-b04poe,SV3C,SV-B04POE,bullet,2K QHD,4,"1/3"" CMOS",70 horizontal,ir,IP66,,false,,0
sv3c-b05poe,SV3C,SV-B05POE,bullet,5MP,5,"1/2.8"" Sony CMOS",87 horizontal,ir,IP66,,true,,0
sv3c-b05w,SV3C,SV-B05W / SV-B08W,bullet,5MP,5,,87 horizontal,ir,IP66,,true,,0
sv3c-b06w,SV3C,B06W-1080P-HX,bullet,1080p/2MP,2,"1/2.9"" CMOS",70 H,ir,IP66,,true,,0
sv3c-b08poe,SV3C,SV-B08POE,bullet,4K UHD,8,,120 horizontal,hybrid,,,true,,0
sv3c-c12,SV3C,C12,ptz,5MP,5,,pan 350 / tilt 90,color,IP66,,true,,0
sv3c-c22-4k,SV3C,C22-4K,ptz,4K/8MP,8,,pan 355 / tilt 90,ir,IP66,,true,,0
sv3c-c25,SV3C,C25,ptz,4K UHD,8,IMX415 CMOS,,color,IP66,,true,,1
sv3c-d08poe,SV3C,SV-D08POE,dome,4K UHD,8,,120 horizontal,color,IP66,,true,,0
sv3c-hx03,SV3C,HX03,bullet,4K/8MP,8,"1/2.8"" Sony IMX415 CMOS",,hybrid,IP66,,true,,0
sv3c-ptz-1080p-wifi-4x,SV3C,SV3C 1080P WiFi PTZ 4X,ptz,1080p FHD,2,,pan 320 / tilt 90,ir,IP65,,true,,0
sv3c-ptz-4k-dual-network,SV3C,SV3C 4K PTZ PoE+WiFi Dual Network,ptz,4K UHD,8,,,color,IP66,,true,,0
sv3c-ptz-5mp-wifi-5x,SV3C,SV3C 5MP WiFi PTZ 5X Spotlight,ptz,5MP,5,,,color,IP66,,true,,0
sv3c-ptz-poe-15x,SV3C,SV3C 5MP/8MP PoE PTZ 15X,ptz,5MP,5,,pan 355 / tilt 90,color,IP66,,true,,0
sv3c-ptz-poe-36x,SV3C,SD7POE-5MP-HX,ptz,4K/8MP,8,,pan 360 / tilt 93,hybrid,,,true,,0
sv3c-ptz-wifi-track,SV3C,SV3C 5MP/8MP WiFi PTZ Motion Track,ptz,5MP,5,,,color,IP66,,true,,0
sv3c-solar-dual-lens-2k,SV3C,SV3C 2K Solar Dual-Lens Kit,dual-lens,2K QHD,4,,106 wide / 46 tele,color,,,true,,0
swann-4k-bullet,Swann,4K Bullet,bullet,4K UHD,8,"1/2.8"" CMOS",100 horizontal,ir,IP67,,false,2023,0
swann-4k-dome,Swann,4K Dome,dome,4K UHD,8,"1/2.8"" CMOS",100 horizontal,ir,IP66,,false,2023,0
swann-buddy-doorbell,Swann,Buddy Video Doorbell,doorbell,1080p HD,2,,140h,ir,IP44,,true,2023,0
swann-corecam,Swann,CoreCam,bullet,1080p HD,2,,110 diagonal,color,IP65,,true,2022,0
swann-doorbell-camera,Swann,Doorbell Camera,doorbell,2K QHD,4,,160 diagonal,ir,IP65,,true,2023,0
swann-pan-and-tilt-indoor,Swann,Pan & Tilt Indoor Camera,ptz,1080p HD,2,,350 pan / 90 tilt,ir,,,true,2023,0
swann-swpro-1080msfb,Swann,SWPRO-1080MSFB,bullet,1080p HD,2,,90 horizontal,hybrid,IP66,,false,2021,0
swann-swpro-4kmsb,Swann,SWPRO-4KMSB,bullet,4K UHD,8,,105 horizontal,hybrid,IP66,,false,2022,0
swann-swwhd-intcam,Swann,SWWHD-INTCAM,bullet,1080p HD,2,,120 diagonal,ir,IP65,,false,2021,0
swann-swwhd-outcam,Swann,SWWHD-OUTCAM,bullet,1080p HD,2,,120 horizontal,ir,IP66,,false,2021,0
swann-wifi-spotlight,Swann,WiFi Spotlight Camera,bullet,2K QHD,4,,120 diagonal,color,IP65,,true,2024,0
swann-xtreem-solar,Swann,Xtreem Solar,bullet,1080p HD,2,,110 diagonal,ir,IP65,,true,2023,0
synology-bc500,Synology,BC500,bullet,5MP,5,"1/2.7"" CMOS",110 horizontal,ir,IP67,IK10,false,2023,0
synology-bc800z,Synology,BC800Z,bullet,4K UHD,8,"1/1.8"" Starlight CMOS",112-47 horizontal,hybrid,IP67,IK10,false,2025,0
synology-cc400w,Synology,CC400W,box,2K QHD,4,CMOS,125 horizontal,ir,IP65,,true,2024,0
synology-tc500,Synology,TC500,turret,5MP,5,"1/2.7"" CMOS",110 horizontal,ir,IP67,IK10,false,2023,0
tapo-c100,Tapo,Tapo C100,bullet,1080p Full HD,2,"1/3"" Progressive Scan CMOS","117 (Diagonal), 98.8 (Horizontal), 53.5 (Vertical)",ir,,,true,2020,0
tapo-c110,Tapo,Tapo C110,box,2K 3MP,3,"1/2.8"" Progressive Scan CMOS","129.4 diagonal, 107.6 horizontal, 57.6 vertical",ir,,,true,2022,0
tapo-c120,Tapo,Tapo C120,dome,2K QHD,3.7,"1/2.9"" Progressive Scan CMOS Starlight Sensor","120 diagonal, 103 horizontal, 55 vertical",hybrid,IP66,,true,2023,0
tapo-c121,Tapo,Tapo C121,turret,2K QHD 4MP,4,"1/2.9"" Progressive Scan CMOS Starlight Sensor","120 (diagonal), 103 (horizontal), 55 (vertical)",hybrid,IP66,,true,2024,0
tapo-c125,Tapo,Tapo C125,dome,2K QHD,4,"1/2.9"" Progressive Scan CMOS Starlight Sensor","140 (diagonal), 120 (horizontal), 67 (vertical)",ir,,,true,2024,0
tapo-c200,Tapo,Tapo C200,ptz,1080p,2,"1/3\"" Progressive Scan CMOS","88.3 (Diagonal), 75.2 (Horizontal), 40.8 (Vertical)",ir,,,true,2019,0
tapo-c207,Tapo,C207,ptz,1080p,2,"1/3"" Progressive Scan CMOS Starlight Sensor",85 diagonal / 73.5 horizontal / 41 vertical,hybrid,IP65,,true,,0
tapo-c210,Tapo,Tapo C210,ptz,2K (3MP),3,"1/2.8"" Progressive Scan CMOS","83 (horizontal), 45 (vertical), 98 (diagonal)",ir,,,true,2021,0
tapo-c216,Tapo,Tapo C216,ptz,2K 3MP,3,"1/2.8"" Progressive Scan CMOS Starlight Sensor",360 pan / 152 tilt,color,IP65,,true,2025,0
tapo-c217,Tapo,Tapo C217,ptz,2K 3MP,2.99,"1/2.8"" Progressive Scan CMOS Starlight Sensor",98 diagonal / 83 horizontal / 47 vertical,hybrid,IP65,,true,,0
tapo-c220,Tapo,Tapo C220,ptz,2K QHD,4,"1/3"" Progressive Scan Non-Starlight Sensor","88 (diagonal), 75 (horizontal), 41 (vertical)",ir,,,,2021,0
tapo-c222,Tapo,C222,ptz,2K QHD,4,"1/3"" Progressive Scan CMOS","90 diagonal, 76.2 horizontal, 41.8 vertical",ir,,,true,,0
tapo-c225,Tapo,Tapo C225,ptz,2K QHD,4.1,"1/2.9"" Progressive Scan CMOS Starlight Sensor",100 (diagonal) / 83 (horizontal) / 43 (vertical),ir,,,true,2023,0
tapo-c230,Tapo,Tapo C230,ptz,3K,5,"1/3"" Progressive Scan CMOS Starlight Sensor","88 diagonal, 75 horizontal, 41 vertical (image FOV; separate from 360 pan / 114 tilt mechanical range)",ir,,,true,2024,0
tapo-c245d,Tapo,Tapo C245D,ptz,2K (3MP per lens),2.99,"1/2.8"" Progressive Scan CMOS Starlight Sensor",121.8 diagonal / 104.3 horizontal / 57.9 vertical (wide-angle lens),ir,,,true,,0
tapo-c246d,Tapo,Tapo C246D,ptz,2K (3MP per lens),2.99,"1/2.8"" Progressive Scan CMOS Starlight Sensor",125.5 diagonal (fixed lens) / 67.1 diagonal (pan-tilt lens),hybrid,IP65,,true,2025,0
tapo-c250,Tapo,Tapo C250,ptz,4K 8MP,8.3,"1/2.7"" CMOS",105.4 diagonal / 88 horizontal / 46 vertical,ir,,,true,,0
tapo-c260,Tapo,Tapo C260,ptz,4K (8MP),8,"1/2.7"" Progressive Scan CMOS Starlight Sensor","109.6 (diagonal), 91.5 (horizontal), 46.1 (vertical)",ir,,,true,2025,0
tapo-c310,Tapo,Tapo C310,bullet,3MP / 2K (2304x1296),3,"1/2.8"" Progressive Scan CMOS Sensor","100 (diagonal), 84 (horizontal), 46 (vertical)",ir,IP66,,true,2021,0
tapo-c320ws,Tapo,Tapo C320WS,bullet,2K QHD,4,"1/3"" Progressive Scan CMOS Starlight Sensor","113 diagonal, 97 horizontal, 54 vertical",hybrid,IP66,,true,2022,0
tapo-c325wb,Tapo,Tapo C325WB,bullet,2K QHD,4.09,"1/1.79"" Progressive Scan CMOS Starlight Sensor",127,color,IP66,,true,2023,0
tapo-c325wb-ca,Tapo,C325WB (Canada),bullet,2K QHD,3.69,"1/1.88"" Progressive Scan CMOS","125 (diagonal), 106 (horizontal), 56 (vertical)",hybrid,IP66,,true,2023,0
tapo-c325wb-india,Tapo,C325WB (India),bullet,2K QHD,4,"1/1.79"" Progressive Scan CMOS Starlight Sensor","131 (Diagonal), 106 (Horizontal), 56 (Vertical)",hybrid,IP66,,true,2023,0
tapo-c400-kit,Tapo,C400 Kit,bullet,1080p,2,"1/3"" Progressive Scan CMOS",116.7 diagonal / 99.7 horizontal / 53.8 vertical,hybrid,IP65,,true,,0
tapo-c402,Tapo,Tapo C402,bullet,1080p Full HD,2,"1/2.8"" Progressive Scan CMOS Starlight Sensor","125 (Diagonal), 111 (Horizontal), 56 (Vertical)",hybrid,IP65,,,2023,0
tapo-c403,Tapo,Tapo C403,bullet,1080p Full HD,2,"1/2.8"" Progressive Scan CMOS Starlight Sensor",125 (diagonal) / 111 (horizontal) / 56 (vertical),ir,IP65,,true,,0
tapo-c410,Tapo,Tapo C410,bullet,2K 3MP,3,"1/2.8"" Progressive Scan CMOS Starlight Sensor",125 (diagonal) / 111 (horizontal) / 56 (vertical),ir,IP65,,true,,0
tapo-c420,Tapo,C420,bullet,2K QHD,4,"1/3"" Progressive Scan CMOS Starlight Sensor","113 (diagonal), 97 (horizontal), 54 (vertical)",hybrid,IP65,,true,2023,0
tapo-c425,Tapo,Tapo C425,bullet,2K QHD,4,"1/3"" Progressive Scan CMOS Starlight Sensor","150 (Diagonal), 134 (Horizontal), 77 (Vertical)",hybrid,IP66,,true,2023,0
tapo-c460,Tapo,Tapo C460,bullet,4K 8MP,8,"1/2.7"" Progressive Scan CMOS Starlight Sensor","134 (Diagonal), 113 (Horizontal), 59 (Vertical)",hybrid,IP66,,true,2025,0
tapo-c465,Tapo,C465,bullet,4K 8MP,8,"1/2.7"" Progressive Scan CMOS Starlight Sensor",134 diagonal / 113 horizontal / 59 vertical,hybrid,IP65,,true,,0
tapo-c500,Tapo,Tapo C500,ptz,1080p,2,"1/3"" Progressive Scan CMOS Sensor","85.5 (Diagonal), 73.5 (Horizontal), 41 (Vertical)",hybrid,IP65,,true,2024,0
tapo-c510w,Tapo,Tapo C510W,ptz,2K (3MP),3,"1/2.8"" Progressive Scan CMOS","97.23 (diagonal), 82.3 (horizontal), 45.31 (vertical)",hybrid,IP65,,true,2023,0
tapo-c520ws,Tapo,Tapo C520WS,ptz,2K QHD (4MP),4,"1/3"" Progressive Scan CMOS Starlight Sensor","112 (Diagonal), 95 (Horizontal), 53 (Vertical)",hybrid,IP66,,true,2023,0
tapo-c530ws,Tapo,Tapo C530WS,ptz,3K 5MP,5,"1/2.7"" Progressive Scan CMOS Starlight Sensor","102 (Diagonal), 87 (Horizontal), 45.5 (Vertical)",hybrid,IP66,,true,2024,0
tapo-c545d,Tapo,Tapo C545D,ptz,2K (3MP per lens),2.99,,121 diagonal / 95 horizontal / 57.3 vertical (wide-angle lens); 31.7 vertical (telephoto lens),hybrid,,,true,,0
tapo-c560ws,Tapo,Tapo C560WS,ptz,4K 8MP,8,"1/2.7"" Progressive Scan CMOS Starlight Sensor","105 (Diagonal), 88 (Horizontal), 45 (Vertical)",hybrid,IP66,,true,2025,0
tapo-c566wb,Tapo,C566WB,ptz,4K,8,,360 pan / 140 tilt,color,IP66,,,2025,0
tapo-c615f-kit,Tapo,C615F Kit,ptz,2K,3,"1/2.8"" Progressive Scan CMOS",100 diagonal / 84 horizontal / 44 vertical,hybrid,IP65,,true,2025,0
tapo-c645d-kit,Tapo,C645D Kit,dual-lens,"2K 3MP (dual-lens, each lens independently 2K)",3,"1/2.8"" Progressive Scan CMOS",Wide-angle lens: 165.1 diagonal / 137.6 horizontal / 73 vertical; Telephoto lens: 65.5 diagonal / 56.5 horizontal / 30.6 vertical,hybrid,IP65,,true,,0
tapo-c660-kit,Tapo,C660 KIT,ptz,4K,8,"1/2.7"" Progressive Scan CMOS Starlight Sensor","105 (Diagonal), 88 (Horizontal), 45 (Vertical)",hybrid,IP65,,true,2025,0
tapo-c675d-kit,Tapo,C675D Kit,dual-lens,"4K (dual-lens, each lens independently 4K)",8,"1/2.7"" CMOS Starlight Sensor",Fixed lens: 169.7 diagonal / 140.8 horizontal / 74.7 vertical; Pan-tilt lens: 66.5 diagonal / 57.3 horizontal / 31.0 vertical,hybrid,IP65,,true,2026,0
tapo-c710,Tapo,Tapo C710,floodlight,2K 3MP,2.99,"1/2.8"" CMOS",98.1 diagonal / 82.8 horizontal / 44.5 vertical,hybrid,IP65,,true,,0
tapo-c720,Tapo,Tapo C720,bullet,2K QHD,4,"1/3"" progressive scan CMOS Starlight sensor","153 diagonal, 134 horizontal, 77.6 vertical",hybrid,IP65,,true,2024,0
tapo-c840,Tapo,C840,dual-lens,4MP wide + 2MP tele dual lens,4,"1/2.9"" image sensor","144 (wide lens, diagonal) / 55 (tele lens, diagonal)",ir,,,true,2025,0
tapo-d130,Tapo,Tapo D130,doorbell,2K (5MP),5,"1/2.7"" Progressive Scan CMOS","180 diagonal, 172 horizontal, 144 vertical",hybrid,IP65,,true,2024,0
tapo-d225,Tapo,D225,doorbell,2K QHD,4,"1/2.7"" Progressive Scan CMOS",170.6 horizontal / 140.1 vertical,hybrid,IP66,,true,2024,0
tapo-d230s1,Tapo,D230S1,doorbell,2K,5,"1/2.7""",160 (diagonal),hybrid,IP64,,true,2023,0
tapo-d235,Tapo,D235,doorbell,2K 5MP,5,"1/2.7"" Progressive Scan CMOS",170.6 (horizontal) / 140.1 (vertical) / up to 180 diagonal,hybrid,IP66,,true,2024,0
tapo-tc40,Tapo,TC40,ptz,1080p Full HD,2,"1/3"" Progressive Scan CMOS","85.5 diagonal, 73.5 horizontal, 41 vertical",color,IP65,,,,0
tapo-tc55,Tapo,Tapo TC55,bullet,2K QHD,4,"1/3"" Progressive Scan CMOS Starlight Sensor","153 (Diagonal), 134 (Horizontal), 77.6 (Vertical)",hybrid,IP65,,true,2024,0
tapo-tc82-global,Tapo,TC82,bullet,2K 3MP,3,"1/2.8"" Progressive Scan CMOS Starlight Sensor","125 (diagonal), 111 (horizontal), 56 (vertical)",hybrid,IP65,,true,,0
tapo-tc85,Tapo,TC85,bullet,2K QHD,4,"1/3"" Progressive Scan CMOS",150 diagonal,hybrid,IP66,,true,,0
tapo-tcb72,Tapo,Tapo TCB72,ptz,2K QHD,4,"1/3"" Progressive Scan CMOS Starlight Sensor",88 diagonal / 75 horizontal / 41 vertical,ir,,,true,,0
tapo-tcw90-kit,Tapo,TCW90 Kit,ptz,2K 3MP,3,"1/2.8"" Progressive Scan CMOS",100.6 diagonal / 84.4 horizontal / 44.3 vertical,hybrid,IP65,,true,,0
tiandy-tc-c32gn,Tiandy,TC-C32GN,bullet,1080p,2,"1/2.8"" CMOS",84 horizontal,ir,IP66,,false,2021,0
tiandy-tc-c32gp,Tiandy,TC-C32GP,bullet,1080p,2,"1/2.8"" Starlight CMOS",108 horizontal,ir,IP67,,false,2022,0
tiandy-tc-c32ms,Tiandy,TC-C32MS,dome,1080p,2,"1/2.8"" Super Starlight CMOS",108 horizontal,hybrid,IP67,,true,2022,0
tiandy-tc-c32qn,Tiandy,TC-C32QN,bullet,1080p,2,"1/2.8"" CMOS",108-30 horizontal,ir,IP66,IK10,false,2021,0
tiandy-tc-c34gs,Tiandy,TC-C34GS,bullet,4MP QHD,4,"1/2.7"" Starlight CMOS",102 horizontal,ir,IP67,,false,2022,0
tiandy-tc-c34hn,Tiandy,TC-C34HN,dome,4MP QHD,4,"1/2.7"" Starlight CMOS",102 horizontal,ir,IP66,IK10,false,2022,0
tiandy-tc-c34sp,Tiandy,TC-C34SP,turret,4MP QHD,4,"1/2.7"" Super Starlight CMOS",102-30 horizontal,hybrid,IP67,,true,2023,0
tiandy-tc-c35ms,Tiandy,TC-C35MS,dome,5MP,5,"1/2.7"" Super Starlight CMOS",102 horizontal,hybrid,IP67,,true,2022,0
tiandy-tc-c38ls,Tiandy,TC-C38LS,bullet,4K UHD,8,"1/1.8"" Super Starlight CMOS",107-30 horizontal,hybrid,IP67,,true,2023,0
tiandy-tc-h326m,Tiandy,TC-H326M,ptz,1080p,2,"1/2.8"" Starlight CMOS",57.6-2.5 horizontal,ir,IP66,,false,2022,0
tiandy-tc-h388m,Tiandy,TC-H388M,ptz,4K UHD,8,"1/1.8"" Starlight CMOS",54-2.1 horizontal,ir,IP66,,false,2023,0
tkh-security-bc5004,TKH Security,BC5004,box,4MP,4,1/1.8'' CMOS,,ir,,,false,,0
tkh-security-bl2002pid,TKH Security,BL2002PID,bullet,1080p,2,"1/2.8"" ultra-low-light CMOS",,ir,IP67,IK10,false,,0
tkh-security-bl2005v2m,TKH Security,BL2005V2M,bullet,5MP,5,"1/2.7"" Progressive Scan CMOS",32-103 (H),ir,IP67,IK10,false,,0
tkh-security-bl2024m,TKH Security,BL2024M,bullet,4MP,4,1/2.8'' CMOS,"113-34 horizontal, 58-19 vertical",ir,IP67,IK10,false,,0
tkh-security-bl2026m,TKH Security,BL2026M,bullet,6MP,6,1/2.4'' CMOS,"106-35.6 horizontal, 55.9-20 vertical",ir,IP67,IK10,false,,0
tkh-security-bl5006m,TKH Security,BL5006M,bullet,6MP,6,1/2.5'' CMOS,"108-36 horizontal, 57-20 vertical",ir,IP67,IK10,false,,0
tkh-security-bl5008m,TKH Security,BL5008M,bullet,4K UHD (8MP),8,1/1.8'' CMOS,"108-45.5 horizontal, 58-25.5 vertical",color,IP67,IK10,false,,0
tkh-security-fd2002v2f,TKH Security,FD2002V2F,dome,1080p,2,ultra-low-light CMOS,,ir,IP67,IK10,false,,0
tkh-security-fd2005v2m,TKH Security,FD2005V2M,dome,5MP,5,"1/2.7"" Progressive Scan CMOS",32-103 (H),ir,IP67,IK10,false,,0
tkh-security-fd2024f,TKH Security,FD2024F,dome,4MP,4,1/3'' Progressive scan CMOS,"107 horizontal, 57 vertical",ir,IP67,IK10,true,,0
tkh-security-fd2024m,TKH Security,FD2024M,dome,4MP,4,1/3'' Progressive scan CMOS,"107.6-32.9 horizontal, 56-18.5 vertical",ir,IP67,IK10,true,,0
tkh-security-fd2026m,TKH Security,FD2026M,dome,6MP,6,1/2.4'' Progressive scan CMOS,"106-35.6 horizontal, 55.9-20 vertical",ir,IP67,IK10,true,,0
tkh-security-fd360v2,TKH Security,FD360V2,fisheye,12MP,12,"1/1.7"" Progressive CMOS",180 horizontal / 180 vertical,ir,IP66,IK10,true,,0
tkh-security-fd5006m,TKH Security,FD5006M,dome,6MP,6,1/2.5'' Progressive scan CMOS,"108-36 horizontal, 57-20 vertical",ir,IP67,IK10,true,,0
tkh-security-fd950,TKH Security,FD950,dome,5MP,5,"1/2.7"" Progressive CMOS",102.1 (wide) to 31.5 (tele) horizontal / 70.3 to 22.7 vertical,ir,IP66,IK10,true,,0
tkh-security-fd980,TKH Security,FD980,dome,8MP (4K),8,"1/1.8"" CMOS",113 (wide) to 59 (tele) horizontal,ir,IP66,IK10,true,,0
tkh-security-fe5012,TKH Security,FE5012,fisheye,12MP,12,1/1.7'' CMOS,180/360 panoramic (fisheye),ir,IP67,IK10,false,,0
tkh-security-pd1024,TKH Security,PD1024,ptz,4MP,4,1/2.8'' CMOS,53.3-2.6 (H),ir,IP66,,false,,0
tkh-security-pd2024w,TKH Security,PD2024W,ptz,4MP,4,1/1.8'' CMOS,56.6-1.7 (H),ir,IP67,IK10,false,,0
tkh-security-pd5004,TKH Security,PD5004,ptz,4MP,4,1/1.8'' CMOS,63.62-1.77 (H),ir,IP67,IK10,false,,0
tkh-security-pd5004w,TKH Security,PD5004W,ptz,4MP,4,1/1.8'' CMOS,63.62-1.77 (H),ir,IP67,IK10,false,,0
tkh-security-pd900,TKH Security,PD900,ptz,3MP,3,"1/2.8"" Progressive scan CMOS",62 (W) to 2.1 (T) horizontal,ir,IP66,IK10,false,,0
tkh-security-pd910,TKH Security,PD910,ptz,3MP,3,"1/2.8"" Progressive scan CMOS",64 (W) to 1.6 (T) horizontal,ir,IP66,IK10,false,,0
tkh-security-pd920,TKH Security,PD920,ptz,3MP,3,"1/2.8"" Progressive Scan CMOS",,ir,IP66,,true,,0
tkh-security-pd980,TKH Security,PD980,ptz,4K,8,"1/1.8"" CMOS","61.8 to 2.2 horizontal, 35.9 to 1.3 vertical",ir,IP66,IK10,false,,0
tkh-security-xcu-c-thermal,TKH Security,XCU-C-THERMAL,bullet,thermal (uncooled microbolometer),0.4,uncooled microbolometer thermal imager,,,IP67,,,,0
tkh-security-xcu-fusion,TKH Security,XCU-FUSION,dual-lens,1080p visible + thermal,2,Full-HD ultra-low-light CMOS (visible) + uncooled microbolometer (thermal),,,IP67,,,,0
tvt-td-8423is-a,TVT Digital,TD-8423IS-A,ptz,1080p Full HD,2,"1/2.8"" CMOS",55-2.8 horizontal,ir,IP66,,false,2020,0
tvt-td-8443is-a,TVT Digital,TD-8443IS-A,ptz,4MP QHD,4,"1/3"" CMOS",58-2.5 horizontal,ir,IP66,,false,2021,0
tvt-td-8483is-a,TVT Digital,TD-8483IS-A,ptz,4K UHD,8,"1/2.8"" CMOS",56-2.5 horizontal,ir,IP66,,true,2022,0
tvt-td-9422e3-a,TVT Digital,TD-9422E3-A,bullet,1080p Full HD,2,"1/2.8"" CMOS",86 horizontal,ir,IP67,,false,2020,0
tvt-td-9423e3-a,TVT Digital,TD-9423E3-A,bullet,1080p Full HD,2,"1/2.8"" CMOS",108 horizontal,ir,IP66,,false,2020,0
tvt-td-9443e3-a,TVT Digital,TD-9443E3-A,bullet,4MP QHD,4,"1/3"" CMOS",100 horizontal,ir,IP67,,false,2021,0
tvt-td-9452e3-a,TVT Digital,TD-9452E3-A,bullet,5MP,5,"1/2.7"" CMOS",82 horizontal,ir,IP67,,false,2021,0
tvt-td-9482e3-a,TVT Digital,TD-9482E3-A,bullet,4K UHD,8,"1/2.8"" CMOS",105 horizontal,ir,IP67,,true,2022,0
tvt-td-9483e3-a,TVT Digital,TD-9483E3-A,bullet,4K UHD,8,"1/2.8"" CMOS",105 horizontal,hybrid,IP67,,true,2022,0
ubiquiti-ai-360,Ubiquiti,UniFi Protect AI 360,fisheye,"2K (1:1, fisheye)",4,5MP CMOS,360,ir,IPX4,IK08,true,2024,0
ubiquiti-ai-bullet,Ubiquiti,UniFi Protect AI Bullet,bullet,2K,4,,84.7 horizontal / 46.2 vertical / 99 diagonal,ir,IP65,IK04,false,2024,0
ubiquiti-ai-dome,Ubiquiti,UniFi Protect AI Dome,dome,4K UHD,8,"1/1.8"" 8MP CMOS",109.9 horizontal / 56.7 vertical / 134.1 diagonal,ir,IP66,,false,2024,0
ubiquiti-ai-dslr,Ubiquiti,UniFi Protect AI DSLR,box,4K UHD,8,"Four Thirds (4/3"") 10MP CMOS",52 horizontal / 39 vertical / 65 diagonal (17mm lens); 21.6 horizontal / 16.2 vertical / 27 diagonal (45mm lens),,,,true,2024,0
ubiquiti-ai-lpr,Ubiquiti,UniFi Protect AI LPR,bullet,4K,8,"1/1.8"" 8MP",109.9 horizontal / 60 vertical / 127.7 diagonal (wide); 35 horizontal / 19.8 vertical / 40 diagonal (tele),ir,IP66,IK04,false,,0
ubiquiti-ai-ms-2,Ubiquiti,UniFi Protect AI MS-2,panoramic,Dual 4K (2x 8MP),16,"Dual 1/2.8"" 8MP",108.8 horizontal / 57.6 vertical / 130.8 diagonal (wide); 42.8 horizontal / 24.1 vertical / 49.1 diagonal (tele),ir,IP66,IK10,false,,0
ubiquiti-ai-ms-4,Ubiquiti,UniFi Protect AI MS-4,panoramic,4K UHD per sensor (32MP total),32,"1/2.8"" 8MP (x4)",108.8 horizontal / 57.6 vertical / 130.8 diagonal (wide); 42.8 horizontal / 24.1 vertical / 49.1 diagonal (tele),ir,IP66,IK10,,,0
ubiquiti-ai-pro,Ubiquiti,UniFi Protect AI Pro,bullet,4K UHD,8,"1/1.8"" 8MP CMOS",109.9 horizontal / 59.9 vertical / 127.7 diagonal (wide); 34.9 horizontal / 19.7 vertical / 40 diagonal (zoom),ir,IP65,,true,2024,0
ubiquiti-ai-pro-white,Ubiquiti,UniFi Protect AI Pro White,bullet,4K UHD,8,"1/1.8"" 8MP CMOS",109.9 horizontal / 59.9 vertical / 127.7 diagonal (wide); 34.9 horizontal / 19.7 vertical / 40 diagonal (zoom),ir,IP65,,true,2024,0
ubiquiti-ai-ptz,Ubiquiti,UniFi Protect AI PTZ,ptz,4K UHD,8,"1/1.8"" 8MP",59.8 horizontal / 44.4 vertical / 70 diagonal (wide); 3 horizontal / 2.24 vertical / 3.76 diagonal (zoom),ir,IP66,,,,0
ubiquiti-ai-ptz-precision,Ubiquiti,UniFi Protect AI PTZ Precision,ptz,4K UHD,8,"1/1.8"" 8MP",59 horizontal / 34.1 vertical / 67.1 diagonal (wide); 1.98 horizontal / 1.12 vertical / 2.27 diagonal (zoom),ir,IP66,,,,0
ubiquiti-ai-theta-pro,Ubiquiti,UniFi Protect AI Theta Pro,panoramic,4MP (1:1),4,"1/1.8"" 8MP CMOS",180 horizontal / 180 vertical / 180 diagonal,,,,true,2024,0
ubiquiti-ai-turret,Ubiquiti,UniFi Protect AI Turret,turret,4K UHD,8,"1/1.8"" 8MP",109.9 horizontal / 56.7 vertical / 134.1 diagonal,ir,IP66,IK08,true,,0
ubiquiti-doorbell-lite,Ubiquiti,UniFi Protect Doorbell Lite,doorbell,5MP,5,"1/2.7"" 5MP",95.8 horizontal / 131.2 vertical / 175.9 diagonal,ir,IPX5,,true,,0
ubiquiti-g3-bullet,Ubiquiti,UniFi Protect G3 Bullet,bullet,1080p HD,2,"1/3"" 4MP HDR",85 horizontal / 44.8 vertical / 98.1 diagonal (before lens correction); 72 horizontal / 42.9 vertical / 80.4 diagonal (after lens correction),ir,IP67,,false,2018,0
ubiquiti-g3-flex,Ubiquiti,UniFi Protect G3 Flex,dome,1080p HD,2,"1/3"" 2MP HDR",87 horizontal / 47 vertical / 104 diagonal (lens correction off); 80 horizontal / 46 vertical / 92 diagonal (lens correction on),ir,IPX4,,false,2019,0
ubiquiti-g3-instant,Ubiquiti,UniFi Protect G3 Instant,dome,1080p HD,2,2MP CMOS,111.3 horizontal / 58.9 vertical / 133.6 diagonal,ir,,,true,2021,0
ubiquiti-g3-pro,Ubiquiti,UniFi Protect G3 PRO,bullet,1080p HD,2,"Sony IMX290, 1/2.8""",108 horizontal / 58 vertical / 125 diagonal (wide); 37 horizontal / 20 vertical / 43 diagonal (zoom),ir,IP67,,false,2018,0
ubiquiti-g4-bullet,Ubiquiti,UniFi Protect G4 Bullet,bullet,2K,4,"1/2.7"" CMOS",86 horizontal / 60 vertical / 111 diagonal,ir,IPX4,IK04,false,2021,0
ubiquiti-g4-dome,Ubiquiti,UniFi Protect G4 Dome,dome,2K,4,5MP CMOS,102.4 horizontal / 71.4 vertical / 134.3 diagonal,ir,IPX4,IK08,true,2023,0
ubiquiti-g4-doorbell,Ubiquiti,UniFi Protect G4 Doorbell,doorbell,2MP,2,5MP CMOS,138 horizontal / 114 vertical / 155 diagonal,ir,IPX4,,true,2022,0
ubiquiti-g4-doorbell-pro,Ubiquiti,UniFi Protect G4 Doorbell Pro,doorbell,2MP (main camera; separate 2MP package camera),2,5MP CMOS (main camera); 8MP CMOS (package camera),138 horizontal / 114 vertical / 155 diagonal (main camera); 97.5 horizontal / 79.4 vertical / 118.2 diagonal (package camera),ir,IPX4,,true,2022,0
ubiquiti-g4-instant,Ubiquiti,UniFi Protect G4 Instant,dome,2K,4,5MP CMOS,102.4 horizontal / 54.9 vertical / 120.6 diagonal,ir,IPX5,IK04,true,2021,0
ubiquiti-g4-pro,Ubiquiti,UniFi Protect G4 Pro,bullet,4K UHD,8,"1/2"" CMOS",109.9 horizontal / 60 vertical / 127.7 diagonal (wide); 35 horizontal / 19.8 vertical / 40 diagonal (zoom),ir,IP67,,false,2022,0
ubiquiti-g4-ptz,Ubiquiti,UniFi Protect G4 PTZ,ptz,4K UHD,8,"1/1.8"" 8MP CMOS",64 horizontal / 37 vertical (wide); 2 horizontal / 37 vertical (tele),ir,IP66,,true,2022,0
ubiquiti-g5-bullet,Ubiquiti,UniFi Protect G5 Bullet,bullet,2K/4MP,4,"1/2.7"" CMOS",84.4 horizontal / 45.4 vertical / 99.8 diagonal,ir,IP55,IK04,false,2024,0
ubiquiti-g5-dome,Ubiquiti,UniFi Protect G5 Dome,dome,2K/4MP,4,5MP CMOS,102.4 horizontal / 54.9 vertical / 120.6 diagonal,ir,IPX4,IK08,true,2024,0
ubiquiti-g5-dome-ultra,Ubiquiti,UniFi Protect G5 Dome Ultra,dome,2K,4,"1/2.4"" CMOS",102.4 horizontal / 54.9 vertical / 120.6 diagonal,ir,,IK06,,2024,0
ubiquiti-g5-flex,Ubiquiti,UniFi Protect G5 Flex,dome,2K,4,5MP CMOS,102.4 horizontal / 54.9 vertical / 120.6 diagonal,ir,IPX4,IK04,false,2024,0
ubiquiti-g5-pro,Ubiquiti,UniFi Protect G5 Pro,bullet,4K UHD,8,"1/2"" 8MP",109.9 horizontal / 60 vertical / 127.7 diagonal (wide); 35 horizontal / 19.8 vertical / 40 diagonal (zoom),ir,IP65,IK04,false,2024,0
ubiquiti-g5-ptz,Ubiquiti,UniFi Protect G5 PTZ,ptz,4MP,4,"1/2.7"" 5MP CMOS",99.7 horizontal / 51.9 vertical / 121 diagonal (wide); 45.5 horizontal / 25.4 vertical / 52.4 diagonal (zoom),ir,IP66,IK04,false,,0
ubiquiti-g5-turret-ultra,Ubiquiti,UniFi Protect G5 Turret Ultra,turret,2K/4MP,4,"1/2.4"" CMOS",102.4 horizontal / 54.9 vertical / 120.6 diagonal,ir,IP66,IK04,false,2024,0
ubiquiti-g6-180,Ubiquiti,UniFi Protect G6 180,panoramic,Dual 4K (3.5:1),16,"Dual 1/1.8"" 8MP",180 horizontal / 56.7 vertical,ir,IP66,IK04,true,,0
ubiquiti-g6-bullet,Ubiquiti,UniFi Protect G6 Bullet,bullet,4K,8,"1/1.8"" 8MP",109.9 horizontal / 56.7 vertical / 134.1 diagonal,ir,IP66,IK04,false,,0
ubiquiti-g6-dome,Ubiquiti,UniFi Protect G6 Dome,dome,4K UHD,8,"1/1.8"" 8MP",109.9 horizontal / 56.7 vertical / 134.1 diagonal,ir,IP66,IK10,false,,0
ubiquiti-g6-edge-bullet,Ubiquiti,UniFi Protect G6 Edge Bullet,bullet,4K,8,"1/1.2"" 8MP",113.8 horizontal / 61.9 vertical / 134 diagonal (wide); 45.5 horizontal / 25.8 vertical / 52 diagonal (tele),ir,IP66,IK04,true,,0
ubiquiti-g6-edge-dome,Ubiquiti,UniFi Protect G6 Edge Dome,dome,4K UHD,8,"1/1.2"" 8MP",113.8 horizontal / 61.9 vertical / 134 diagonal (wide); 45.5 horizontal / 25.8 vertical / 52 diagonal (tele),ir,IP66,IK10,false,,0
ubiquiti-g6-edge-turret,Ubiquiti,UniFi Protect G6 Edge Turret,turret,4K UHD,8,"1/1.2"" 8MP",113.8 horizontal / 61.9 vertical / 134 diagonal (wide); 45.5 horizontal / 25.8 vertical / 52 diagonal (tele),ir,IP66,IK04,true,,0
ubiquiti-g6-ins,Ubiquiti,UniFi Protect G6 Instant,dome,4K UHD,8,"1/1.8"" 8MP",109.9 horizontal / 56.7 vertical / 134.1 diagonal,ir,IPX5,IK04,true,,0
ubiquiti-g6-mini-dome,Ubiquiti,UniFi Protect G6 Mini Dome,dome,4K UHD,8,"1/1.8"" 8MP",109.9 horizontal / 56.7 vertical / 134.1 diagonal,ir,,IK08,true,,0
ubiquiti-g6-pro-360,Ubiquiti,UniFi Protect G6 Pro 360,fisheye,12MP (1:1),12,"1/1.6"" 12MP",180 horizontal / 180 vertical / 180 diagonal,ir,IP66,IK10,true,,0
ubiquiti-g6-pro-bullet,Ubiquiti,UniFi Protect G6 Pro Bullet,bullet,4K,8,"1/1.2"" 8MP",113.8 horizontal / 61.9 vertical / 134 diagonal (wide); 45.5 horizontal / 25.8 vertical / 52 diagonal (tele),ir,IP66,IK04,true,,0
ubiquiti-g6-pro-dome,Ubiquiti,UniFi Protect G6 Pro Dome,dome,4K UHD,8,"1/1.2"" 8MP",113.8 horizontal / 61.9 vertical / 134 diagonal (wide); 45.5 horizontal / 25.8 vertical / 52 diagonal (tele),ir,IP66,IK10,false,,0
ubiquiti-g6-pro-turret,Ubiquiti,UniFi Protect G6 Pro Turret,turret,4K,8,"1/1.2"" 8MP",113.8 horizontal / 61.9 vertical / 134 diagonal (wide); 45.5 horizontal / 25.8 vertical / 52 diagonal (tele),ir,IP66,IK04,true,,0
ubiquiti-g6-ptz,Ubiquiti,UniFi Protect G6 PTZ,ptz,4K UHD,8,"1/1.8"" 8MP CMOS (wide channel); 1/1.8"" 8MP CMOS (tele channel)",109.9 horizontal / 56.7 vertical / 134.1 diagonal (wide); 26.6 horizontal / 15.1 vertical / 30.4 diagonal (tele),ir,IP66,IK04,true,2024,0
ubiquiti-g6-turret,Ubiquiti,UniFi Protect G6 Turret,turret,4K UHD,8,"1/1.8"" 8MP",109.9 horizontal / 56.7 vertical / 134.1 diagonal,ir,IP66,IK04,false,,0
uniarch-ipc-b122-apf28,Uniarch,IPC-B122-APF28,bullet,1080p/2MP,2,CMOS,Horizontal 106.7,ir,IP67,,false,,0
uniarch-ipc-b122-apf28k,Uniarch,IPC-B122-APF28K,bullet,1080p/2MP,2,"1/2.9"" CMOS","Horizontal 101.1, Vertical 55.0, Diagonal 111.0",ir,IP67,,false,,0
uniarch-ipc-b124-apf28k,Uniarch,IPC-B124-APF28K,bullet,4MP,4,"1/3.0"" CMOS","Horizontal 97.0, Vertical 52.2, Diagonal 107.5",ir,IP67,,false,,0
uniarch-ipc-b132-af28-dl-eco,Uniarch,IPC-B132-AF28-DL-ECO,bullet,1080p/2MP,2,"1/3.0"" CMOS",Horizontal 85.1,hybrid,IP67,,false,,0
uniarch-ipc-b132-af28-eco,Uniarch,IPC-B132-AF28-ECO,bullet,1080p/2MP,2,"1/3.0"" CMOS",Horizontal 87.8,ir,IP67,,false,,0
uniarch-ipc-b134-af28-dl-eco,Uniarch,IPC-B134-AF28-DL-ECO,bullet,4MP,4,"1/3.0"" CMOS",Horizontal 93.2,hybrid,IP67,,false,,0
uniarch-ipc-b134-af28-eco,Uniarch,IPC-B134-AF28-ECO,bullet,4MP,4,"1/3.0"" CMOS",Horizontal 97,ir,IP67,,false,,0
uniarch-ipc-b232-af40-dl-eco,Uniarch,IPC-B232-AF40-DL-ECO,bullet,1080p/2MP,2,"1/3.0"" CMOS","67.3 horizontal, 37.2 vertical, 77.8 diagonal",hybrid,IP67,,false,,0
uniarch-ipc-b232-af40-eco,Uniarch,IPC-B232-AF40-ECO,bullet,1080p/2MP,2,"1/3.0"" CMOS",Horizontal 68.4,ir,IP67,,false,,0
uniarch-ipc-b234-af40-dl-eco,Uniarch,IPC-B234-AF40-DL-ECO,bullet,4MP,4,"1/3.0"" CMOS","77.4 horizontal, 41.9 vertical, 90.5 diagonal",hybrid,IP67,,false,,0
uniarch-ipc-b234-af40-eco,Uniarch,IPC-B234-AF40-ECO,bullet,4MP,4,"1/3.0"" CMOS","74.6 horizontal, 40.5 vertical, 89.1 diagonal",ir,IP67,,false,,0
uniarch-ipc-b242-adf28k-wp,Uniarch,IPC-B242-ADF28K-WP,bullet,1080p/2MP,2,"1/2.7"" CMOS","99.0 horizontal, 53.0 vertical, 118.0 diagonal",color,IP67,,false,,0
uniarch-ipc-b244-adf28k-wp,Uniarch,IPC-B244-ADF28K-WP,bullet,4MP,4,"1/1.8"" CMOS","107.6 horizontal, 58.4 vertical, 126.4 diagonal",color,IP67,,false,,0
uniarch-ipc-b314-adzk,Uniarch,IPC-B314-ADZK,bullet,4MP,4,"1/2.7"" CMOS","102.8 horizontal, 55.6 vertical, 122.0 diagonal",ir,IP67,,false,,0
uniarch-ipc-d122-pf28,Uniarch,IPC-D122-PF28,dome,1080p/2MP,2,"1/2.8"" CMOS",Horizontal 106.7,ir,IP67,IK10,false,,0
uniarch-ipc-d122-pf28k,Uniarch,IPC-D122-PF28K,dome,1080p/2MP,2,"1/2.9"" CMOS","Horizontal 101.1, Vertical 55.0, Diagonal 111.0",ir,IP67,IK10,false,,0
uniarch-ipc-d124-pf28k,Uniarch,IPC-D124-PF28K,dome,4MP,4,"1/3.0"" CMOS","Horizontal 97.0, Vertical 52.2",ir,IP67,IK10,false,,0
uniarch-ipc-d312-adzk,Uniarch,IPC-D312-ADZK,dome,1080p/2MP,2,"1/2.7"" CMOS","111.0 horizontal, 59.4 vertical, 130.0 diagonal",ir,IP67,IK10,false,,0
uniarch-ipc-d314-adzk,Uniarch,IPC-D314-ADZK,dome,4MP,4,"1/2.7"" CMOS","102.8 horizontal, 55.6 vertical, 122.0 diagonal",ir,IP67,IK10,false,,0
uniarch-ipc-p222-af40c,Uniarch,IPC-P222-AF40C,ptz,1080p/2MP,2,"1/3.0"" CMOS","74.3 horizontal, 39.3 vertical, 79.9 diagonal",hybrid,IP66,,true,,0
uniarch-ipc-p224-af40c,Uniarch,IPC-P224-AF40C,ptz,4MP,4,"1/3.0"" CMOS","74.5 horizontal, 39.7 vertical, 87.9 diagonal",hybrid,IP66,,true,,0
uniarch-ipc-p413-x20k,Uniarch,IPC-P413-X20K,ptz,3MP,3,"1/2.8"" CMOS","51.70 horizontal, 30.49 vertical, 63.60 diagonal",ir,IP66,,false,,0
uniarch-ipc-t122-apf28,Uniarch,IPC-T122-APF28,turret,1080p/2MP,2,"1/2.8"" CMOS",,ir,IP67,,false,,0
uniarch-ipc-t122-apf28k,Uniarch,IPC-T122-APF28K,turret,1080p/2MP,2,"1/2.9"" CMOS","Horizontal 101.1, Vertical 55.0, Diagonal 111.0",ir,IP67,,false,,0
uniarch-ipc-t124-apf28,Uniarch,IPC-T124-APF28,turret,1440p/4MP,4,CMOS,Horizontal 97,ir,IP67,,false,,0
uniarch-ipc-t124-apf28k,Uniarch,IPC-T124-APF28K,turret,4MP,4,"1/3.0"" CMOS","Horizontal 97.0, Vertical 52.2, Diagonal 107.5",ir,IP67,,false,,0
uniarch-ipc-t132-af28-dl-eco,Uniarch,IPC-T132-AF28-DL-ECO,turret,1080p/2MP,2,"1/3.0"" CMOS",Horizontal 85.1,hybrid,IP67,,false,,0
uniarch-ipc-t132-af28-eco,Uniarch,IPC-T132-AF28-ECO,turret,1080p/2MP,2,"1/3.0"" CMOS",Horizontal 87.8,ir,,,false,,0
uniarch-ipc-t134-af28-dl-eco,Uniarch,IPC-T134-AF28-DL-ECO,turret,4MP,4,"1/3.0"" CMOS","93.2 horizontal, 51.5 vertical, 108 diagonal",hybrid,IP67,,false,,0
uniarch-ipc-t134-af28-eco,Uniarch,IPC-T134-AF28-ECO,turret,4MP,4,"1/3.0"" CMOS",Horizontal 97,ir,,,false,,0
uniarch-ipc-t242-adf28k-wp,Uniarch,IPC-T242-ADF28K-WP,turret,1080p/2MP,2,"1/2.7"" CMOS","99.0 horizontal, 53.0 vertical, 118.0 diagonal",color,IP67,,false,,0
uniarch-ipc-t244-adf28k-wp,Uniarch,IPC-T244-ADF28K-WP,turret,4MP,4,"1/1.8"" CMOS","107.6 horizontal, 58.4 vertical, 126.4 diagonal",color,IP67,,false,,0
uniarch-ipc-t312-adzk,Uniarch,IPC-T312-ADZK,turret,1080p/2MP,2,"1/2.7"" CMOS","111.0 horizontal, 59.4 vertical, 130.0 diagonal",ir,IP67,,false,,0
uniarch-ipc-t314-adzk,Uniarch,IPC-T314-ADZK,turret,4MP,4,"1/2.7"" CMOS",Horizontal 102.8-35.8,ir,IP67,,false,,0
uniarch-uho-b1r-m2f3,Uniarch,Uho-B1R-M2F3,bullet,1080p/2MP,2,CMOS,,ir,,,false,,0
uniarch-uho-b1r-m2f3-a,Uniarch,Uho-B1R-M2F3-A,bullet,1080p/2MP,2,"1/2.9"" CMOS",103.0 (H),ir,IP67,,false,,0
uniarch-uho-p1a-m3f4d,Uniarch,Uho-P1A-M3F4D,ptz,3MP,3,"1/2.8"" CMOS",,ir,IP66,,true,,0
uniarch-uho-p1a-m5f4d,Uniarch,Uho-P1A-M5F4D,ptz,5MP,5,"1/2.7"" CMOS","93.6 horizontal, 48.9 vertical, 98.3 diagonal",hybrid,IP66,,true,,0
uniarch-uho-s2-m3-a,Uniarch,Uho-S2-M3-A,ptz,3MP (2304x1296),3,"1/3.0"" CMOS",67.3 (H),ir,,,true,,0
uniarch-uho-s2-m4,Uniarch,Uho-S2-M4,ptz,4MP,4,"1/3.0"" CMOS","79.0 horizontal, 42.3 vertical, 85.1 diagonal",ir,,,true,,0
uniarch-uho-s2e,Uniarch,Uho-S2E,ptz,1080p/2MP,2,CMOS,360 pan range (pan/tilt),ir,,,true,,0
uniarch-uho-s2e-m3-a,Uniarch,Uho-S2E-M3-A,ptz,3MP (2304x1296),3,"1/3.0"" CMOS",67.3 (H),ir,,,true,,0
uniarch-uho-s2e-m4,Uniarch,Uho-S2E-M4,ptz,4MP,4,"1/3.0"" CMOS",79.0 horizontal / 42.3 vertical / 85.1 diagonal,ir,,,true,,0
uniview-ipc2105sb-adf16km-i0,Uniview,IPC2105SB-ADF16KM-I0,bullet,5MP,5,"1/2.7"" CMOS","180 horizontal, 100 vertical, 180 diagonal",ir,IP67,,false,,0
uniview-ipc2108sb-adf16km-i0,Uniview,IPC2108SB-ADF16KM-I0,bullet,8MP,8,"1/2.7"" CMOS","180 horizontal, 100 vertical, 180 diagonal",ir,IP67,,false,,0
uniview-ipc2122lb-af28-dl-eco,Uniview,IPC2122LB-AF28-DL-ECO,bullet,1080p,2,"1/3.0"" CMOS","85.1 horizontal, 46.6 vertical, 95.5 diagonal (2.8mm)",hybrid,IP67,,false,,0
uniview-ipc2122lb-af28-eco,Uniview,IPC2122LB-AF28-ECO,bullet,1080p,2,"1/3.0"" CMOS","87.8 horizontal, 48.9 vertical, 99 diagonal (2.8mm)",ir,IP67,,false,,0
uniview-ipc2122lb-af28k-dl,Uniview,IPC2122LB-AF28K-DL,bullet,1080p,2,"1/2.9"" CMOS","101.1 horizontal, 55 vertical, 111 diagonal (2.8mm)",hybrid,IP67,,false,,0
uniview-ipc2122lb-af28wk-g,Uniview,IPC2122LB-AF28WK-G,bullet,1080p,2,"1/2.9"" CMOS","101.1 horizontal, 55 vertical, 111 diagonal (2.8mm)",ir,IP67,,false,,0
uniview-ipc2122lb-asf28k-a,Uniview,IPC2122LB-ASF28K-A,bullet,1080p,2,"1/2.9"" CMOS","101.1 horizontal, 56.5 vertical, 117 diagonal (2.8mm)",ir,IP67,,false,,0
uniview-ipc2122lb-sf28-a,Uniview,IPC2122LB-SF28-A,bullet,1080p,2,"1/2.8"" CMOS","101.1 horizontal, 56.5 vertical, 117 diagonal (2.8mm)",ir,IP67,,false,,0
uniview-ipc2122le-adf40kmc-wl,Uniview,IPC2122LE-ADF40KMC-WL,bullet,1080p,2,"1/2.8"" CMOS",97 horizontal,color,IP67,,false,,0
uniview-ipc2124lb-af28-dl-eco,Uniview,IPC2124LB-AF28-DL-ECO,bullet,4MP,4,"1/3.0"" CMOS","93.2 horizontal, 51.5 vertical, 108 diagonal (2.8mm)",hybrid,IP67,,false,,0
uniview-ipc2124lb-af28-eco,Uniview,IPC2124LB-AF28-ECO,bullet,4MP,4,"1/3.0"" CMOS","97 horizontal, 54.9 vertical, 111.9 diagonal (2.8mm)",ir,IP67,,false,,0
uniview-ipc2124lb-af28k-dl,Uniview,IPC2124LB-AF28K-DL,bullet,4MP,4,"1/3.0"" CMOS","95.1 horizontal, 51.6 vertical, 111.6 diagonal (2.8mm)",hybrid,IP67,,false,,0
uniview-ipc2124lb-asf28k-a,Uniview,IPC2124LB-ASF28K-A,bullet,4MP,4,"1/3.0"" CMOS","97 horizontal, 52.2 vertical, 107.5 diagonal (2.8mm)",ir,IP67,,false,,0
uniview-ipc2124sb-adf28kmc-i1,Uniview,IPC2124SB-ADF28KMC-I1,bullet,4MP,4,"1/2.9"" CMOS","101.1 horizontal, 57.1 vertical, 117.7 diagonal",hybrid,IP67,,true,,0
uniview-ipc2125lb-sf28-a,Uniview,IPC2125LB-SF28(40)-A,bullet,5MP,5,"1/3.0"" CMOS",97 horizontal (2.8mm) / 79 horizontal (4mm),ir,IP67,,false,2026,0
uniview-ipc2128sb-adf28kmc-i1,Uniview,IPC2128SB-ADF28KMC-I1,bullet,8MP,8,"1/2.7"" CMOS","98.7 horizontal, 53.6 vertical, 113.4 diagonal",hybrid,IP67,,true,,0
uniview-ipc2224se-df40k-wl-i0,Uniview,IPC2224SE-DF40K-WL-I0,bullet,4MP,4,"1/2.8"" Progressive Scan CMOS",83 horizontal,color,IP67,,false,,0
uniview-ipc2228se-df40k-wl-i0,Uniview,IPC2228SE-DF40K-WL-I0,bullet,4K UHD,8,"1/1.8"" Progressive Scan CMOS",89 horizontal,color,IP67,,false,,0
uniview-ipc2312le-adf28k-wp-l,Uniview,IPC2312LE-ADF28K-WP-L,bullet,1080p,2,"1/2.7"" CMOS","99.0 horizontal, 53.0 vertical, 118.0 diagonal",color,IP67,,false,,0
uniview-ipc2312le-adf28k-wp-l2,Uniview,IPC2312LE-ADF28K-WP-L2,bullet,1080p,2,"1/2.8"" CMOS","108.5 horizontal, 59.2 vertical, 125.5 diagonal",color,IP67,,false,,0
uniview-ipc2312le-adf28km-wp,Uniview,IPC2312LE-ADF28KM-WP,bullet,2MP,2,"1/2.7"" CMOS","99.0 horizontal, 53.0 vertical, 118.0 diagonal",color,IP67,,false,,0
uniview-ipc2314le-adf28k-wp-l,Uniview,IPC2314LE-ADF28K-WP-L,bullet,4MP,4,"1/1.8"" CMOS","107.6 horizontal, 58.4 vertical, 126.4 diagonal",color,IP67,,false,,0
uniview-ipc2314le-adf28k-wp-l2,Uniview,IPC2314LE-ADF28K-WP-L2,bullet,4MP,4,"1/1.8"" CMOS","103.7 horizontal, 57.2 vertical, 117.9 diagonal",color,IP67,,false,,0
uniview-ipc2314le-adf28km-wp,Uniview,IPC2314LE-ADF28KM-WP,bullet,4MP,4,"1/1.8"" CMOS","124.3 horizontal, 64.1 vertical, 135.0 diagonal",color,IP67,,false,,0
uniview-ipc2318le-adf28km-wp,Uniview,IPC2318LE-ADF28KM-WP,bullet,8MP,8,"1/1.8"" CMOS","111.0 horizontal, 63.0 vertical, 131.0 diagonal",color,IP67,,false,,0
uniview-ipc2322lp-adezk-di,Uniview,IPC2322LP-ADEZK-DI,bullet,2MP,2,"1/2.8"" CMOS","104.5 horizontal, 56.0 vertical, 124.5 diagonal",ir,IP67,,true,,0
uniview-ipc2324lb-adzk-h,Uniview,IPC2324LB-ADZK-H,bullet,4MP,4,"1/3.0"" CMOS",91.5-34 horizontal / 51.0-18.9 vertical,ir,IP67,,false,2026,0
uniview-ipc2324lp-adezk-di,Uniview,IPC2324LP-ADEZK-DI,bullet,4MP,4,"1/3.0"" CMOS","95.6 horizontal, 52.0 vertical, 112.2 diagonal",ir,IP67,IK10,true,,0
uniview-ipc245lp-adf40kc-wp,Uniview,IPC245LP-ADF40KC-WP,bullet,5MP,5,"1/1.8"" CMOS","96.1 horizontal, 52.2 vertical, 113.5 diagonal",color,IP67,,true,,0
uniview-ipc28184ea-adx5k-f40-i1,Uniview,IPC28184EA-ADX5K-F40-I1,bullet,8MP,8,"1/1.8"" CMOS","33.8 horizontal, 18.8 vertical, 39.9 diagonal",hybrid,IP66,,true,,0
uniview-ipc2a12lp-adf40kc-4g-e,Uniview,IPC2A12LP-ADF40KC-4G-E,bullet,2MP,2,"1/2.8"" CMOS","87.5 horizontal, 46.3 vertical, 92.4 diagonal",hybrid,IP67,,true,,0
uniview-ipc2a12lp-adf40kc-4g-jp,Uniview,IPC2A12LP-ADF40KC-4G-JP,bullet,2MP,2,"1/2.8"" CMOS","87.5 horizontal, 46.3 vertical, 92.4 diagonal",hybrid,IP67,,true,,0
uniview-ipc2a14lp-adf40kc-4g-e,Uniview,IPC2A14LP-ADF40KC-4G-E,bullet,4MP,4,"1/3.0"" CMOS","79.0 horizontal, 42.3 vertical, 85.1 diagonal",hybrid,IP67,,true,,0
uniview-ipc2b14se-adf28k-wp-i1,Uniview,IPC2B14SE-ADF28K-WP-I1,bullet,4MP,4,"1/1.8"" CMOS","110.4 horizontal, 60.5 vertical, 115.2 diagonal",color,IP67,IK10,true,,0
uniview-ipc2b14se-adf28kmc-wp-i1,Uniview,IPC2B14SE-ADF28KMC-WP-I1,bullet,4MP,4,"1/1.8"" CMOS","111.0 horizontal, 61.4 vertical, 133.0 diagonal",hybrid,IP67,,true,,0
uniview-ipc2b14se-adzkmc-wp-i1,Uniview,IPC2B14SE-ADZKMC-WP-I1,bullet,4MP,4,"1/1.8"" CMOS","113.5 horizontal, 61.6 vertical, 131.1 diagonal",hybrid,IP67,IK10,true,,0
uniview-ipc2b14ss-adf28kmc-i1,Uniview,IPC2B14SS-ADF28KMC-I1,bullet,4MP,4,"1/2.7"" CMOS","102.3 horizontal, 54.7 vertical, 106.8 diagonal",hybrid,IP67,,true,,0
uniview-ipc2b15ss-adf28kmc-i1,Uniview,IPC2B15SS-ADF28KMC-I1,bullet,5MP,5,"1/2.7"" CMOS","112.8 horizontal, 59.4 vertical, 116.3 diagonal",hybrid,IP67,,true,,0
uniview-ipc2b18se-adf28k-wp-i1,Uniview,IPC2B18SE-ADF28K-WP-I1,bullet,4K UHD,8,"1/1.2"" CMOS","105.0 horizontal, 56.1 vertical, 121.0 diagonal",color,IP67,IK10,true,,0
uniview-ipc2b18se-adf28kmc-wp-i1,Uniview,IPC2B18SE-ADF28KMC-WP-I1,bullet,4K UHD,8,"1/1.8"" CMOS","108.1 horizontal, 59.5 vertical, 130.2 diagonal",hybrid,IP67,,true,,0
uniview-ipc2b18se-adzkmc-wp-i1,Uniview,IPC2B18SE-ADZKMC-WP-I1,bullet,4K UHD,8,"1/1.8"" CMOS","111.5 horizontal, 60.2 vertical, 128.7 diagonal",hybrid,IP67,IK10,true,,0
uniview-ipc2b18ss-adf28kmc-i1,Uniview,IPC2B18SS-ADF28KMC-I1,bullet,8MP,8,"1/2.8"" CMOS","106.5 horizontal, 57.9 vertical, 132 diagonal",hybrid,IP67,,true,,0
uniview-ipc2k24se-adf40kmc-wl-i0,Uniview,IPC2K24SE-ADF40KMC-WL-I0,bullet,4MP,4,"1/2.9"" CMOS","160±10 horizontal, 43.2 vertical, 180.1±10 diagonal",color,IP67,,true,,0
uniview-ipc2k28se-adf28kmc-dl-i0,Uniview,IPC2K28SE-ADF28KMC-DL-I0,bullet,8MP,8,"1/2.5"" CMOS","180 horizontal, 65 vertical, 180 diagonal",hybrid,IP67,IK10,true,,0
uniview-ipc2k28se-adf40kmc-wl-i0,Uniview,IPC2K28SE-ADF40KMC-WL-I0,bullet,8MP,8,"1/2.7"" CMOS","180±10 horizontal, 47.41 vertical, 180.13±10 diagonal",color,IP67,,true,,0
uniview-ipc312lp-adf20kc-dl,Uniview,IPC312LP-ADF20KC-DL,dome,2MP,2,"1/2.8"" CMOS","126 horizontal, 71.0 vertical, 144.6 diagonal",hybrid,IP67,,true,,0
uniview-ipc314sb-adf28kmc-dl-i1,Uniview,IPC314SB-ADF28KMC-DL-I1,dome,4MP,4,"1/2.9"" CMOS","101.1 horizontal, 57.1 vertical, 117.7 diagonal",hybrid,IP67,IK10,true,,0
uniview-ipc318sb-adf28kmc-dl-i1,Uniview,IPC318SB-ADF28KMC-DL-I1,dome,8MP,8,"1/2.7"" CMOS","104 horizontal, 57.5 vertical, 121 diagonal",hybrid,IP67,IK10,true,,0
uniview-ipc3224ss-adf28k-i1,Uniview,IPC3224SS-ADF28K-I1,dome,4MP,4,"1/3.0"" CMOS","97.68 horizontal, 52.67 vertical, 102.52 diagonal",ir,IP67,IK10,true,,0
uniview-ipc322lb-asf28k-a,Uniview,IPC322LB-ASF28K-A,dome,1080p,2,"1/2.9"" CMOS","101.1 horizontal, 56.5 vertical, 117 diagonal (2.8mm)",ir,IP67,IK10,false,,0
uniview-ipc322lb-sf28-a,Uniview,IPC322LB-SF28-A,turret,1080p,2,"1/2.8"" CMOS","101.1 horizontal, 56.5 vertical, 117 diagonal (2.8mm)",ir,IP67,IK10,false,,0
uniview-ipc324lb-asf28k-a,Uniview,IPC324LB-ASF28K-A,dome,4MP,4,"1/3.0"" CMOS","97 horizontal, 52.2 vertical, 107.5 diagonal (2.8mm)",ir,IP67,IK10,false,,0
uniview-ipc325lb-sf28-a,Uniview,IPC325LB-SF28-A,dome,5MP,5,"1/3.0"" CMOS","97 horizontal, 52.2 vertical, 107.5 diagonal (2.8mm)",ir,IP67,IK10,false,,0
uniview-ipc3522le-adf28k-wp,Uniview,IPC3522LE-ADF28K-WP,dome,2MP,2,"1/2.7"" CMOS","99.0 horizontal, 53.0 vertical, 118.0 diagonal",color,IP67,IK10,false,,0
uniview-ipc3524le-adf28k-wp,Uniview,IPC3524LE-ADF28K-WP,dome,4MP,4,"1/1.8"" CMOS","124.3 horizontal, 61.4 vertical, 135 diagonal",color,IP67,IK10,false,,0
uniview-ipc3528le-adf28k-wp,Uniview,IPC3528LE-ADF28K-WP,dome,4K UHD,8,"1/1.8"" CMOS","111.0 horizontal, 63.0 vertical, 131.0 diagonal",color,IP67,IK10,false,,0
uniview-ipc3532lp-adezk-di,Uniview,IPC3532LP-ADEZK-DI,dome,2MP,2,"1/2.8"" CMOS","104.5 horizontal, 56.0 vertical, 124.5 diagonal",ir,IP67,IK10,true,,0
uniview-ipc3534lp-adezk-di,Uniview,IPC3534LP-ADEZK-DI,dome,4MP,4,"1/3.0"" CMOS","95.6 horizontal, 52.0 vertical, 112.2 diagonal",ir,IP67,IK10,true,,0
uniview-ipc3605sb-adf16km-i0,Uniview,IPC3605SB-ADF16KM-I0,turret,5MP,5,"1/2.7"" CMOS","180 horizontal, 100 vertical, 180 diagonal",ir,IP67,IK10,false,,0
uniview-ipc3608sb-adf16km-i0,Uniview,IPC3608SB-ADF16KM-I0,turret,8MP,8,"1/2.7"" CMOS","180 horizontal, 100 vertical, 180 diagonal",ir,IP67,IK10,false,,0
uniview-ipc3612lb-af28-dl-eco,Uniview,IPC3612LB-AF28-DL-ECO,turret,1080p,2,"1/3.0"" CMOS","85.1 horizontal, 46.6 vertical, 95.5 diagonal (2.8mm)",hybrid,IP67,,false,,0
uniview-ipc3612lb-af28-eco,Uniview,IPC3612LB-AF28-ECO,turret,1080p,2,"1/3.0"" CMOS","87.8 horizontal, 48.9 vertical, 99 diagonal (2.8mm)",ir,,,false,,0
uniview-ipc3612lb-af28k-dl,Uniview,IPC3612LB-AF28K-DL,turret,1080p,2,"1/2.9"" CMOS","101.1 horizontal, 55 vertical, 111 diagonal (2.8mm)",hybrid,IP67,,false,,0
uniview-ipc3612lb-sf28-a,Uniview,IPC3612LB-SF28-A,dome,1080p,2,"1/2.8"" CMOS","101.1 horizontal, 56.5 vertical, 117 diagonal (2.8mm)",ir,IP67,,false,,0
uniview-ipc3612le-adf28k-wp-l2,Uniview,IPC3612LE-ADF28K-WP-L2,turret,1080p,2,"1/2.8"" CMOS","108.5 horizontal, 59.2 vertical, 125.5 diagonal",color,IP67,,false,,0
uniview-ipc3612sb-adf28km-i0,Uniview,IPC3612SB-ADF28KM-I0,turret,1080p,2,"1/2.8"" Progressive Scan CMOS",104 horizontal,ir,IP67,,false,,0
uniview-ipc3614lb-af28-dl-eco,Uniview,IPC3614LB-AF28-DL-ECO,turret,4MP,4,"1/3.0"" CMOS","93.2 horizontal, 51.5 vertical, 108 diagonal (2.8mm)",hybrid,IP67,,false,,0
uniview-ipc3614lb-af28-eco,Uniview,IPC3614LB-AF28-ECO,turret,4MP,4,"1/3.0"" CMOS","97 horizontal, 54.9 vertical, 111.9 diagonal (2.8mm)",ir,,,false,,0
uniview-ipc3614lb-af28k-dl,Uniview,IPC3614LB-AF28K-DL,turret,4MP,4,"1/3.0"" CMOS","95.1 horizontal, 51.6 vertical, 111.6 diagonal (2.8mm)",hybrid,IP67,,false,,0
uniview-ipc3614le-adf28k-wp-l2,Uniview,IPC3614LE-ADF28K-WP-L2,turret,4MP,4,"1/1.8"" CMOS","103.7 horizontal, 57.2 vertical, 117.9 diagonal",color,IP67,,false,,0
uniview-ipc3614sb-adf28km-i0,Uniview,IPC3614SB-ADF28KM-I0,turret,4MP,4,"1/3"" Progressive Scan CMOS",101.1 horizontal,ir,IP67,,false,,0
uniview-ipc3614sb-adf28kmc-i1,Uniview,IPC3614SB-ADF28KMC-I1,turret,4MP,4,"1/2.9"" CMOS","101.1 horizontal, 57.1 vertical, 117.7 diagonal",hybrid,IP67,,true,,0
uniview-ipc3615lb-sf28-a,Uniview,IPC3615LB-SF28-A,turret,5MP,5,"1/3.0"" CMOS","97 horizontal, 52.2 vertical, 107.5 diagonal (2.8mm)",ir,IP67,,false,,0
uniview-ipc3615sb-adf28km-i0,Uniview,IPC3615SB-ADF28KM-I0,turret,5MP,5,"1/2.7"" Progressive Scan CMOS",96.1 horizontal,ir,IP67,,false,,0
uniview-ipc3618lb-adf28k-g,Uniview,IPC3618LB-ADF28K-G,dome,4K UHD,8,"1/2.7"" CMOS","107 horizontal, 59.7 vertical, 111.5 diagonal (2.8mm)",ir,IP67,,false,,0
uniview-ipc3618sb-adf28km-i0,Uniview,IPC3618SB-ADF28KM-I0,turret,4K UHD,8,"1/2.7"" Progressive Scan CMOS",112.4 horizontal,ir,IP67,,false,,0
uniview-ipc3618sb-adf28kmc-i1,Uniview,IPC3618SB-ADF28KMC-I1,turret,8MP,8,"1/2.7"" CMOS","98.7 horizontal, 53.6 vertical, 113.4 diagonal",hybrid,IP67,,true,,0
uniview-ipc3622le-adf28k-wp,Uniview,IPC3622LE-ADF28K-WP,turret,2MP,2,"1/2.7"" CMOS","99.0 horizontal, 53.0 vertical, 118.0 diagonal",color,IP67,,false,,0
uniview-ipc3622le-adf28k-wp-l,Uniview,IPC3622LE-ADF28K-WP-L,turret,1080p,2,"1/2.7"" CMOS","99.0 horizontal, 53.0 vertical, 118.0 diagonal",color,IP67,,false,,0
uniview-ipc3624le-adf28k-wp,Uniview,IPC3624LE-ADF28K-WP,turret,4MP,4,"1/1.8"" CMOS","124.3 horizontal, 61.4 vertical, 135 diagonal",color,IP67,,false,,0
uniview-ipc3624le-adf28k-wp-l,Uniview,IPC3624LE-ADF28K-WP-L,turret,4MP,4,"1/1.8"" CMOS","107.6 horizontal, 58.4 vertical, 126.4 diagonal",color,IP67,,false,,0
uniview-ipc3628le-adf28k-wp,Uniview,IPC3628LE-ADF28K-WP,turret,8MP,8,"1/1.8"" CMOS","111.0 horizontal, 63.0 vertical, 131.0 diagonal",color,IP67,,false,,0
uniview-ipc3634se-adf28k-wp-i1,Uniview,IPC3634SE-ADF28K-WP-I1,turret,4MP,4,"1/1.8"" CMOS","110.4 horizontal, 60.5 vertical, 115.2 diagonal",color,IP67,IK10,true,,0
uniview-ipc3634se-adf28kmc-wp-i1,Uniview,IPC3634SE-ADF28KMC-WP-I1,turret,4MP,4,"1/1.8"" CMOS","111.0 horizontal, 61.4 vertical, 133.0 diagonal",hybrid,IP67,,true,,0
uniview-ipc3634se-adzkmc-wp-i1,Uniview,IPC3634SE-ADZKMC-WP-I1,turret,4MP,4,"1/1.8"" CMOS","113.5 horizontal, 61.6 vertical, 131.1 diagonal",hybrid,IP67,IK10,true,,0
uniview-ipc3634ss-adf28kmc-i1,Uniview,IPC3634SS-ADF28KMC-I1,turret,4MP,4,"1/2.7"" CMOS","102.3 horizontal, 54.7 vertical, 106.8 diagonal",hybrid,IP67,,true,,0
uniview-ipc3635ss-adf28kmc-i1,Uniview,IPC3635SS-ADF28KMC-I1,turret,5MP,5,"1/2.7"" CMOS","112.8 horizontal, 59.4 vertical, 116.3 diagonal",hybrid,IP67,,true,,0
uniview-ipc3638se-adf28k-wp-i1,Uniview,IPC3638SE-ADF28K-WP-I1,turret,4K UHD,8,"1/1.2"" CMOS","105.0 horizontal, 56.1 vertical, 121.0 diagonal",color,IP67,IK10,true,,0
uniview-ipc3638se-adf28kmc-wp-i1,Uniview,IPC3638SE-ADF28KMC-WP-I1,turret,4K UHD,8,"1/1.8"" CMOS","108.1 horizontal, 59.5 vertical, 130.2 diagonal",hybrid,IP67,,true,,0
uniview-ipc3638se-adzkmc-wp-i1,Uniview,IPC3638SE-ADZKMC-WP-I1,turret,4K UHD,8,"1/1.8"" CMOS","111.5 horizontal, 60.2 vertical, 128.7 diagonal",hybrid,IP67,IK10,true,,0
uniview-ipc3638ss-adf28kmc-i1,Uniview,IPC3638SS-ADF28KMC-I1,turret,8MP,8,"1/2.8"" CMOS","106.5 horizontal, 57.9 vertical, 132 diagonal",hybrid,IP67,,true,,0
uniview-ipc3k28se-adf28kmc-dl-i0,Uniview,IPC3K28SE-ADF28KMC-DL-I0,turret,8MP,8,"1/2.5"" CMOS","180 horizontal, 65 vertical, 180 diagonal",hybrid,IP67,IK10,true,,0
uniview-ipc6314lwh-ax5c-vg2,Uniview,IPC6314LWH-AX5C-VG2,ptz,4MP,4,"1/1.8"" CMOS","113.69 horizontal, 59.46 vertical, 156.23 diagonal",color,IP66,,true,,0
uniview-ipc6324lwh-ax5c-vg2,Uniview,IPC6324LWH-AX5C-VG2,ptz,4MP,4,"1/1.8"" CMOS","113.69 horizontal, 59.46 vertical, 156.23 diagonal",color,IP66,,true,,0
uniview-ipc68188efw-x25-f40g-vh,Uniview,IPC68188EFW-X25-F40G-VH,ptz,8MP,8,"1/1.2"" CMOS",,hybrid,IP66,IK10,true,,0
uniview-ipc815sb-adf14k-i0,Uniview,IPC815SB-ADF14K-I0,fisheye,5MP,5,"1/2.8"" CMOS","180 horizontal, 180 vertical, 180 diagonal",ir,IP66,IK10,true,,0
uniview-ipc816sb-adf16kmc-i1,Uniview,IPC816SB-ADF16KMC-I1,fisheye,6MP,6,"1/2.5"" CMOS","180 horizontal, 180 vertical, 180 diagonal",ir,IP67,IK10,true,,0
uniview-ipc8544ea-km-i1,Uniview,IPC8544EA-KM-I1,bullet,16MP,16,"1/1.8"" CMOS","180 horizontal, 90 vertical, 221.4 diagonal",ir,IP67,,true,,0
uniview-ipc8645ea-adzkm-i1,Uniview,IPC8645EA-ADZKM-I1,panoramic,4x5MP,20,"1/2.7"" CMOS","110.3 horizontal, 57.1 vertical, 143.4 diagonal",hybrid,IP67,IK10,true,,0
uniview-ipc86ceb-af18kc-i0,Uniview,IPC86CEB-AF18KC-I0,fisheye,12MP,12,"1/1.7"" CMOS","180 horizontal, 180 vertical, 180 diagonal",ir,IP67,IK10,true,,0
uniview-ipc9312lfw-af28-2x4,Uniview,IPC9312LFW-AF28-2X4,ptz,2MP,2,"1/2.8"" CMOS","106.6 horizontal, 56.5 vertical, 138.6 diagonal",hybrid,IP66,,true,,0
uniview-ipc94144sr-x25-f40c,Uniview,IPC94144SR-X25-F40C,ptz,4MP,4,"1/2.7"" CMOS","91.3 horizontal, 46.7 vertical, 112.3 diagonal",ir,IP66,,true,,0
uniview-ipc98246efw-x42-w-vh1,Uniview,IPC98246EFW-X42-W-VH1,ptz,6MP,6,"1/1.8"" CMOS","200 horizontal, 78 vertical, 260 diagonal",hybrid,IP67,IK10,true,,0
uniview-uho-b2d-m3f3d-u,Uniview,Uho-B2D-M3F3D-U,bullet,3MP,3,"1/3.0"" CMOS",108.5 horizontal / 62.9 vertical,hybrid,IP67,,true,2026,0
uniview-uho-b2d-m3f4d,Uniview,Uho-B2D-M3F4D,bullet,3MP,3,"1/3.0"" CMOS",87.3 horizontal / 47.4 vertical,hybrid,IP67,,true,2026,0
uniview-uho-b2d-m5f3d-u,Uniview,Uho-B2D-M5F3D-U,bullet,5MP,5,"1/3.0"" CMOS",97.0 horizontal / 52.6 vertical,hybrid,IP67,,true,2026,0
uniview-uho-b2d-m5f4d-u,Uniview,Uho-B2D-M5F4D-U,bullet,5MP,5,"1/3.0"" CMOS",79.0 horizontal / 42.3 vertical,hybrid,IP67,,true,2026,0
uniview-uho-p1a-m3f4d-u,Uniview,Uho-P1A-M3F4D-U,ptz,3MP,3,"1/3.0"" CMOS",74.3 horizontal / 39.3 vertical,hybrid,IP66,,true,2026,0
uniview-uho-p1a-m5f4d-u,Uniview,Uho-P1A-M5F4D-U,ptz,5MP,5,"1/2.7"" CMOS",93.6 horizontal / 48.9 vertical,hybrid,IP66,,true,2026,0
uniview-uho-p1g-m3f4d-u,Uniview,Uho-P1G-M3F4D-U,ptz,3MP,3,"1/3.0"" CMOS",75.0 horizontal / 40.0 vertical,hybrid,IP66,,true,2026,0
uniview-uho-p2g-m3f4d-u,Uniview,Uho-P2G-M3F4D-U,ptz,3MP,3,"1/2.8"" CMOS",87.5 horizontal / 46.3 vertical,hybrid,IP66,,true,2026,0
uniview-uho-p2g-m3f4dh-u,Uniview,Uho-P2G-M3F4DH-U,ptz,3MP,3,"1/2.7"" CMOS",84.3 horizontal / 46.1 vertical,hybrid,IP66,,true,2026,0
uniview-uho-p2s-m33f34-u,Uniview,Uho-P2S-M33F34-U,ptz,3MP,3,"1/2.8"" CMOS",113.4 horizontal (panorama) / 91.5 horizontal (detail),hybrid,IP66,,true,2026,0
uniview-uho-p2s-m55f34-u,Uniview,Uho-P2S-M55F34-U,ptz,5MP,5,"1/3.0"" CMOS",94.9 horizontal (panorama) / 80.6 horizontal (detail),hybrid,IP66,,true,2026,0
uniview-uho-p2sg-m33f34-u,Uniview,Uho-P2SG-M33F34-U,ptz,3MP,3,"1/3.0"" CMOS",85.9 horizontal (panorama) / 74.3 horizontal (detail),hybrid,IP66,,true,2026,0
uniview-uho-s3e-m3-u,Uniview,Uho-S3E-M3-U,ptz,3MP,3,"1/3.0"" CMOS",67.3 horizontal / 37.2 vertical,ir,,,true,2026,0
uniview-uho-s3e-m3f3-u,Uniview,Uho-S3E-M3F3-U,ptz,3MP,3,"1/3.0"" CMOS",87.8 horizontal / 48.9 vertical,ir,,,true,2026,0
uniview-uho-s3e-m3td-u,Uniview,Uho-S3E-M3TD-U,ptz,3MP,3,"1/3.0"" CMOS",67.3 horizontal / 37.2 vertical,hybrid,,,true,2026,0
uniview-uho-s3e-m5td-u,Uniview,Uho-S3E-M5TD-U,ptz,5MP,5,"1/3.0"" CMOS",84.0 horizontal / 47.0 vertical,hybrid,,,true,2026,0
uniview-uho-s3s-m33d-u,Uniview,Uho-S3S-M33D-U,dual-lens,3MP+3MP,3,"1/2.8"" CMOS",91.5 horizontal (panorama),hybrid,,,true,2026,0
uniview-uho-s3s-m33f36d-u,Uniview,Uho-S3S-M33F36D-U,dual-lens,3MP+3MP,3,"1/2.8"" CMOS",109.2 horizontal (panorama) / 55.1 horizontal (detail),hybrid,,,true,2026,0
uniview-uho-s3s-m55d-u,Uniview,Uho-S3S-M55D-U,dual-lens,5MP+5MP,5,"1/3.0"" CMOS",79.0 horizontal (panorama),hybrid,,,true,2026,0
uniview-uho-s3s-m55f36d-u,Uniview,Uho-S3S-M55F36D-U,dual-lens,5MP+5MP,5,"1/3.0"" CMOS",97.1 horizontal (panorama) / 49.7 horizontal (detail),hybrid,,,true,2026,0
urmet-1092-001e,Urmet,1092/001E,bullet,1080P AHD @ 25fps,2,"1/2.7"" CMOS F22",,ir,IP66,,,,0
urmet-1092-002e,Urmet,1092/002E,bullet,1080P AHD @ 25fps,2,"1/2.7"" CMOS F22",,ir,IP66,,,,0
urmet-1092-003e,Urmet,1092/003E,dome,1080P AHD @ 25fps,2,"1/2.7"" CMOS",,ir,IP66,,,,0
urmet-1092-165h,Urmet,1092/165H,box,1080P AHD,2,"1/2.7"" High Definition CMOS",,none,,,,,0
urmet-1092-220m,Urmet,1092/220M,bullet,AHD 4M (1440p @ 25 fps),4,"1/3"" CMOS 4M",,ir,,,,,0
urmet-1092-221m,Urmet,1092/221M,bullet,AHD 4M (1440p @ 25 fps),4,"1/3"" CMOS 4M",,ir,,,,,0
urmet-1092-250h,Urmet,1092/250H,bullet,1080P AHD,2,"1/2.7"" CMOS High Definition Pixart",,ir,IP66,,,,0
urmet-1092-252h,Urmet,1092/252H,bullet,1080P AHD,2,"1/2.8"" Sony CMOS",,ir,,,,,0
urmet-1092-255h,Urmet,1092/255H,bullet,1080P AHD,2,"1/2.7"" High Definition CMOS",,ir,,,,,0
urmet-1092-256hz,Urmet,1092/256HZ,bullet,1080P AHD,2,"1/2.7"" High Definition CMOS",,ir,,,,,0
urmet-1092-257hz,Urmet,1092/257HZ,bullet,1080P AHD,2,"1/2.7"" CMOS High Definition Sony",,ir,,,,,0
urmet-1092-258h,Urmet,1092/258H,covert,1080P AHD @ 25fps,2,"1/2.8"" Sony291 Starlight",,none,,,,,0
urmet-1092-270h,Urmet,1092/270H,dome,1080P AHD,2,"1/2.7"" CMOS High Definition Pixart",,ir,,,,,0
urmet-1092-280m,Urmet,1092/280M,dome,AHD 4M (1440p @ 25 fps),4,"1/3"" CMOS 4M",,ir,,,,,0
urmet-1092-281m,Urmet,1092/281M,dome,AHD 4M (1440p @ 25 fps),4,"1/3"" CMOS 4M",,ir,,,,,0
urmet-1092-605,Urmet,1092/605,ptz,1080P Full HD,2,"1/2.8"" CMOS Sony IMX322",,ir,,,,,0
urmet-1092-679,Urmet,1092/679,ptz,1080P Full HD,2,"1/2.8"" CMOS Sony IMX322",,ir,,,,,0
urmet-1093-125m4i,Urmet,1093/125M4I,box,4MP,4,"1/2.7"" Progressive Scan CMOS",,ir,IP66,,true,,0
urmet-1093-139m2,Urmet,1093/139M2,bullet,1080P,2,Sony CMOS,,ir,IP66,,,,0
urmet-1093-142m2,Urmet,1093/142M2,bullet,1080P,2,Sony CMOS,,ir,IP66,,,,0
urmet-1093-142m4i,Urmet,1093/142M4I,bullet,4MP,4,,,ir,IP66,,,,0
urmet-1093-143m2,Urmet,1093/143M2,box,1080P,2,Sony IMX290,,ir,,,,,0
urmet-1093-144m4zi,Urmet,1093/144M4ZI,bullet,4MP,4,,,ir,IP66,,true,,0
urmet-1093-151wm1,Urmet,1093/151WM1,bullet,720P,1,"1/4"" Progressive Scan CMOS 1MP",,ir,IP66,,,,0
urmet-1093-152wm1,Urmet,1093/152WM1,bullet,720P,1,"1/4"" Progressive Scan CMOS 1MP",,ir,IP66,,,,0
urmet-1093-180m4i,Urmet,1093/180M4I,dome,4MP,4,,,ir,IP66,,true,,0
urmet-1093-181m4zi,Urmet,1093/181M4ZI,dome,4MP,4,,,ir,,,true,,0
urmet-1093-181wm1,Urmet,1093/181WM1,dome,720P,1,"1/4"" Progressive Scan CMOS 1MP",,ir,,,,,0
urmet-1093-182m4zi,Urmet,1093/182M4ZI,dome,4MP,4,,,ir,IP66,,true,,0
urmet-1093-182wm1,Urmet,1093/182WM1,dome,720P,1,"1/4"" Progressive Scan CMOS 1MP",,ir,IP66,,,,0
urmet-1093-184m18,Urmet,1093/184M18,box,720P,1,"1/4"" Progressive Scan CMOS",71,ir,,,true,,0
urmet-1093-185fe,Urmet,1093/185FE,fisheye,9MP (3000x3000),9,"1/1.7"" Progressive CMOS",360,ir,IP64,,true,,0
urmet-1093-186bn,Urmet,1093/186BN,fisheye,5MP,5,"1/2.9"" Progressive CMOS",360,ir,IP64,,,,0
urmet-1093-187c,Urmet,1093/187C,fisheye,5MP,5,"1/2.9"" Progressive CMOS",360,ir,IP66,,,,0
urmet-1093-656m2,Urmet,1093/656M2,ptz,1080P,2,"1/2.7"" CMOS",,ir,IP66,,,,0
urmet-1096-201,Urmet,1096/201,bullet,1080P AHD @ 25fps,2,"1/2.7"" CMOS",,ir,IP66,,,,0
urmet-1096-202,Urmet,1096/202,bullet,1080P AHD @ 25fps,2,"1/2.7"" CMOS",,ir,IP66,,,,0
urmet-1096-203,Urmet,1096/203,bullet,AHD 2M (1920x1080 @ 25fps),2,"1/2.7"" CMOS 2M",,ir,,,,,0
urmet-1096-204,Urmet,1096/204,covert,1080P AHD @ 25fps,2,"1/2.8"" Sony291 Starlight",,none,,,,,0
urmet-1096-300,Urmet,1096/300,dome,1080P AHD @ 25 fps,2,"1/2.7"" CMOS",,ir,IP66,,,,0
urmet-1096-400,Urmet,1096/400,bullet,AHD 5M (1944p @ 20 fps) / 4M (1440p @ 25 fps),5,"1/2.5"" CMOS 5M",,ir,,,,,0
urmet-1096-401,Urmet,1096/401,bullet,AHD 5M (1944p @ 20 fps) / 4M (1440p @ 25 fps),5,"1/2.5"" CMOS 5M",,ir,,,,,0
urmet-1096-500,Urmet,1096/500,dome,AHD 5M (1944p @ 20 fps) / 4M (1440p @ 25 fps),5,"1/2.5"" CMOS 5M",,ir,,,,,0
urmet-1099-001,Urmet,1099/001,box,720P,1,"1/4"" Progressive Scan CMOS 1MP",71,ir,,,true,,0
urmet-1099-200,Urmet,1099/200,bullet,1080P,2,"1/2.9"" Progressive CMOS",73,ir,IP66,,,,0
urmet-1099-201,Urmet,1099/201,bullet,1080P,2,"1/2.8"" Progressive CMOS",83,ir,IP66,,,,0
urmet-1099-202,Urmet,1099/202,bullet,1080P,2,"1/2.9"" Progressive CMOS",104 ~ 31,ir,IP66,,,,0
urmet-1099-203,Urmet,1099/203,bullet,1080P,2,"1/2.8"" Progressive CMOS",109 ~ 32,ir,IP66,,,,0
urmet-1099-204,Urmet,1099/204,box,1080P,2,Sony IMX290,,ir,,,,,0
urmet-1099-300,Urmet,1099/300,dome,1080P,2,"1/2.9"" Progressive CMOS",73,ir,IP66,,,,0
urmet-1099-301,Urmet,1099/301,dome,1080P,2,"1/2.8"" Progressive CMOS",83,ir,IP66,,,,0
urmet-1099-302,Urmet,1099/302,dome,1080P,2,"1/2.9"" Progressive CMOS",104 ~ 31,ir,IP66,,,,0
urmet-1099-303,Urmet,1099/303,dome,1080P,2,"1/2.9"" Progressive CMOS",104 ~ 31,ir,IP66,,,,0
urmet-1099-304,Urmet,1099/304,dome,1080P,2,"1/2.8"" Progressive CMOS",109 ~ 32,ir,IP66,IK10,,,0
urmet-1099-390,Urmet,1099/390,ptz,1080P,2,"1/2.7"" 2MP CMOS 307",,ir,IP66,,,,0
urmet-1099-392,Urmet,1099/392,ptz,5MP,5,"1/3"" 5MP CMOS",,ir,IP66,,,,0
urmet-1099-600,Urmet,1099/600,bullet,4K,8,"1/2.5"" Progressive CMOS",88,ir,IP66,,,,0
urmet-1099-601,Urmet,1099/601,bullet,4K,8,"1/2.5"" Progressive CMOS",114 to 36,ir,IP66,,true,,0
urmet-1099-700,Urmet,1099/700,dome,4K,8,"1/2.5"" Progressive CMOS",88,ir,IP66,,,,0
urmet-1099-701,Urmet,1099/701,dome,4K,8,"1/2.5"" Progressive CMOS",114 to 36,ir,IP66,,true,,0
urmet-vk-1096-303,Urmet,VK 1096/303,dome,2MP AHD (1080p @ 25 fps),2,"1/2.9"" High Definition CMOS",,ir,IP66,,,,0
urmet-vk-1096-505,Urmet,VK 1096/505,dome,5MP AHD (1944p @ 20 fps),5,"1/2.8"" High Definition CMOS",,ir,IP66,,,,0
urmet-vk-1096-506,Urmet,VK 1096/506,dome,5MP AHD (1944p @ 20 fps),5,"1/2.8"" High Definition CMOS",,ir,IP66,,,,0
urmet-vk-1099-500b,Urmet,VK 1099/500B,bullet,5MP,5,"1/2.7"" Starlight CMOS","110 horizontal, 58 vertical, 133 diagonal",ir,IP67,,,,0
urmet-vk-1099-501b,Urmet,VK 1099/501B,bullet,5MP,5,"1/2.7"" Starlight CMOS","107-34 horizontal, 55-19 vertical, 134-38 diagonal",ir,IP67,,,,0
urmet-vk-1099-502b,Urmet,VK 1099/502B,bullet,5MP (2880x1620 @ 30 fps),5,"1/2.7"" Starlight CMOS","45.32-7 (horizontal), 33.48-5.2 (vertical), 57.94-9 (diagonal)",ir,IP67,,false,,0
urmet-vk-1099-511,Urmet,VK 1099/511,bullet,5MP (2880x1620 @ 25 fps),5,"1/2.7"" CMOS",,hybrid,IP67,,true,,0
urmet-vk-1099-512,Urmet,VK 1099/512,bullet,5MP (2880x1620 @ 25 fps),5,"1/2.7"" CMOS",,hybrid,IP67,,true,,0
urmet-vk-1099-541,Urmet,VK 1099/541,dome,5MP,5,"1/2.7"" CMOS",,hybrid,IP67,,true,,0
urmet-vk-1099-542,Urmet,VK 1099/542,dome,5MP,5,"1/2.7"" CMOS",,hybrid,IP67,,true,,0
urmet-vk-1099-553,Urmet,VK 1099/553,dome,5MP,5,"1/2.7"" SC5235 Starlight CMOS",,ir,IP66,,,,0
urmet-vk-1099-610,Urmet,VK 1099/610,bullet,4K,8,"1/2.8"" Starlight CMOS",,ir,IP66,,false,,0
urmet-vk-1099-611,Urmet,VK 1099/611,bullet,4K,8,"1/2.8"" Starlight CMOS",,ir,IP66,,false,,0
urmet-vk-1099-680,Urmet,VK 1099/680,fisheye,12MP,12,"1/2.3"" OV12895 CMOS",360 horizontal,ir,IP67,,false,,0
urmet-vk-1099-682,Urmet,VK 1099/682,panoramic,8MP panoramic (5120x1440 @ 20 fps),8,"2 x 1/2.7"" CMOS","180 (H), 91 (V)",ir,IP67,,true,,0
urmet-vk-1099-710,Urmet,VK 1099/710,dome,4K (3840x2160 @ 25 fps),8,"1/2.8"" Starlight CMOS",,ir,IP66,,false,,0
urmet-vk-1099-711,Urmet,VK 1099/711,dome,4K (3840x2160 @ 25 fps),8,"1/2.8"" Starlight CMOS",,ir,IP66,,,,0
urmet-vk-1099-801,Urmet,VK 1099/801,panoramic,32MP,32,"1/1.8"" CMOS (per sensor)",,ir,IP66,IK10,,,0
verkada-cb62-usa,Verkada,CB62,bullet,4K UHD,8,"1/1.8"" CMOS",112 horizontal,color,IP66,,false,2024,0
verkada-cd22,Verkada,CD22,dome,3MP,3,"1/2.8"" progressive CMOS","97 H, 71 V, 128 D",ir,,IK08,false,,0
verkada-cd22-e,Verkada,CD22-E,dome,3MP,3,"1/2.8"" progressive CMOS","97 H, 71 V, 128 D",ir,IP67,IK10,false,,0
verkada-cd32,Verkada,CD32,dome,3MP,3,"1/2.8"" progressive CMOS","97 to 78 H, 71 to 63 V, 128 to 91 D",ir,,IK08,false,,0
verkada-cd32-e,Verkada,CD32-E,dome,3MP,3,"1/2.8"" progressive CMOS","97 to 78 H, 71 to 63 V, 128 to 91 D",ir,IP67,IK10,false,,0
verkada-cd43,Verkada,CD43,dome,5MP,5,"1/2.8"" progressive CMOS","84 H, 66 V, 99 D (after LDC)",ir,,IK08,false,,0
verkada-cd43-e,Verkada,CD43-E,dome,5MP,5,"1/2.8"" progressive CMOS","101 H, 73 V, 130 D",ir,IP66,IK10,false,,0
verkada-cd53,Verkada,CD53,dome,5MP,5,"1/2.8"" progressive CMOS",109 to 39 H,ir,,IK08,false,,0
verkada-cd53-e,Verkada,CD53-E,dome,5MP,5,"1/2.8"" progressive CMOS",109 to 39 H,ir,IP67,IK10,false,,0
verkada-cd61-usa,Verkada,CD61,dome,4K UHD,8,"1/1.8"" CMOS",360 fisheye,ir,IP42,,false,2024,0
verkada-cd63,Verkada,CD63,dome,4K,8.3,"1/1.2"" progressive CMOS",109 to 49 H,ir,,IK08,false,2024,0
verkada-cd63-e,Verkada,CD63-E,dome,4K,8.3,"1/1.2"" progressive CMOS",109 to 49 H,ir,IP67,IK10,false,2024,0
verkada-cf83-e,Verkada,CF83-E,fisheye,12MP,12.5,"1/1.6"" progressive CMOS",180 hemispheric fisheye,ir,IP67,IK10,false,,0
verkada-cm22,Verkada,CM22,dome,3MP,3,"1/2.8"" progressive CMOS",79 H x 62 V (after LDC),ir,,,false,,0
verkada-cm41-e,Verkada,CM41-E,dome,5MP,5,"1/2.8"" progressive CMOS",97 H x 71 V (78 x 63 after LDC),ir,IP67,IK10,false,,0
verkada-cm42,Verkada,CM42,dome,5MP,5,"1/2.8"" progressive CMOS",79 H x 62 V (after LDC),ir,,IK08,false,,0
verkada-cm42-s,Verkada,CM42-S,covert,5MP,5,"1/2.8"" progressive CMOS",99 H x 71 V (80 x 63 with LDC),ir,,,false,,0
verkada-cm61,Verkada,CM61,dome,4K UHD,8,"1/1.8"" CMOS",108-37 horizontal,ir,IP66,,false,2024,0
verkada-cp52-e,Verkada,CP52-E,ptz,5MP,5,"1/2.8"" progressive CMOS",55 to 2 H,ir,IP66,IK10,false,,0
verkada-cp63-e,Verkada,CP63-E,ptz,4K,8.3,"1/1.8"" progressive CMOS",64 to 2 H,ir,IP66,IK10,false,,0
vicon-v-cell-hd-c,Vicon,V-CELL-HD-C,dome,5MP,5,"1/2.8"" CMOS",H: 121; V: 93,ir,IP66,IK10,,,0
vicon-v2002b-w313mir,Vicon,V2002B-W313MIR,bullet,1080p,2,"1/2.8"" CMOS",H: 34 (tele) - 110 (wide); V: 20 (tele) - 58 (wide),ir,IP67,IK10,,,0
vicon-v2002d-w313mir,Vicon,V2002D-W313MIR,dome,1080p,2,"1/2.8"" CMOS",H: 34 (tele) - 110 (wide); V: 20 (tele) - 58 (wide),ir,IP67,IK10,,,0
vicon-v2005b-w313mir,Vicon,V2005B-W313MIR,bullet,5MP,5,"1/2.8"" CMOS",H: 32 (tele) - 96 (wide); V: 24 (tele) - 69 (wide),ir,IP67,IK10,,,0
vicon-v2005b-w818mir,Vicon,V2005B-W818MIR,bullet,5MP,5,"1/2.8"" CMOS",H: 19 (tele) - 40 (wide); V: 13 (tele) - 29 (wide),ir,IP67,IK10,,,0
vicon-v2005cnr-w24ir,Vicon,V2005CNR-W24IR,dome,5MP,5,"1/2.8"" CMOS",H: 121; V: 93,ir,IP66,IK10,,,0
vicon-v2005d-ptz,Vicon,V2005D-PTZ,ptz,5MP,5,"1/2.8"" Sony CMOS",H: 2.14 (tele) - 58.1 (wide); V: 1.2 (tele) - 33.8 (wide),ir,IP66,IK10,true,,0
vicon-v2005d-w28irm,Vicon,V2005D-W28IRM,dome,5MP,5,"1/2.8"" CMOS",,ir,IP67,IK10,,,0
vicon-v2005d-w313mir,Vicon,V2005D-W313MIR,dome,5MP,5,"1/2.8"" CMOS",H: 32 (tele) - 96 (wide); V: 24 (tele) - 69 (wide),ir,IP67,IK10,,,0
vicon-v2005d-w818mir,Vicon,V2005D-W818MIR,dome,5MP,5,"1/2.8"" CMOS",H: 17 (tele) - 40 (wide); V: 13 (tele) - 29 (wide),ir,IP67,IK10,,,0
vicon-v2008-w-nl,Vicon,V2008-W-NL,box,4K,8,"1/1.8"" CMOS",,,,,,,0
vicon-v2008-w0950-lpr,Vicon,V2008-W0950-LPR,box,4K,8,"1/1.8"" CMOS",46.1 x 26.3,ir,IP68,IK10,,,0
vicon-v2008b-w310lpr,Vicon,V2008B-W310LPR,bullet,4K,8,"1/1.8"" CMOS",H: 46 (tele) - 98 (wide); V: 26 (tele) - 54 (wide),ir,IP67,IK10,,,0
vicon-v2008b-w310mir,Vicon,V2008B-W310MIR,bullet,4K,8,"1/1.8"" CMOS",H: 46 (tele) - 98 (wide); V: 26 (tele) - 54 (wide),ir,IP67,IK10,,,0
vicon-v2008b-w818lpr,Vicon,V2008B-W818LPR,bullet,4K,8,"1/1.8"" CMOS",,ir,IP67,IK10,,,0
vicon-v2008b-w818mir,Vicon,V2008B-W818MIR,bullet,4K,8,"1/1.8"" CMOS",H: 25 (tele) - 60 (wide); V: 12 (tele) - 33 (wide),ir,IP67,IK10,,,0
vicon-v2008d-w310mir,Vicon,V2008D-W310MIR,dome,4K,8,"1/1.8"" CMOS",H: 46 (tele) - 98 (wide); V: 26 (tele) - 54 (wide),ir,IP67,IK10,,,0
vicon-v2008d-w818mir,Vicon,V2008D-W818MIR,dome,4K,8,"1/1.8"" CMOS",H: 25 (tele) - 60 (wide); V: 12 (tele) - 33 (wide),ir,IP67,IK10,,,0
vicon-v2008ptz-ir,Vicon,V2008PTZ-IR,ptz,4K,8,"1/1.8"" Sony Starvis Gen2 CMOS",H: 2.0 (tele) - 60.4 (wide); V: 1.2 (tele) - 35.9 (wide),ir,IP66,IK10,true,,0
vicon-v2020-wir-360,Vicon,V2020-WIR-360,panoramic,20MP (4x 5MP),20,"4x 1/2.8"" 5MP CMOS progressive scan Starlight",,ir,IP66,IK10,true,,0
vicon-v2032-wir-360,Vicon,V2032-WIR-360,panoramic,32MP (4x 8MP),32,"4x 1/1.8"" 8MP CMOS progressive scan Starlight",,ir,IP66,IK10,true,,0
vicon-v2105b-w313mir,Vicon,V2105B-W313MIR,bullet,5MP,5,"1/2.8"" CMOS",,ir,IP67,IK08,,,0
vicon-v2105d-w313mir,Vicon,V2105D-W313MIR,dome,5MP,5,"1/2.8"" CMOS",H: 32 (tele) - 96 (wide); V: 24 (tele) - 69 (wide),ir,IP67,IK10,,,0
vicon-v2360w-12-1,Vicon,V2360W-12-1,fisheye,12MP,12,"1/2.3"" CMOS",195 (full resolution); 360 (surround view),ir,IP67,IK10,,,0
vigi-c340,VIGI,VIGI C340,bullet,4MP,4,"1/3"" Progressive Scan CMOS","2.8mm: H 102, V 55, D 122",hybrid,IP66,,true,,0
vigi-c345,VIGI,VIGI C345,bullet,4MP,4,"1/2.7"" Progressive Scan CMOS",,hybrid,IP67,,true,,0
vigi-c355,VIGI,VIGI C355,bullet,5MP,5,"1/2.7"" Progressive Scan CMOS",,hybrid,IP67,,true,,0
vigi-c385,VIGI,VIGI C385,bullet,4K,8,"1/2.7"" Progressive Scan CMOS",,hybrid,IP67,,true,,0
vigi-c485,VIGI,VIGI C485,turret,4K,8,"1/2.7"" Progressive Scan CMOS","2.8mm: H 111.4, V 58.8, D 134 / 4mm: H 91.5, V 46.1, D 109.6",hybrid,IP67,,true,,0
vigi-c540v,VIGI,VIGI C540V,ptz,4MP,4,"1/3"" Progressive Scan CMOS","Horizontal: 84, Vertical: 46, Diagonal: 100",hybrid,IP66,,true,2024,0
vigi-insight-lpr345z,VIGI,VIGI InSight LPR345Z,bullet,4MP,4,"1/2.9"" Progressive Scan CMOS","Horizontal: 29.6-102.0, Vertical: 16.8-53.8, Diagonal: 34.1-122.8",color,IP67,IK10,true,2025,0
vigi-insight-s225,VIGI,VIGI InSight S225,dome,1080p,2,"1/3"" Progressive Scan CMOS","2.8mm: H 98.8, V 53.5, D 117 / 4mm: H 75.2, V 40.8, D 88.3",hybrid,IP67,IK10,false,2025,0
vigi-insight-s245,VIGI,VIGI InSight S245,dome,4MP,4,"1/2.7"" Progressive Scan CMOS (V1) / 1/2.65"" CMOS (V1.20)","2.8mm: H 100, V 54, D 118 / 4mm: H 80.4, V 41.8, D 98.7",hybrid,IP67,IK10,true,2025,0
vigi-insight-s245zi,VIGI,VIGI InSight S245ZI,dome,4MP,4,"1/2.9"" Progressive Scan CMOS","Horizontal: 29.6-102.0, Vertical: 16.8-53.8, Diagonal: 34.1-122.8",ir,IP67,IK10,true,2025,0
vigi-insight-s285,VIGI,VIGI InSight S285,dome,4K,8,"1/2.7"" Progressive Scan CMOS","2.8mm: H 110, V 58.1, D 133.5 / 4mm: H 88, V 46, D 105.4",hybrid,IP67,IK10,true,2025,0
vigi-insight-s345-4g,VIGI,VIGI InSight S345-4G,bullet,4MP,4,"1/2.9"" Progressive Scan CMOS","Horizontal: 86, Vertical: 43, Diagonal: 95",hybrid,IP66,,true,2025,0
vigi-insight-s345s,VIGI,VIGI InSight S345S,bullet,4MP,4,"1/1.79"" Progressive Scan CMOS","Horizontal: 95, Vertical: 51, Diagonal: 115",hybrid,IP67,,true,2025,0
vigi-insight-s345zi,VIGI,VIGI InSight S345ZI,bullet,4MP,4,"1/2.9"" Progressive Scan CMOS","Horizontal: 29.6-102.0, Vertical: 16.8-53.8, Diagonal: 34.1-122.8",ir,IP67,IK10,true,2025,0
vigi-insight-s355,VIGI,VIGI InSight S355,bullet,5MP,5,"1/2.7"" Progressive Scan CMOS (V1) / 1/2.65"" CMOS (V1.20)","2.8mm: H 111.4, V 58.8, D 134 / 4mm: H 88, V 46, D 105.4 / 6mm: H 57.3, V 31.3, D 67.2",hybrid,IP67,,true,2025,0
vigi-insight-s385,VIGI,VIGI InSight S385,bullet,4K,8,"1/2.7"" Progressive Scan CMOS","Horizontal: 91.5, Vertical: 46.1, Diagonal: 109.6",hybrid,IP67,,true,,0
vigi-insight-s385dps,VIGI,VIGI InSight S385DPS,panoramic,8MP (dual-lens stitched panorama),8,"Dual 1/1.79"" Progressive Scan CMOS","Horizontal: 180, Vertical: 51, Diagonal: 180",hybrid,IP67,IK10,true,2026,0
vigi-insight-s385pi,VIGI,VIGI InSight S385PI,panoramic,4K,8,"1/2.7"" Progressive Scan CMOS","Horizontal: 180, Vertical: 86, Diagonal: 180",ir,IP67,IK10,true,2025,0
vigi-insight-s445,VIGI,VIGI InSight S445,turret,4MP,4,"1/2.7"" Progressive Scan CMOS","2.8mm: H 100, V 54, D 118 / 4mm: H 80.4, V 41.8, D 98.7",hybrid,IP67,,true,2025,0
vigi-insight-s445s,VIGI,VIGI InSight S445S,turret,4MP,4,"1/1.79"" Progressive Scan CMOS","Horizontal: 112.5, Vertical: 61.4, Diagonal: 137",hybrid,IP67,,true,2025,0
vigi-insight-s445zi,VIGI,VIGI InSight S445ZI,turret,4MP,4,"1/2.9"" Progressive Scan CMOS","Horizontal: 29.6-102.0, Vertical: 16.8-53.8, Diagonal: 34.1-122.8",ir,IP67,IK10,true,2025,0
vigi-insight-s455,VIGI,VIGI InSight S455,turret,5MP,5,"1/2.7"" Progressive Scan CMOS (V1) / 1/2.65"" CMOS (V1.20)","2.8mm: H 111.4, V 58.8, D 134 / 4mm: H 88, V 46, D 105.4",hybrid,IP67,,true,2025,0
vigi-insight-s485,VIGI,VIGI InSight S485,turret,4K,8,"1/2.7"" Progressive Scan CMOS","Horizontal: 111.4, Vertical: 58.8, Diagonal: 134",hybrid,IP67,,true,,0
vigi-insight-s485pi,VIGI,VIGI InSight S485PI,panoramic,4K,8,"1/2.7"" Progressive Scan CMOS","Horizontal: 180, Vertical: 86, Diagonal: 180",ir,IP67,IK10,true,2025,0
vigi-insight-s655i,VIGI,VIGI InSight S655I,fisheye,5MP,5,"1/2.7"" Progressive Scan CMOS","Horizontal: 180, Vertical: 180, Diagonal: 180",ir,IP67,IK10,true,,0
vivotek-cc9381-hv,Vivotek,CC9381-HV,panoramic,5MP,5,"1/2.7"" Progressive Scan CMOS",180 diagonal,ir,IP66,,false,,0
vivotek-fd816c-hf2,Vivotek,FD816C-HF2,dome,1080p HD,2,,110h,ir,IP41,IK10,false,2018,0
vivotek-fd9167-ht-v2,Vivotek,FD9167-HT-v2,dome,1080p,2,"1/2.7"" Progressive Scan CMOS",113 horizontal (2.8mm),ir,IP30,,false,,0
vivotek-fd9389-ehv-v2,Vivotek,FD9389-EHV-v2,dome,5MP,5,"1/2.7"" Progressive Scan CMOS",105 horizontal,ir,IP66,IK10,false,,0
vivotek-fd9391-ehtv,Vivotek,FD9391-EHTV,dome,4K,8,"1/2"" Progressive CMOS",119-45 horizontal,ir,IP67,IK10,true,,0
vivotek-fe9382-ehv-v2,Vivotek,FE9382-EHV-V2,fisheye,6MP,6,"1/1.8"" Progressive CMOS","180 horizontal, 180 vertical, 180 diagonal (360 fisheye)",ir,IP66,IK10,true,,0
vivotek-fe9391-ev,Vivotek,FE9391-EV,fisheye,12MP,12,"1/2.7"" Progressive Scan CMOS",360,ir,IP67,IK10,false,,0
vivotek-ib9383-htv,Vivotek,IB9383-HTV,bullet,5MP,5,"1/2.8"" Progressive CMOS",95.4-28.7 horizontal,ir,IP66,IK10,false,2024,0
vivotek-ib9387-eht-v2,Vivotek,IB9387-EHT-v2,bullet,5MP,5,"1/2.7"" Progressive Scan CMOS",105-31 horizontal,ir,IP67,IK10,false,,0
vivotek-ib9388-ht,Vivotek,IB9388-HT-v2,bullet,5MP,5,,110h,ir,IP66,,false,2022,0
vivotek-ib9389-eht-v2,Vivotek,IB9389-EHT-v2,bullet,5MP,5,"1/2.7"" Progressive Scan CMOS",105 horizontal (2.8mm),ir,IP67,IK10,false,,0
vivotek-ib9389-ehtv-v3,Vivotek,IB9389-EHTV-V3,bullet,5MP,5,"1/2.8"" Progressive CMOS",95.4-28.7 horizontal,ir,IP67,IK10,true,,0
vivotek-ib9391-eht,Vivotek,IB9391-EHT,bullet,4K,8,"1/2"" Progressive CMOS",95-45 horizontal,ir,IP66/IP67,IK10,true,,0
vivotek-ib9399-h,Vivotek,IB9399-H,bullet,4K UHD,8,,107h,ir,IP67,,false,2022,0
vivotek-ip9191-hp,Vivotek,IP9191-HP,box,4K,8,"1/2"" Progressive CMOS",45-119 horizontal,none,,,true,,0
vivotek-ms9321-ehv-v2,Vivotek,MS9321-EHV-V2,panoramic,18MP,18,"1/2.8"" Progressive CMOS (4 x 5MP sensors)",180 horizontal,ir,IP66,IK10,true,,0
vivotek-ms9390-hv,Vivotek,MS9390-HV,panoramic,8MP 180deg,8,"Dual 1/2.7"" Progressive Scan CMOS",180 horizontal / 68 vertical,ir,IP66,,false,,0
vivotek-sd9366-ehl,Vivotek,SD9366-EHL,ptz,1080p,2,"1/3"" Progressive CMOS",2.3-64 horizontal,ir,IP66,IK10,true,,0
vivotek-sd9384-ehl,Vivotek,SD9384-EHL,ptz,5MP,5,"1/2.5"" CMOS",59-1.9 horizontal,ir,IP66,,true,,0
wyze-battery-cam-pro,Wyze,Battery Cam Pro,bullet,2K QHD,4,"1/2.9"" CMOS",130 diagonal,color,IP65,,true,2024,0
wyze-cam-floodlight-pro,Wyze,Cam Floodlight Pro,bullet,2.5K QHD,4,CMOS,180 diagonal,color,IP55,,true,2023,0
wyze-cam-og,Wyze,Cam OG,box,1080p,2,"1/2.9"" CMOS",130 diagonal,hybrid,IP65,,true,2023,0
wyze-cam-og-telephoto,Wyze,Cam OG Telephoto,box,1080p,2,"1/2.9"" CMOS",44 diagonal,hybrid,IP65,,true,2023,0
wyze-cam-outdoor-v2,Wyze,Cam Outdoor v2,bullet,1080p,2,CMOS,110 diagonal,ir,IP65,,true,2022,0
wyze-cam-pan-v2,Wyze,Cam Pan v2,ptz,1080p,2,"1/2.9"" CMOS",360 pan / 93 tilt,color,IP65,,true,2022,0
wyze-cam-pan-v3,Wyze,Cam Pan v3,ptz,1080p,2,CMOS,360 pan / 170 tilt,color,IP65,,true,2022,0
wyze-cam-v2,Wyze,Cam v2,box,1080p,2,"1/2.9"" CMOS",110 diagonal,ir,,,true,2018,0
wyze-cam-v3,Wyze,Cam v3,box,1080p,2,"1/2.9"" CMOS",130 diagonal,color,IP65,,true,2020,0
wyze-cam-v3-pro,Wyze,Cam v3 Pro,box,2K QHD,4,"1/2.7"" CMOS",122 diagonal,color,IP65,,true,2022,0
wyze-cam-v4,Wyze,Cam v4,box,2.5K QHD,4,"1/2.7"" CMOS (upgraded vs v3)",118 diagonal,color,IP65,,true,2024,0
wyze-floodlight-cam-v2,Wyze,Floodlight Cam v2,bullet,3MP,3,CMOS,160 diagonal,color,IP65,,true,2023,0
wyze-video-doorbell-pro,Wyze,Video Doorbell Pro,doorbell,1080p,2,,160 diagonal,color,IP44,,true,2022,0
wyze-video-doorbell-v2,Wyze,Video Doorbell v2,doorbell,3MP,3,,150 diagonal,color,IP65,,true,2024,0
xiaomi-aw300,Xiaomi,Outdoor Camera AW300,bullet,2K (1296p),3,,101.7,hybrid,IP66,,true,,0
xiaomi-bw300,Xiaomi,Outdoor Camera BW300,bullet,2K (1296p),3,,130 D,hybrid,IP67,,,,0
xiaomi-bw400-pro,Xiaomi,Solar Outdoor Camera BW400 Pro Set,bullet,2.5K,4,,132,hybrid,,,,,0
xiaomi-bw500,Xiaomi,Outdoor Camera BW500,bullet,2.5K (1440p),4,,136 (lens angle),hybrid,IP67,,,,0
xiaomi-c100,Xiaomi,Smart Camera C100,bullet,2K (1296p),3,,,color,,,true,,0
xiaomi-c200,Xiaomi,Smart Camera C200,ptz,1080p Full HD,2,,pan 360 (horizontal),ir,,,true,,0
xiaomi-c201,Xiaomi,Smart Camera C201,ptz,1080p Full HD,2,,,hybrid,,,,,0
xiaomi-c300,Xiaomi,Smart Camera C300,ptz,2K (1296p),3,,"pan 360 (horizontal), tilt 108 (vertical)",hybrid,,,,,0
xiaomi-c300-dual,Xiaomi,Smart Camera C300 Dual,dual-lens,2K (1296p),3,,,hybrid,,,,,0
xiaomi-c301,Xiaomi,Smart Camera C301,ptz,2K (1296p),3,,,hybrid,,,true,,0
xiaomi-c302,Xiaomi,Smart Camera C302,ptz,2K (1296p),3,,,hybrid,,,true,,0
xiaomi-c400,Xiaomi,Smart Camera C400,ptz,2.5K (1440p),4,,pan 360 (horizontal),ir,,,,,0
xiaomi-c500,Xiaomi,Smart Camera C500,ptz,3.5K UHD,6,"1/2.45"" BSI CMOS","pan 360 (horizontal), tilt 116 (vertical)",hybrid,,,true,2025,0
xiaomi-c500-dual,Xiaomi,Smart Camera C500 Dual,dual-lens,2.5K (1440p) per camera,4,,58 H (telephoto camera),hybrid,,,,,0
xiaomi-c500-pro,Xiaomi,Smart Camera C500 Pro,ptz,3K,5,,"pan 360 (horizontal), tilt 114 (vertical)",hybrid,,,true,,0
xiaomi-c700,Xiaomi,Smart Camera C700,ptz,4K UHD,8,,,hybrid,,,true,,0
xiaomi-c701,Xiaomi,Smart Camera C701,ptz,4K UHD,8,,"pan 360 (horizontal), tilt 109 (vertical)",hybrid,,,true,2025,0
xiaomi-c701-pro,Xiaomi,Smart Camera C701 Pro,dual-lens,4K UHD,8,,"127 (ultra-wide lens); pan 360 (horizontal), tilt 180 (vertical)",hybrid,,,true,2026,0
xiaomi-cw300,Xiaomi,Outdoor Camera CW300,ptz,2.5K (1440p),4,,,hybrid,IP66,,true,,0
xiaomi-cw400,Xiaomi,Outdoor Camera CW400,ptz,2.5K (1440p),4,,113 (lens angle),hybrid,IP66,,true,,0
xiaomi-cw500-dual,Xiaomi,Outdoor Camera CW500 Dual,dual-lens,2.5K (1440p) per camera,4,,,hybrid,IP66,,,,0
xiaomi-mi-360-2k,Xiaomi,Mi 360° Home Security Camera 2K,ptz,2K (1296p),3,,110 (lens angle),hybrid,,,,,0
xiaomi-mi-360-2k-pro,Xiaomi,Mi 360° Home Security Camera 2K Pro,ptz,2K (1296p),3,,110 (lens angle),hybrid,,,,,0
xiaomi-mi-360-camera-1080p,Xiaomi,Mi 360° Camera (1080p),ptz,1080p Full HD,2,,110 (angle of view),ir,,,,,0
xiaomi-mi-camera-2k-magnetic-mount,Xiaomi,Mi Camera 2K (Magnetic Mount),bullet,2K (1296p),3,,125 (lens angle),ir,,,,,0
xiaomi-mi-home-360-1080p,Xiaomi,Mi Home Security Camera 360° 1080P,ptz,1080p Full HD,2,,"110 (lens angle); pan 360 (horizontal), tilt 96 (vertical)",hybrid,,,true,,0
yale-smart-home-cctv-dome-camera,Yale,Smart Home CCTV Dome Camera,dome,Full HD 1080p,2,,,ir,,,,,0
yale-sv-abfx-w,Yale,SV-ABFX-W,bullet,1080p HD,2,,110 horizontal,ir,IP65,,true,2022,0
yale-sv-dafx-w,Yale,SV-DAFX-W,bullet,1080p HD,2,,110 horizontal,ir,IP65,,true,2020,0
yale-sv-dbc-b,Yale,Smart Video Doorbell Colour,doorbell,1080p HD,2,,150h,color,IP55,,true,2022,0
yale-sv-dpfx-w,Yale,SV-DPFX-W,ptz,1080p HD,2,,360 pan / 95 tilt,color,IP20,,true,2022,0
yale-sv-floodlight,Yale,Smart Floodlight Camera 2K,bullet,2K QHD,4,,130h,color,IP44,,true,2023,0
yale-sv-outdoor-2k,Yale,Outdoor Camera 2K,bullet,2K QHD,4,,130h,color,IP66,,true,2023,0
yale-wipc-301w,Yale,WIPC-301W,box,720p HD,1,,,ir,,,true,,0
yale-wipc-303w,Yale,WIPC-303W,ptz,720p HD,1,,93 horizontal,ir,IP20,,true,2019,0
zkteco-zk-sir212,ZKTeco,ZK-SIR212,bullet,420TVL,0.4,"1/4"" SONY Super HAD CCD",,ir,IP66,,,,0
zkteco-zk-sir222,ZKTeco,ZK-SIR222,bullet,420TVL,0.4,"1/3"" SONY Super HAD CCD",,ir,IP66,,,,0
zkteco-zk-sir223,ZKTeco,ZK-SIR223,bullet,420TVL,0.4,"1/3"" SONY Super HAD CCD",,ir,IP66,,,,0
zkteco-zk-sir225,ZKTeco,ZK-SIR225,bullet,420TVL,0.4,"1/3"" SONY Super HAD CCD",,ir,,,,,0
zkteco-zk-sir228,ZKTeco,ZK-SIR228,bullet,420TVL,0.4,"1/3"" SONY Super HAD CCD",,ir,IP66,,,,0
zkteco-zk-sir283,ZKTeco,ZK-SIR283,bullet,700TVL,0.6,"1/3"" SONY Super Effio-E CCD",,ir,IP66,,,,0
zkteco-zk-sir283f,ZKTeco,ZK-SIR283F,bullet,600TVL,0.4,"1/3"" SONY Super HAD",,ir,,,,,0
zkteco-zk-sir285,ZKTeco,ZK-SIR285,bullet,700TVL,0.6,"1/3"" SONY Super Effio-E CCD",,ir,,,,,0
zkteco-zk-sir288,ZKTeco,ZK-SIR288,bullet,700TVL,0.6,"1/3"" SONY Super Effio-E CCD",,ir,IP66,,,,0
zkteco-zk-sir293,ZKTeco,ZK-SIR293,bullet,600TVL,0.35,"1/3"" DIS",,ir,IP66,,,,0
zkteco-zk-sir295,ZKTeco,ZK-SIR295,bullet,600TVL,0.35,"1/3"" DIS",,ir,,,,,0
zkteco-zk-sir298,ZKTeco,ZK-SIR298,bullet,600TVL,0.35,"1/3"" DIS",,ir,IP66,,,,0
zkteco-zk-smd212,ZKTeco,ZK-SMD212,dome,420TVL,0.4,"1/4"" SONY Super HAD CCD",,ir,,,,,0
zkteco-zk-smd222,ZKTeco,ZK-SMD222,dome,420TVL,0.4,"1/3"" SONY Super HAD CCD",,ir,,,,,0
zkteco-zk-smd282,ZKTeco,ZK-SMD282,dome,700TVL,0.6,"1/3"" SONY Super Effio-E CCD",,ir,,,,,0
zkteco-zk-ssd320,ZKTeco,ZK-SSD320,ptz,600TVL,0.47,"1/4"" Exview HAD CCD",,none,IP66,,,,0
zkteco-zk-ssd328,ZKTeco,ZK-SSD328,ptz,600TVL,0.47,"1/4"" Exview HAD CCD",,ir,IP66,,,,0
zkteco-zk-ssd330,ZKTeco,ZK-SSD330,ptz,480TVL,0.47,"1/4"" Exview CCD",,none,IP66,,,,0
zkteco-zk-ssd338,ZKTeco,ZK-SSD338,ptz,480TVL,0.47,"1/4"" Exview CCD",,ir,IP66,,,,0
zkteco-zk-ssd420,ZKTeco,ZK-SSD420,ptz,650TVL,0.6,"1/3"" SONY Exview HAD CCD",,none,IP66,,,,0
zkteco-zk-ssd422,ZKTeco,ZK-SSD422,ptz,650TVL,0.6,"1/3"" SONY Exview HAD CCD",,ir,,,,,0
zkteco-zkip350,ZKTeco,ZKIP350,box,720p,1,"1/3.2"" megapixel progressive CMOS",,,,,true,,0
zkteco-zkip370,ZKTeco,ZKIP370,box,720p,1,"1/3"" megapixel WDR progressive CMOS",,,,,true,,0
zkteco-zkip472,ZKTeco,ZKIP472,box,720p,1,"1/3"" megapixel WDR progressive CMOS",,ir,,,true,,0
zkteco-zkir352,ZKTeco,ZKIR352,bullet,720p,1,"1/3.2"" megapixel progressive CMOS",,ir,IP66,,true,,0
zkteco-zkir353,ZKTeco,ZKIR353,bullet,720p,1,"1/3.2"" megapixel progressive CMOS",,ir,IP66,,true,,0
zkteco-zkir372,ZKTeco,ZKIR372,bullet,720p,1,"1/3"" megapixel WDR progressive CMOS",,ir,IP66,,true,,0
zkteco-zkir373,ZKTeco,ZKIR373,bullet,720p,1,"1/3"" megapixel WDR progressive CMOS",,ir,IP66,,true,,0
zkteco-zkmd352,ZKTeco,ZKMD352,dome,720p,1,"1/3.2"" megapixel progressive CMOS",,ir,IP66,,true,,0
zkteco-zkmd372,ZKTeco,ZKMD372,dome,720p,1,"1/3"" megapixel WDR progressive CMOS",,ir,IP66,,true,,0
zkteco-zkmd450,ZKTeco,ZKMD450,dome,720p,1,"1/3.2"" megapixel progressive CMOS",,,,,false,,0
zkteco-zkmd470,ZKTeco,ZKMD470,dome,720p,1,"1/3"" megapixel WDR progressive CMOS",,,,,false,,0
zkteco-zksd330,ZKTeco,ZKSD330,ptz,480 TVL,0.4,"1/4"" Sony CCD",48 to 2.8 horizontal,,IP66,,true,,0
zkteco-zksd420,ZKTeco,ZKSD420,ptz,650TVL,0.4,"1/3"" Super HAD CCD",,none,IP65,,,,0
zkteco-zksd422,ZKTeco,ZKSD422,ptz,650TVL,0.4,"1/3"" Super HAD CCD",,ir,IP65,,,,0
